2009-01-05 00:00:00,554596.0
2009-01-06 00:00:00,703786.0
2009-01-07 00:00:00,683406.0
2009-01-08 00:00:00,373728.0
2009-01-09 00:00:00,492862.0
2009-01-12 00:00:00,440436.0
2009-01-13 00:00:00,95980.0
2009-01-14 00:00:00,438644.0
2009-01-15 00:00:00,242152.0
2009-01-16 00:00:00,202590.0
2009-01-19 00:00:00,279744.0
2009-01-20 00:00:00,234804.0
2009-01-21 00:00:00,221260.0
2009-01-22 00:00:00,155148.0
2009-01-23 00:00:00,91874.0
2009-02-02 00:00:00,118418.0
2009-02-03 00:00:00,365806.0
2009-02-04 00:00:00,315014.0
2009-02-05 00:00:00,447410.0
2009-02-06 00:00:00,435298.0
2009-02-09 00:00:00,597296.0
2009-02-10 00:00:00,532352.0
2009-02-11 00:00:00,652152.0
2009-02-12 00:00:00,497032.0
2009-02-13 00:00:00,359226.0
2009-02-16 00:00:00,351354.0
2009-02-17 00:00:00,303996.0
2009-02-18 00:00:00,86500.0
2009-02-19 00:00:00,397086.0
2009-02-20 00:00:00,312056.0
2009-02-23 00:00:00,378646.0
2009-02-24 00:00:00,552066.0
2009-02-25 00:00:00,444728.0
2009-02-26 00:00:00,411436.0
2009-02-27 00:00:00,484518.0
2009-03-02 00:00:00,351822.0
2009-03-03 00:00:00,286656.0
2009-03-04 00:00:00,247382.0
2009-03-05 00:00:00,344068.0
2009-03-06 00:00:00,278792.0
2009-03-09 00:00:00,463778.0
2009-03-10 00:00:00,504734.0
2009-03-11 00:00:00,355078.0
2009-03-12 00:00:00,361670.0
2009-03-13 00:00:00,342330.0
2009-03-16 00:00:00,273216.0
2009-03-17 00:00:00,359724.0
2009-03-18 00:00:00,343664.0
2009-03-19 00:00:00,636930.0
2009-03-20 00:00:00,789122.0
2009-03-23 00:00:00,1158280.0
2009-03-24 00:00:00,719824.0
2009-03-25 00:00:00,607796.0
2009-03-26 00:00:00,671894.0
2009-03-27 00:00:00,759334.0
2009-03-30 00:00:00,466118.0
2009-03-31 00:00:00,600196.0
2009-04-01 00:00:00,710084.0
2009-04-02 00:00:00,607454.0
2009-04-03 00:00:00,652980.0
2009-04-07 00:00:00,817594.0
2009-04-08 00:00:00,806514.0
2009-04-09 00:00:00,638356.0
2009-04-10 00:00:00,728526.0
2009-04-13 00:00:00,1204506.0
2009-04-14 00:00:00,994930.0
2009-04-15 00:00:00,890022.0
2009-04-16 00:00:00,930092.0
2009-04-17 00:00:00,1020354.0
2009-04-20 00:00:00,987880.0
2009-04-21 00:00:00,826284.0
2009-04-22 00:00:00,853960.0
2009-04-23 00:00:00,864290.0
2009-04-24 00:00:00,1008378.0
2009-04-27 00:00:00,774448.0
2009-04-28 00:00:00,724770.0
2009-04-29 00:00:00,616266.0
2009-04-30 00:00:00,786236.0
2009-05-04 00:00:00,21548.0
2009-05-05 00:00:00,1119854.0
2009-05-06 00:00:00,1189662.0
2009-05-07 00:00:00,1407172.0
2009-05-08 00:00:00,1349802.0
2009-05-11 00:00:00,1540208.0
2009-05-12 00:00:00,1457170.0
2009-05-13 00:00:00,1436446.0
2009-05-14 00:00:00,1208902.0
2009-05-15 00:00:00,1292416.0
2009-05-18 00:00:00,837882.0
2009-05-19 00:00:00,1089142.0
2009-05-20 00:00:00,1205518.0
2009-05-21 00:00:00,1152412.0
2009-05-22 00:00:00,1137870.0
2009-05-25 00:00:00,1000944.0
2009-05-26 00:00:00,854590.0
2009-05-27 00:00:00,701096.0
2009-06-01 00:00:00,966832.0
2009-06-02 00:00:00,1388772.0
2009-06-03 00:00:00,807808.0
2009-06-04 00:00:00,668132.0
2009-06-05 00:00:00,685864.0
2009-06-08 00:00:00,614774.0
2009-06-09 00:00:00,820792.0
2009-06-10 00:00:00,839796.0
2009-06-11 00:00:00,773882.0
2009-06-12 00:00:00,773488.0
2009-06-15 00:00:00,901832.0
2009-06-16 00:00:00,1179354.0
2009-06-17 00:00:00,875140.0
2009-06-18 00:00:00,1003828.0
2009-06-19 00:00:00,670446.0
2009-06-22 00:00:00,554394.0
2009-06-23 00:00:00,996890.0
2009-06-24 00:00:00,805320.0
2009-06-25 00:00:00,979400.0
2009-06-26 00:00:00,858404.0
2009-06-29 00:00:00,795454.0
2009-06-30 00:00:00,753846.0
2009-07-01 00:00:00,950250.0
2009-07-02 00:00:00,1049888.0
2009-07-03 00:00:00,1366868.0
2009-07-06 00:00:00,1057152.0
2009-07-07 00:00:00,934938.0
2009-07-08 00:00:00,940106.0
2009-07-09 00:00:00,712200.0
2009-07-10 00:00:00,1416836.0
2009-07-13 00:00:00,908318.0
2009-07-14 00:00:00,740414.0
2009-07-15 00:00:00,884304.0
2009-07-16 00:00:00,996670.0
2009-07-17 00:00:00,718798.0
2009-07-20 00:00:00,703222.0
2009-07-21 00:00:00,841348.0
2009-07-22 00:00:00,870958.0
2009-07-23 00:00:00,670016.0
2009-07-24 00:00:00,617004.0
2009-07-27 00:00:00,576466.0
2009-07-28 00:00:00,875800.0
2009-07-29 00:00:00,936128.0
2009-07-30 00:00:00,695768.0
2009-07-31 00:00:00,1002204.0
2009-08-03 00:00:00,1032246.0
2009-08-04 00:00:00,940088.0
2009-08-05 00:00:00,1048228.0
2009-08-06 00:00:00,1009300.0
2009-08-07 00:00:00,1005042.0
2009-08-10 00:00:00,1018246.0
2009-08-11 00:00:00,960782.0
2009-08-12 00:00:00,1304424.0
2009-08-13 00:00:00,1287406.0
2009-08-14 00:00:00,951922.0
2009-08-17 00:00:00,1299106.0
2009-08-18 00:00:00,859062.0
2009-08-19 00:00:00,1373556.0
2009-08-20 00:00:00,940626.0
2009-08-21 00:00:00,859968.0
2009-08-24 00:00:00,890654.0
2009-08-25 00:00:00,705854.0
2009-08-26 00:00:00,794358.0
2009-08-27 00:00:00,681290.0
2009-08-28 00:00:00,674232.0
2009-08-31 00:00:00,892674.0
2009-09-01 00:00:00,691996.0
2009-09-02 00:00:00,774174.0
2009-09-03 00:00:00,764978.0
2009-09-04 00:00:00,912020.0
2009-09-07 00:00:00,800042.0
2009-09-08 00:00:00,682882.0
2009-09-09 00:00:00,565342.0
2009-09-10 00:00:00,620980.0
2009-09-11 00:00:00,594822.0
2009-09-14 00:00:00,555556.0
2009-09-15 00:00:00,355834.0
2009-09-16 00:00:00,489954.0
2009-09-17 00:00:00,454178.0
2009-09-18 00:00:00,680438.0
2009-09-21 00:00:00,466018.0
2009-09-22 00:00:00,480788.0
2009-09-23 00:00:00,439576.0
2009-09-24 00:00:00,576632.0
2009-09-25 00:00:00,401650.0
2009-09-28 00:00:00,539248.0
2009-09-29 00:00:00,494554.0
2009-09-30 00:00:00,306204.0
2009-10-09 00:00:00,280180.0
2009-10-12 00:00:00,516870.0
2009-10-13 00:00:00,662460.0
2009-10-14 00:00:00,609962.0
2009-10-15 00:00:00,491920.0
2009-10-16 00:00:00,1062922.0
2009-10-19 00:00:00,774862.0
2009-10-20 00:00:00,653056.0
2009-10-21 00:00:00,698134.0
2009-10-22 00:00:00,743226.0
2009-10-23 00:00:00,1212792.0
2009-10-26 00:00:00,963646.0
2009-10-27 00:00:00,705084.0
2009-10-28 00:00:00,970148.0
2009-10-29 00:00:00,644110.0
2009-10-30 00:00:00,703328.0
2009-11-02 00:00:00,749518.0
2009-11-03 00:00:00,770732.0
2009-11-04 00:00:00,521082.0
2009-11-05 00:00:00,488862.0
2009-11-06 00:00:00,514664.0
2009-11-09 00:00:00,550996.0
2009-11-10 00:00:00,713702.0
2009-11-11 00:00:00,982038.0
2009-11-12 00:00:00,782874.0
2009-11-13 00:00:00,650478.0
2009-11-16 00:00:00,893774.0
2009-11-17 00:00:00,879576.0
2009-11-18 00:00:00,1442598.0
2009-11-19 00:00:00,1403512.0
2009-11-20 00:00:00,863180.0
2009-11-23 00:00:00,957852.0
2009-11-24 00:00:00,1219812.0
2009-11-25 00:00:00,1232204.0
2009-11-26 00:00:00,1315980.0
2009-11-27 00:00:00,1254102.0
2009-11-30 00:00:00,1076820.0
2009-12-01 00:00:00,761378.0
2009-12-02 00:00:00,1017642.0
2009-12-03 00:00:00,927986.0
2009-12-04 00:00:00,1632236.0
2009-12-07 00:00:00,1777866.0
2009-12-08 00:00:00,1446686.0
2009-12-09 00:00:00,1406454.0
2009-12-10 00:00:00,1426520.0
2009-12-11 00:00:00,1054026.0
2009-12-14 00:00:00,1368398.0
2009-12-15 00:00:00,1062750.0
2009-12-16 00:00:00,1113618.0
2009-12-17 00:00:00,1341344.0
2009-12-18 00:00:00,924728.0
2009-12-21 00:00:00,951620.0
2009-12-22 00:00:00,820028.0
2009-12-23 00:00:00,1005440.0
2009-12-24 00:00:00,877306.0
2009-12-25 00:00:00,676856.0
2009-12-28 00:00:00,848130.0
2009-12-29 00:00:00,719672.0
2009-12-30 00:00:00,639922.0
2009-12-31 00:00:00,936700.0
2010-01-04 00:00:00,948980.0
2010-01-05 00:00:00,806220.0
2010-01-06 00:00:00,1042210.0
2010-01-07 00:00:00,1495898.0
2010-01-08 00:00:00,1170604.0
2010-01-11 00:00:00,726994.0
2010-01-12 00:00:00,706256.0
2010-01-13 00:00:00,769806.0
2010-01-14 00:00:00,780710.0
2010-01-15 00:00:00,822910.0
2010-01-18 00:00:00,785648.0
2010-01-19 00:00:00,653904.0
2010-01-20 00:00:00,885038.0
2010-01-21 00:00:00,953588.0
2010-01-22 00:00:00,1170766.0
2010-01-25 00:00:00,898768.0
2010-01-26 00:00:00,807704.0
2010-01-27 00:00:00,935116.0
2010-01-28 00:00:00,870904.0
2010-01-29 00:00:00,726664.0
2010-02-01 00:00:00,665362.0
2010-02-02 00:00:00,571172.0
2010-02-03 00:00:00,602988.0
2010-02-04 00:00:00,531730.0
2010-02-05 00:00:00,663138.0
2010-02-08 00:00:00,415212.0
2010-02-09 00:00:00,339186.0
2010-02-10 00:00:00,405618.0
2010-02-11 00:00:00,334222.0
2010-02-12 00:00:00,219332.0
2010-02-22 00:00:00,414294.0
2010-02-23 00:00:00,473442.0
2010-02-24 00:00:00,306840.0
2010-02-25 00:00:00,491730.0
2010-02-26 00:00:00,318416.0
2010-03-01 00:00:00,449054.0
2010-03-02 00:00:00,462100.0
2010-03-03 00:00:00,447404.0
2010-03-04 00:00:00,437648.0
2010-03-05 00:00:00,486934.0
2010-03-08 00:00:00,477702.0
2010-03-09 00:00:00,607268.0
2010-03-10 00:00:00,536182.0
2010-03-11 00:00:00,730916.0
2010-03-12 00:00:00,437844.0
2010-03-15 00:00:00,432672.0
2010-03-16 00:00:00,445832.0
2010-03-17 00:00:00,367552.0
2010-03-18 00:00:00,447640.0
2010-03-19 00:00:00,307016.0
2010-03-22 00:00:00,381148.0
2010-03-23 00:00:00,366134.0
2010-03-24 00:00:00,388232.0
2010-03-25 00:00:00,525150.0
2010-03-26 00:00:00,340790.0
2010-03-29 00:00:00,250110.0
2010-03-30 00:00:00,1032924.0
2010-03-31 00:00:00,1035316.0
2010-04-01 00:00:00,502752.0
2010-04-02 00:00:00,288368.0
2010-04-06 00:00:00,367408.0
2010-04-07 00:00:00,924810.0
2010-04-08 00:00:00,587366.0
2010-04-09 00:00:00,582314.0
2010-04-12 00:00:00,458540.0
2010-04-13 00:00:00,486320.0
2010-04-14 00:00:00,482362.0
2010-04-15 00:00:00,333058.0
2010-04-16 00:00:00,458764.0
2010-04-19 00:00:00,497430.0
2010-04-20 00:00:00,451974.0
2010-04-21 00:00:00,470220.0
2010-04-22 00:00:00,406660.0
2010-04-23 00:00:00,908462.0
2010-04-26 00:00:00,586444.0
2010-04-27 00:00:00,692656.0
2010-04-28 00:00:00,621716.0
2010-04-29 00:00:00,489874.0
2010-04-30 00:00:00,492766.0
2010-05-04 00:00:00,331978.0
2010-05-05 00:00:00,522922.0
2010-05-06 00:00:00,665164.0
2010-05-07 00:00:00,707054.0
2010-05-10 00:00:00,439384.0
2010-05-11 00:00:00,511716.0
2010-05-12 00:00:00,554158.0
2010-05-13 00:00:00,540820.0
2010-05-14 00:00:00,393554.0
2010-05-17 00:00:00,840752.0
2010-05-18 00:00:00,531116.0
2010-05-19 00:00:00,384844.0
2010-05-20 00:00:00,405932.0
2010-05-21 00:00:00,441092.0
2010-05-24 00:00:00,421750.0
2010-05-25 00:00:00,387140.0
2010-05-26 00:00:00,371834.0
2010-05-27 00:00:00,329056.0
2010-05-28 00:00:00,269706.0
2010-05-31 00:00:00,272250.0
2010-06-01 00:00:00,529132.0
2010-06-02 00:00:00,443030.0
2010-06-03 00:00:00,429392.0
2010-06-04 00:00:00,553302.0
2010-06-07 00:00:00,612956.0
2010-06-08 00:00:00,305332.0
2010-06-09 00:00:00,537180.0
2010-06-10 00:00:00,296628.0
2010-06-11 00:00:00,189242.0
2010-06-17 00:00:00,246948.0
2010-06-18 00:00:00,275490.0
2010-06-21 00:00:00,453030.0
2010-06-22 00:00:00,191078.0
2010-06-23 00:00:00,263952.0
2010-06-24 00:00:00,205942.0
2010-06-25 00:00:00,205664.0
2010-06-28 00:00:00,204402.0
2010-06-29 00:00:00,316340.0
2010-06-30 00:00:00,245262.0
2010-07-01 00:00:00,253098.0
2010-07-02 00:00:00,289440.0
2010-07-05 00:00:00,185500.0
2010-07-06 00:00:00,339040.0
2010-07-07 00:00:00,239060.0
2010-07-08 00:00:00,251990.0
2010-07-09 00:00:00,227792.0
2010-07-12 00:00:00,231630.0
2010-07-13 00:00:00,307826.0
2010-07-14 00:00:00,192978.0
2010-07-15 00:00:00,191812.0
2010-07-16 00:00:00,312128.0
2010-07-19 00:00:00,184106.0
2010-07-20 00:00:00,277156.0
2010-07-21 00:00:00,249910.0
2010-07-22 00:00:00,324416.0
2010-07-23 00:00:00,276838.0
2010-07-26 00:00:00,382148.0
2010-07-27 00:00:00,316374.0
2010-07-28 00:00:00,221852.0
2010-07-29 00:00:00,397794.0
2010-07-30 00:00:00,309118.0
2010-08-02 00:00:00,482606.0
2010-08-03 00:00:00,547844.0
2010-08-04 00:00:00,805874.0
2010-08-05 00:00:00,854808.0
2010-08-06 00:00:00,1128756.0
2010-08-09 00:00:00,1800474.0
2010-08-10 00:00:00,2172526.0
2010-08-11 00:00:00,2151590.0
2010-08-12 00:00:00,1614580.0
2010-08-13 00:00:00,2177476.0
2010-08-16 00:00:00,1439752.0
2010-08-17 00:00:00,1205050.0
2010-08-18 00:00:00,1590194.0
2010-08-19 00:00:00,1456044.0
2010-08-20 00:00:00,1269652.0
2010-08-23 00:00:00,1285604.0
2010-08-24 00:00:00,1341704.0
2010-08-25 00:00:00,1266940.0
2010-08-26 00:00:00,1013382.0
2010-08-27 00:00:00,1196838.0
2010-08-30 00:00:00,917544.0
2010-08-31 00:00:00,998170.0
2010-09-01 00:00:00,990476.0
2010-09-02 00:00:00,1044002.0
2010-09-03 00:00:00,1407214.0
2010-09-06 00:00:00,786832.0
2010-09-07 00:00:00,1126712.0
2010-09-08 00:00:00,745996.0
2010-09-09 00:00:00,1448430.0
2010-09-10 00:00:00,828152.0
2010-09-13 00:00:00,660208.0
2010-09-14 00:00:00,877152.0
2010-09-15 00:00:00,785654.0
2010-09-16 00:00:00,786322.0
2010-09-17 00:00:00,631328.0
2010-09-20 00:00:00,1161880.0
2010-09-21 00:00:00,668236.0
2010-09-27 00:00:00,819998.0
2010-09-28 00:00:00,797052.0
2010-09-29 00:00:00,938478.0
2010-09-30 00:00:00,652360.0
2010-10-08 00:00:00,753834.0
2010-10-11 00:00:00,29324.0
2010-10-12 00:00:00,1102272.0
2010-10-13 00:00:00,845472.0
2010-10-14 00:00:00,1048330.0
2010-10-15 00:00:00,1111638.0
2010-10-18 00:00:00,882216.0
2010-10-19 00:00:00,1344370.0
2010-10-20 00:00:00,1142474.0
2010-10-21 00:00:00,1692944.0
2010-10-22 00:00:00,1380352.0
2010-10-25 00:00:00,1726526.0
2010-10-26 00:00:00,1723848.0
2010-10-27 00:00:00,2001726.0
2010-10-28 00:00:00,1805326.0
2010-10-29 00:00:00,1630646.0
2010-11-01 00:00:00,1182396.0
2010-11-02 00:00:00,1391418.0
2010-11-03 00:00:00,1292420.0
2010-11-04 00:00:00,1981002.0
2010-11-05 00:00:00,940238.0
2010-11-08 00:00:00,2295448.0
2010-11-09 00:00:00,1986636.0
2010-11-10 00:00:00,1802666.0
2010-11-11 00:00:00,1680538.0
2010-11-12 00:00:00,1700198.0
2010-11-15 00:00:00,1845408.0
2010-11-16 00:00:00,1889382.0
2010-11-17 00:00:00,154696.0
2010-11-18 00:00:00,1875274.0
2010-11-19 00:00:00,1575782.0
2010-11-22 00:00:00,1013016.0
2010-11-23 00:00:00,1693700.0
2010-11-24 00:00:00,1203476.0
2010-11-25 00:00:00,1131838.0
2010-11-26 00:00:00,1493884.0
2010-11-29 00:00:00,915166.0
2010-11-30 00:00:00,894266.0
2010-12-01 00:00:00,904294.0
2010-12-02 00:00:00,709620.0
2010-12-03 00:00:00,756146.0
2010-12-06 00:00:00,716108.0
2010-12-07 00:00:00,763980.0
2010-12-08 00:00:00,664354.0
2010-12-09 00:00:00,665830.0
2010-12-10 00:00:00,454454.0
2010-12-13 00:00:00,657222.0
2010-12-14 00:00:00,566574.0
2010-12-15 00:00:00,1014464.0
2010-12-16 00:00:00,539670.0
2010-12-17 00:00:00,479836.0
2010-12-20 00:00:00,662788.0
2010-12-21 00:00:00,562414.0
2010-12-22 00:00:00,618232.0
2010-12-23 00:00:00,909944.0
2010-12-24 00:00:00,769840.0
2010-12-27 00:00:00,748888.0
2010-12-28 00:00:00,747574.0
2010-12-29 00:00:00,714412.0
2010-12-30 00:00:00,639112.0
2010-12-31 00:00:00,528952.0
2011-01-04 00:00:00,514734.0
2011-01-05 00:00:00,491052.0
2011-01-06 00:00:00,582748.0
2011-01-07 00:00:00,948548.0
2011-01-10 00:00:00,698082.0
2011-01-11 00:00:00,490328.0
2011-01-12 00:00:00,948308.0
2011-01-13 00:00:00,656576.0
2011-01-14 00:00:00,441490.0
2011-01-17 00:00:00,562462.0
2011-01-18 00:00:00,659036.0
2011-01-19 00:00:00,515578.0
2011-01-20 00:00:00,631372.0
2011-01-21 00:00:00,513568.0
2011-01-24 00:00:00,749454.0
2011-01-25 00:00:00,474502.0
2011-01-26 00:00:00,633584.0
2011-01-27 00:00:00,432466.0
2011-01-28 00:00:00,312188.0
2011-01-31 00:00:00,318166.0
2011-02-01 00:00:00,207696.0
2011-02-09 00:00:00,373100.0
2011-02-10 00:00:00,429008.0
2011-02-11 00:00:00,391934.0
2011-02-14 00:00:00,340920.0
2011-02-15 00:00:00,384398.0
2011-02-16 00:00:00,480294.0
2011-02-17 00:00:00,610092.0
2011-02-18 00:00:00,516086.0
2011-02-21 00:00:00,376886.0
2011-02-22 00:00:00,609262.0
2011-02-23 00:00:00,539158.0
2011-02-24 00:00:00,526890.0
2011-02-25 00:00:00,397052.0
2011-02-28 00:00:00,392366.0
2011-03-01 00:00:00,488676.0
2011-03-02 00:00:00,573882.0
2011-03-03 00:00:00,473558.0
2011-03-04 00:00:00,466792.0
2011-03-07 00:00:00,412952.0
2011-03-08 00:00:00,434618.0
2011-03-09 00:00:00,496360.0
2011-03-10 00:00:00,418038.0
2011-03-11 00:00:00,467064.0
2011-03-14 00:00:00,517530.0
2011-03-15 00:00:00,476902.0
2011-03-16 00:00:00,560574.0
2011-03-17 00:00:00,497852.0
2011-03-18 00:00:00,406396.0
2011-03-21 00:00:00,504304.0
2011-03-22 00:00:00,342226.0
2011-03-23 00:00:00,397846.0
2011-03-24 00:00:00,548094.0
2011-03-25 00:00:00,410366.0
2011-03-28 00:00:00,640504.0
2011-03-29 00:00:00,520860.0
2011-03-30 00:00:00,486316.0
2011-03-31 00:00:00,369246.0
2011-04-01 00:00:00,411172.0
2011-04-06 00:00:00,498938.0
2011-04-07 00:00:00,389144.0
2011-04-08 00:00:00,626360.0
2011-04-11 00:00:00,596490.0
2011-04-12 00:00:00,544078.0
2011-04-13 00:00:00,504480.0
2011-04-14 00:00:00,444862.0
2011-04-15 00:00:00,449294.0
2011-04-18 00:00:00,366960.0
2011-04-19 00:00:00,526608.0
2011-04-20 00:00:00,465460.0
2011-04-21 00:00:00,410504.0
2011-04-22 00:00:00,538596.0
2011-04-25 00:00:00,484150.0
2011-04-26 00:00:00,444186.0
2011-04-27 00:00:00,497440.0
2011-04-28 00:00:00,484836.0
2011-04-29 00:00:00,606240.0
2011-05-03 00:00:00,360842.0
2011-05-04 00:00:00,371578.0
2011-05-05 00:00:00,554918.0
2011-05-06 00:00:00,721576.0
2011-05-09 00:00:00,339848.0
2011-05-10 00:00:00,477762.0
2011-05-11 00:00:00,376412.0
2011-05-12 00:00:00,833768.0
2011-05-13 00:00:00,555212.0
2011-05-16 00:00:00,488070.0
2011-05-17 00:00:00,725066.0
2011-05-18 00:00:00,448536.0
2011-05-19 00:00:00,356494.0
2011-05-20 00:00:00,430284.0
2011-05-23 00:00:00,443072.0
2011-05-24 00:00:00,420928.0
2011-05-25 00:00:00,342606.0
2011-05-26 00:00:00,374532.0
2011-05-27 00:00:00,374732.0
2011-05-30 00:00:00,472138.0
2011-05-31 00:00:00,431468.0
2011-06-01 00:00:00,376090.0
2011-06-02 00:00:00,473550.0
2011-06-03 00:00:00,627470.0
2011-06-07 00:00:00,548424.0
2011-06-08 00:00:00,609730.0
2011-06-09 00:00:00,447808.0
2011-06-10 00:00:00,478610.0
2011-06-13 00:00:00,322408.0
2011-06-14 00:00:00,345540.0
2011-06-15 00:00:00,413208.0
2011-06-16 00:00:00,438448.0
2011-06-17 00:00:00,400294.0
2011-06-20 00:00:00,372566.0
2011-06-21 00:00:00,394206.0
2011-06-22 00:00:00,344396.0
2011-06-23 00:00:00,417514.0
2011-06-24 00:00:00,402300.0
2011-06-27 00:00:00,603832.0
2011-06-28 00:00:00,400790.0
2011-06-29 00:00:00,296592.0
2011-06-30 00:00:00,283412.0
2011-07-01 00:00:00,420632.0
2011-07-04 00:00:00,460512.0
2011-07-05 00:00:00,433136.0
2011-07-06 00:00:00,415006.0
2011-07-07 00:00:00,430766.0
2011-07-08 00:00:00,543820.0
2011-07-11 00:00:00,519112.0
2011-07-12 00:00:00,596892.0
2011-07-13 00:00:00,582280.0
2011-07-14 00:00:00,594412.0
2011-07-15 00:00:00,471004.0
2011-07-18 00:00:00,474206.0
2011-07-19 00:00:00,405740.0
2011-07-20 00:00:00,769388.0
2011-07-21 00:00:00,653054.0
2011-07-22 00:00:00,322440.0
2011-07-25 00:00:00,498060.0
2011-07-26 00:00:00,285426.0
2011-07-27 00:00:00,343396.0
2011-07-28 00:00:00,326456.0
2011-07-29 00:00:00,698072.0
2011-08-01 00:00:00,471316.0
2011-08-02 00:00:00,541256.0
2011-08-03 00:00:00,386862.0
2011-08-04 00:00:00,372112.0
2011-08-05 00:00:00,745088.0
2011-08-08 00:00:00,512498.0
2011-08-09 00:00:00,696190.0
2011-08-10 00:00:00,422568.0
2011-08-11 00:00:00,584398.0
2011-08-12 00:00:00,382874.0
2011-08-15 00:00:00,343460.0
2011-08-16 00:00:00,414084.0
2011-08-17 00:00:00,375368.0
2011-08-18 00:00:00,258996.0
2011-08-19 00:00:00,338506.0
2011-08-22 00:00:00,304144.0
2011-08-23 00:00:00,470658.0
2011-08-24 00:00:00,417310.0
2011-08-25 00:00:00,270254.0
2011-08-26 00:00:00,363802.0
2011-08-29 00:00:00,509078.0
2011-08-30 00:00:00,524308.0
2011-08-31 00:00:00,864896.0
2011-09-01 00:00:00,405134.0
2011-09-02 00:00:00,691402.0
2011-09-05 00:00:00,907634.0
2011-09-06 00:00:00,669158.0
2011-09-07 00:00:00,601242.0
2011-09-08 00:00:00,588548.0
2011-09-09 00:00:00,512580.0
2011-09-13 00:00:00,482356.0
2011-09-14 00:00:00,574146.0
2011-09-15 00:00:00,384612.0
2011-09-16 00:00:00,485086.0
2011-09-19 00:00:00,471838.0
2011-09-20 00:00:00,429824.0
2011-09-21 00:00:00,446182.0
2011-09-22 00:00:00,496376.0
2011-09-23 00:00:00,889600.0
2011-09-26 00:00:00,828126.0
2011-09-27 00:00:00,491182.0
2011-09-28 00:00:00,505146.0
2011-09-29 00:00:00,469386.0
2011-09-30 00:00:00,365732.0
2011-10-10 00:00:00,522668.0
2011-10-11 00:00:00,479888.0
2011-10-12 00:00:00,644738.0
2011-10-13 00:00:00,428098.0
2011-10-14 00:00:00,343144.0
2011-10-17 00:00:00,381762.0
2011-10-18 00:00:00,363866.0
2011-10-19 00:00:00,398128.0
2011-10-20 00:00:00,726594.0
2011-10-21 00:00:00,401538.0
2011-10-24 00:00:00,738698.0
2011-10-25 00:00:00,605730.0
2011-10-26 00:00:00,442706.0
2011-10-27 00:00:00,780808.0
2011-10-28 00:00:00,579518.0
2011-10-31 00:00:00,503938.0
2011-11-01 00:00:00,475542.0
2011-11-02 00:00:00,559898.0
2011-11-03 00:00:00,400218.0
2011-11-04 00:00:00,424296.0
2011-11-07 00:00:00,309284.0
2011-11-08 00:00:00,389640.0
2011-11-09 00:00:00,366330.0
2011-11-10 00:00:00,566962.0
2011-11-11 00:00:00,369020.0
2011-11-14 00:00:00,390812.0
2011-11-15 00:00:00,359616.0
2011-11-16 00:00:00,378196.0
2011-11-17 00:00:00,359018.0
2011-11-18 00:00:00,284656.0
2011-11-21 00:00:00,220894.0
2011-11-22 00:00:00,459616.0
2011-11-23 00:00:00,604966.0
2011-11-24 00:00:00,865826.0
2011-11-25 00:00:00,753554.0
2011-11-28 00:00:00,543770.0
2011-11-29 00:00:00,471346.0
2011-11-30 00:00:00,576220.0
2011-12-01 00:00:00,714966.0
2011-12-02 00:00:00,452874.0
2011-12-05 00:00:00,331520.0
2011-12-06 00:00:00,275460.0
2011-12-07 00:00:00,224354.0
2011-12-08 00:00:00,574920.0
2011-12-09 00:00:00,354482.0
2011-12-12 00:00:00,434518.0
2011-12-13 00:00:00,383710.0
2011-12-14 00:00:00,313164.0
2011-12-15 00:00:00,492946.0
2011-12-16 00:00:00,331126.0
2011-12-19 00:00:00,468006.0
2011-12-20 00:00:00,317498.0
2011-12-21 00:00:00,229848.0
2011-12-22 00:00:00,364136.0
2011-12-23 00:00:00,296338.0
2011-12-26 00:00:00,228248.0
2011-12-27 00:00:00,263630.0
2011-12-28 00:00:00,340928.0
2011-12-29 00:00:00,195976.0
2011-12-30 00:00:00,208656.0
2012-01-04 00:00:00,234968.0
2012-01-05 00:00:00,338260.0
2012-01-06 00:00:00,246092.0
2012-01-09 00:00:00,286190.0
2012-01-10 00:00:00,251602.0
2012-01-11 00:00:00,233588.0
2012-01-12 00:00:00,178034.0
2012-01-13 00:00:00,254958.0
2012-01-16 00:00:00,218386.0
2012-01-17 00:00:00,288940.0
2012-01-18 00:00:00,240672.0
2012-01-19 00:00:00,210212.0
2012-01-20 00:00:00,221226.0
2012-01-30 00:00:00,158468.0
2012-01-31 00:00:00,182974.0
2012-02-01 00:00:00,259912.0
2012-02-02 00:00:00,353724.0
2012-02-03 00:00:00,235348.0
2012-02-06 00:00:00,287780.0
2012-02-07 00:00:00,309862.0
2012-02-08 00:00:00,404282.0
2012-02-09 00:00:00,360782.0
2012-02-10 00:00:00,256070.0
2012-02-13 00:00:00,442248.0
2012-02-14 00:00:00,350112.0
2012-02-15 00:00:00,244554.0
2012-02-16 00:00:00,385024.0
2012-02-17 00:00:00,349164.0
2012-02-20 00:00:00,370980.0
2012-02-21 00:00:00,361092.0
2012-02-22 00:00:00,327584.0
2012-02-23 00:00:00,291118.0
2012-02-24 00:00:00,318682.0
2012-02-27 00:00:00,273050.0
2012-02-28 00:00:00,227196.0
2012-02-29 00:00:00,205222.0
2012-03-01 00:00:00,319062.0
2012-03-02 00:00:00,215830.0
2012-03-05 00:00:00,272268.0
2012-03-06 00:00:00,198728.0
2012-03-07 00:00:00,220158.0
2012-03-08 00:00:00,332908.0
2012-03-09 00:00:00,727568.0
2012-03-12 00:00:00,395898.0
2012-03-13 00:00:00,405910.0
2012-03-14 00:00:00,715274.0
2012-03-15 00:00:00,624350.0
2012-03-16 00:00:00,509584.0
2012-03-19 00:00:00,467872.0
2012-03-20 00:00:00,509452.0
2012-03-21 00:00:00,369268.0
2012-03-22 00:00:00,511390.0
2012-03-23 00:00:00,534774.0
2012-03-26 00:00:00,475228.0
2012-03-27 00:00:00,342846.0
2012-03-28 00:00:00,565894.0
2012-03-29 00:00:00,606726.0
2012-03-30 00:00:00,386968.0
2012-04-05 00:00:00,519100.0
2012-04-06 00:00:00,640112.0
2012-04-09 00:00:00,629986.0
2012-04-10 00:00:00,548634.0
2012-04-11 00:00:00,532312.0
2012-04-12 00:00:00,487836.0
2012-04-13 00:00:00,554898.0
2012-04-16 00:00:00,516836.0
2012-04-17 00:00:00,412428.0
2012-04-18 00:00:00,918674.0
2012-04-19 00:00:00,433706.0
2012-04-20 00:00:00,496526.0
2012-04-23 00:00:00,496498.0
2012-04-24 00:00:00,576356.0
2012-04-25 00:00:00,540098.0
2012-04-26 00:00:00,504804.0
2012-04-27 00:00:00,354986.0
2012-05-02 00:00:00,564348.0
2012-05-03 00:00:00,530876.0
2012-05-04 00:00:00,414052.0
2012-05-07 00:00:00,478962.0
2012-05-08 00:00:00,435166.0
2012-05-09 00:00:00,489912.0
2012-05-10 00:00:00,586358.0
2012-05-11 00:00:00,750052.0
2012-05-14 00:00:00,783302.0
2012-05-15 00:00:00,504182.0
2012-05-16 00:00:00,615422.0
2012-05-17 00:00:00,560358.0
2012-05-18 00:00:00,684498.0
2012-05-21 00:00:00,533922.0
2012-05-22 00:00:00,465124.0
2012-05-23 00:00:00,617492.0
2012-05-24 00:00:00,672656.0
2012-05-25 00:00:00,471314.0
2012-05-28 00:00:00,439278.0
2012-05-29 00:00:00,493596.0
2012-05-30 00:00:00,465360.0
2012-05-31 00:00:00,336328.0
2012-06-01 00:00:00,525268.0
2012-06-04 00:00:00,703634.0
2012-06-05 00:00:00,442850.0
2012-06-06 00:00:00,547294.0
2012-06-07 00:00:00,419752.0
2012-06-08 00:00:00,642630.0
2012-06-11 00:00:00,600946.0
2012-06-12 00:00:00,492994.0
2012-06-13 00:00:00,395948.0
2012-06-14 00:00:00,705216.0
2012-06-15 00:00:00,528090.0
2012-06-18 00:00:00,526848.0
2012-06-19 00:00:00,608118.0
2012-06-20 00:00:00,637592.0
2012-06-21 00:00:00,600426.0
2012-06-25 00:00:00,688878.0
2012-06-26 00:00:00,674348.0
2012-06-27 00:00:00,639840.0
2012-06-28 00:00:00,566630.0
2012-06-29 00:00:00,513692.0
2012-07-02 00:00:00,589534.0
2012-07-03 00:00:00,578730.0
2012-07-04 00:00:00,588714.0
2012-07-05 00:00:00,629402.0
2012-07-06 00:00:00,638928.0
2012-07-09 00:00:00,1002986.0
2012-07-10 00:00:00,599558.0
2012-07-11 00:00:00,885820.0
2012-07-12 00:00:00,605382.0
2012-07-13 00:00:00,522858.0
2012-07-16 00:00:00,849540.0
2012-07-17 00:00:00,811236.0
2012-07-18 00:00:00,610818.0
2012-07-19 00:00:00,652398.0
2012-07-20 00:00:00,703410.0
2012-07-23 00:00:00,500540.0
2012-07-24 00:00:00,651610.0
2012-07-25 00:00:00,641550.0
2012-07-26 00:00:00,425774.0
2012-07-27 00:00:00,342752.0
2012-07-30 00:00:00,656594.0
2012-07-31 00:00:00,444506.0
2012-08-01 00:00:00,611936.0
2012-08-02 00:00:00,462464.0
2012-08-03 00:00:00,414982.0
2012-08-06 00:00:00,652250.0
2012-08-07 00:00:00,641648.0
2012-08-08 00:00:00,480268.0
2012-08-09 00:00:00,873512.0
2012-08-10 00:00:00,587286.0
2012-08-13 00:00:00,735780.0
2012-08-14 00:00:00,759802.0
2012-08-15 00:00:00,625428.0
2012-08-16 00:00:00,457386.0
2012-08-17 00:00:00,413784.0
2012-08-20 00:00:00,367122.0
2012-08-21 00:00:00,458514.0
2012-08-22 00:00:00,648690.0
2012-08-23 00:00:00,515830.0
2012-08-24 00:00:00,581954.0
2012-08-27 00:00:00,585946.0
2012-08-28 00:00:00,486654.0
2012-08-29 00:00:00,613332.0
2012-08-30 00:00:00,582294.0
2012-08-31 00:00:00,525348.0
2012-09-03 00:00:00,1105592.0
2012-09-04 00:00:00,730652.0
2012-09-05 00:00:00,691656.0
2012-09-06 00:00:00,618444.0
2012-09-07 00:00:00,703938.0
2012-09-10 00:00:00,506682.0
2012-09-11 00:00:00,1033374.0
2012-09-12 00:00:00,613412.0
2012-09-13 00:00:00,673652.0
2012-09-14 00:00:00,690452.0
2012-09-17 00:00:00,750632.0
2012-09-18 00:00:00,787346.0
2012-09-19 00:00:00,552328.0
2012-09-20 00:00:00,684002.0
2012-09-21 00:00:00,652554.0
2012-09-24 00:00:00,1287338.0
2012-09-25 00:00:00,720222.0
2012-09-26 00:00:00,810896.0
2012-09-27 00:00:00,659634.0
2012-09-28 00:00:00,399862.0
2012-10-08 00:00:00,543256.0
2012-10-09 00:00:00,558826.0
2012-10-10 00:00:00,599936.0
2012-10-11 00:00:00,720628.0
2012-10-12 00:00:00,884926.0
2012-10-15 00:00:00,653696.0
2012-10-16 00:00:00,802046.0
2012-10-17 00:00:00,1031230.0
2012-10-18 00:00:00,654428.0
2012-10-19 00:00:00,564762.0
2012-10-22 00:00:00,566756.0
2012-10-23 00:00:00,591528.0
2012-10-24 00:00:00,501294.0
2012-10-25 00:00:00,490240.0
2012-10-26 00:00:00,901072.0
2012-10-29 00:00:00,533240.0
2012-10-30 00:00:00,607956.0
2012-10-31 00:00:00,681352.0
2012-11-01 00:00:00,530850.0
2012-11-02 00:00:00,1198278.0
2012-11-05 00:00:00,1106486.0
2012-11-06 00:00:00,678154.0
2012-11-07 00:00:00,808378.0
2012-11-08 00:00:00,721588.0
2012-11-09 00:00:00,1027532.0
2012-11-12 00:00:00,1175994.0
2012-11-13 00:00:00,745686.0
2012-11-14 00:00:00,1103730.0
2012-11-15 00:00:00,1196950.0
2012-11-16 00:00:00,1111458.0
2012-11-19 00:00:00,859166.0
2012-11-20 00:00:00,900448.0
2012-11-21 00:00:00,724164.0
2012-11-22 00:00:00,519174.0
2012-11-23 00:00:00,585546.0
2012-11-26 00:00:00,612228.0
2012-11-27 00:00:00,603916.0
2012-11-28 00:00:00,826168.0
2012-11-29 00:00:00,803214.0
2012-11-30 00:00:00,799992.0
2012-12-03 00:00:00,635572.0
2012-12-04 00:00:00,530676.0
2012-12-05 00:00:00,534190.0
2012-12-06 00:00:00,568568.0
2012-12-07 00:00:00,417720.0
2012-12-10 00:00:00,439704.0
2012-12-11 00:00:00,621018.0
2012-12-12 00:00:00,613302.0
2012-12-13 00:00:00,532720.0
2012-12-14 00:00:00,729278.0
2012-12-17 00:00:00,651216.0
2012-12-18 00:00:00,594344.0
2012-12-19 00:00:00,573826.0
2012-12-20 00:00:00,839418.0
2012-12-21 00:00:00,819156.0
2012-12-24 00:00:00,542316.0
2012-12-25 00:00:00,640842.0
2012-12-26 00:00:00,657006.0
2012-12-27 00:00:00,941912.0
2012-12-28 00:00:00,663050.0
2012-12-31 00:00:00,573830.0
2013-01-04 00:00:00,734122.0
2013-01-07 00:00:00,843214.0
2013-01-08 00:00:00,907524.0
2013-01-09 00:00:00,626894.0
2013-01-10 00:00:00,655416.0
2013-01-11 00:00:00,781646.0
2013-01-14 00:00:00,654650.0
2013-01-15 00:00:00,659232.0
2013-01-16 00:00:00,595522.0
2013-01-17 00:00:00,576874.0
2013-01-18 00:00:00,742212.0
2013-01-21 00:00:00,656968.0
2013-01-22 00:00:00,577464.0
2013-01-23 00:00:00,436460.0
2013-01-24 00:00:00,617704.0
2013-01-25 00:00:00,425156.0
2013-01-28 00:00:00,478850.0
2013-01-29 00:00:00,578272.0
2013-01-30 00:00:00,499764.0
2013-01-31 00:00:00,485686.0
2013-02-01 00:00:00,453748.0
2013-02-04 00:00:00,484400.0
2013-02-05 00:00:00,436098.0
2013-02-06 00:00:00,395312.0
2013-02-07 00:00:00,345810.0
2013-02-08 00:00:00,244994.0
2013-02-18 00:00:00,275548.0
2013-02-19 00:00:00,405286.0
2013-02-20 00:00:00,324876.0
2013-02-21 00:00:00,533492.0
2013-02-22 00:00:00,718268.0
2013-02-25 00:00:00,977642.0
2013-02-26 00:00:00,875206.0
2013-02-27 00:00:00,642776.0
2013-02-28 00:00:00,783052.0
2013-03-01 00:00:00,611832.0
2013-03-04 00:00:00,688644.0
2013-03-05 00:00:00,569824.0
2013-03-06 00:00:00,573014.0
2013-03-07 00:00:00,649902.0
2013-03-08 00:00:00,494876.0
2013-03-11 00:00:00,905446.0
2013-03-12 00:00:00,787120.0
2013-03-13 00:00:00,1030814.0
2013-03-14 00:00:00,885022.0
2013-03-15 00:00:00,958564.0
2013-03-18 00:00:00,632018.0
2013-03-19 00:00:00,581762.0
2013-03-20 00:00:00,532916.0
2013-03-21 00:00:00,571822.0
2013-03-22 00:00:00,608024.0
2013-03-25 00:00:00,464934.0
2013-03-26 00:00:00,546400.0
2013-03-27 00:00:00,516522.0
2013-03-28 00:00:00,671088.0
2013-03-29 00:00:00,739958.0
2013-04-01 00:00:00,597102.0
2013-04-02 00:00:00,686550.0
2013-04-03 00:00:00,759206.0
2013-04-08 00:00:00,607204.0
2013-04-09 00:00:00,523960.0
2013-04-10 00:00:00,617388.0
2013-04-11 00:00:00,798254.0
2013-04-12 00:00:00,663480.0
2013-04-15 00:00:00,852584.0
2013-04-16 00:00:00,841804.0
2013-04-17 00:00:00,752044.0
2013-04-18 00:00:00,867080.0
2013-04-19 00:00:00,662288.0
2013-04-22 00:00:00,1092926.0
2013-04-23 00:00:00,924476.0
2013-04-24 00:00:00,1085982.0
2013-04-25 00:00:00,924638.0
2013-04-26 00:00:00,915884.0
2013-05-02 00:00:00,730172.0
2013-05-03 00:00:00,816922.0
2013-05-06 00:00:00,819570.0
2013-05-07 00:00:00,1440666.0
2013-05-08 00:00:00,1040280.0
2013-05-09 00:00:00,838042.0
2013-05-10 00:00:00,1414274.0
2013-05-13 00:00:00,1058016.0
2013-05-14 00:00:00,948630.0
2013-05-15 00:00:00,1214806.0
2013-05-16 00:00:00,1136398.0
2013-05-17 00:00:00,1006598.0
2013-05-20 00:00:00,966472.0
2013-05-21 00:00:00,927988.0
2013-05-22 00:00:00,1171104.0
2013-05-23 00:00:00,1047330.0
2013-05-24 00:00:00,997100.0
2013-05-27 00:00:00,655836.0
2013-05-28 00:00:00,837306.0
2013-05-29 00:00:00,1198732.0
2013-05-30 00:00:00,1003034.0
2013-05-31 00:00:00,672176.0
2013-06-03 00:00:00,745396.0
2013-06-04 00:00:00,1336396.0
2013-06-05 00:00:00,916442.0
2013-06-06 00:00:00,927074.0
2013-06-07 00:00:00,1174954.0
2013-06-13 00:00:00,656400.0
2013-06-14 00:00:00,869746.0
2013-06-17 00:00:00,644074.0
2013-06-18 00:00:00,689744.0
2013-06-19 00:00:00,494650.0
2013-06-20 00:00:00,924352.0
2013-06-21 00:00:00,1161480.0
2013-06-24 00:00:00,1055822.0
2013-06-25 00:00:00,1070362.0
2013-06-26 00:00:00,1316968.0
2013-06-27 00:00:00,974480.0
2013-06-28 00:00:00,774950.0
2013-07-01 00:00:00,906334.0
2013-07-02 00:00:00,880682.0
2013-07-03 00:00:00,673282.0
2013-07-04 00:00:00,695784.0
2013-07-05 00:00:00,664516.0
2013-07-08 00:00:00,1028348.0
2013-07-09 00:00:00,629246.0
2013-07-10 00:00:00,767374.0
2013-07-11 00:00:00,912826.0
2013-07-12 00:00:00,740644.0
2013-07-15 00:00:00,1020202.0
2013-07-16 00:00:00,647562.0
2013-07-17 00:00:00,820384.0
2013-07-18 00:00:00,708200.0
2013-07-19 00:00:00,609382.0
2013-07-22 00:00:00,740556.0
2013-07-23 00:00:00,856556.0
2013-07-24 00:00:00,635822.0
2013-07-25 00:00:00,890926.0
2013-07-26 00:00:00,1154018.0
2013-07-29 00:00:00,566234.0
2013-07-30 00:00:00,922742.0
2013-07-31 00:00:00,1015202.0
2013-08-01 00:00:00,601568.0
2013-08-02 00:00:00,751100.0
2013-08-05 00:00:00,627304.0
2013-08-06 00:00:00,529332.0
2013-08-07 00:00:00,836580.0
2013-08-08 00:00:00,748524.0
2013-08-09 00:00:00,854268.0
2013-08-12 00:00:00,845022.0
2013-08-13 00:00:00,1406326.0
2013-08-14 00:00:00,1038626.0
2013-08-15 00:00:00,895270.0
2013-08-16 00:00:00,991506.0
2013-08-19 00:00:00,754908.0
2013-08-20 00:00:00,972752.0
2013-08-21 00:00:00,651934.0
2013-08-22 00:00:00,805456.0
2013-08-23 00:00:00,711084.0
2013-08-26 00:00:00,860694.0
2013-08-27 00:00:00,1061924.0
2013-08-28 00:00:00,890040.0
2013-08-29 00:00:00,1353614.0
2013-08-30 00:00:00,882864.0
2013-09-02 00:00:00,876978.0
2013-09-03 00:00:00,992064.0
2013-09-04 00:00:00,919182.0
2013-09-05 00:00:00,661182.0
2013-09-06 00:00:00,1248132.0
2013-09-09 00:00:00,924818.0
2013-09-10 00:00:00,1235894.0
2013-09-11 00:00:00,746802.0
2013-09-12 00:00:00,827672.0
2013-09-13 00:00:00,1138828.0
2013-09-16 00:00:00,840936.0
2013-09-17 00:00:00,775620.0
2013-09-18 00:00:00,597296.0
2013-09-23 00:00:00,540478.0
2013-09-24 00:00:00,585114.0
2013-09-25 00:00:00,545498.0
2013-09-26 00:00:00,517652.0
2013-09-27 00:00:00,696862.0
2013-09-30 00:00:00,511118.0
2013-10-08 00:00:00,740974.0
2013-10-09 00:00:00,876430.0
2013-10-10 00:00:00,902328.0
2013-10-11 00:00:00,781836.0
2013-10-14 00:00:00,658778.0
2013-10-15 00:00:00,946244.0
2013-10-16 00:00:00,987016.0
2013-10-17 00:00:00,1161724.0
2013-10-18 00:00:00,861450.0
2013-10-21 00:00:00,1016714.0
2013-10-22 00:00:00,847512.0
2013-10-23 00:00:00,1008300.0
2013-10-24 00:00:00,950934.0
2013-10-25 00:00:00,849832.0
2013-10-28 00:00:00,573120.0
2013-10-29 00:00:00,912252.0
2013-10-30 00:00:00,1890686.0
2013-10-31 00:00:00,1075952.0
2013-11-01 00:00:00,1410996.0
2013-11-04 00:00:00,1192558.0
2013-11-05 00:00:00,1022492.0
2013-11-06 00:00:00,786508.0
2013-11-07 00:00:00,698906.0
2013-11-08 00:00:00,757870.0
2013-11-11 00:00:00,775046.0
2013-11-12 00:00:00,835308.0
2013-11-13 00:00:00,836458.0
2013-11-14 00:00:00,950536.0
2013-11-15 00:00:00,1079896.0
2013-11-18 00:00:00,839358.0
2013-11-19 00:00:00,864330.0
2013-11-20 00:00:00,802480.0
2013-11-21 00:00:00,1264270.0
2013-11-22 00:00:00,1142350.0
2013-11-25 00:00:00,874320.0
2013-11-26 00:00:00,948150.0
2013-11-27 00:00:00,729538.0
2013-11-28 00:00:00,755438.0
2013-11-29 00:00:00,917554.0
2013-12-02 00:00:00,1062476.0
2013-12-03 00:00:00,1025192.0
2013-12-04 00:00:00,732338.0
2013-12-05 00:00:00,970224.0
2013-12-06 00:00:00,890454.0
2013-12-09 00:00:00,778672.0
2013-12-10 00:00:00,662182.0
2013-12-11 00:00:00,808270.0
2013-12-12 00:00:00,828126.0
2013-12-13 00:00:00,984882.0
2013-12-16 00:00:00,806098.0
2013-12-17 00:00:00,762468.0
2013-12-18 00:00:00,871114.0
2013-12-19 00:00:00,723010.0
2013-12-20 00:00:00,681248.0
2013-12-23 00:00:00,841938.0
2013-12-24 00:00:00,627986.0
2013-12-25 00:00:00,704634.0
2013-12-26 00:00:00,542268.0
2013-12-27 00:00:00,629954.0
2013-12-30 00:00:00,681806.0
2013-12-31 00:00:00,489686.0
2014-01-02 00:00:00,536290.0
2014-01-03 00:00:00,625662.0
2014-01-06 00:00:00,695262.0
2014-01-07 00:00:00,766476.0
2014-01-08 00:00:00,812692.0
2014-01-09 00:00:00,774466.0
2014-01-10 00:00:00,612266.0
2014-01-13 00:00:00,574320.0
2014-01-14 00:00:00,541218.0
2014-01-15 00:00:00,581516.0
2014-01-16 00:00:00,411370.0
2014-01-17 00:00:00,490178.0
2014-01-20 00:00:00,1001016.0
2014-01-21 00:00:00,467778.0
2014-01-22 00:00:00,560888.0
2014-01-23 00:00:00,448800.0
2014-01-24 00:00:00,464384.0
2014-01-27 00:00:00,582528.0
2014-01-28 00:00:00,544558.0
2014-01-29 00:00:00,301232.0
2014-01-30 00:00:00,376866.0
2014-02-07 00:00:00,609616.0
2014-02-10 00:00:00,628328.0
2014-02-11 00:00:00,461640.0
2014-02-12 00:00:00,408626.0
2014-02-13 00:00:00,570252.0
2014-02-14 00:00:00,516574.0
2014-02-17 00:00:00,472990.0
2014-02-18 00:00:00,598372.0
2014-02-19 00:00:00,627502.0
2014-02-20 00:00:00,459242.0
2014-02-21 00:00:00,485046.0
2014-02-24 00:00:00,613744.0
2014-02-25 00:00:00,452084.0
2014-02-26 00:00:00,609434.0
2014-02-27 00:00:00,752236.0
2014-02-28 00:00:00,608622.0
2014-03-03 00:00:00,665926.0
2014-03-04 00:00:00,767150.0
2014-03-05 00:00:00,925116.0
2014-03-06 00:00:00,722278.0
2014-03-07 00:00:00,759548.0
2014-03-10 00:00:00,969590.0
2014-03-11 00:00:00,1212900.0
2014-03-12 00:00:00,869926.0
2014-03-13 00:00:00,867116.0
2014-03-14 00:00:00,929642.0
2014-03-17 00:00:00,866034.0
2014-03-18 00:00:00,919476.0
2014-03-19 00:00:00,906040.0
2014-03-20 00:00:00,967640.0
2014-03-21 00:00:00,875456.0
2014-03-24 00:00:00,534944.0
2014-03-25 00:00:00,761182.0
2014-03-26 00:00:00,601120.0
2014-03-27 00:00:00,712796.0
2014-03-28 00:00:00,564044.0
2014-03-31 00:00:00,608514.0
2014-04-01 00:00:00,646738.0
2014-04-02 00:00:00,1187736.0
2014-04-03 00:00:00,664694.0
2014-04-04 00:00:00,546720.0
2014-04-08 00:00:00,436584.0
2014-04-09 00:00:00,731606.0
2014-04-10 00:00:00,756584.0
2014-04-11 00:00:00,728304.0
2014-04-14 00:00:00,460892.0
2014-04-15 00:00:00,651832.0
2014-04-16 00:00:00,692588.0
2014-04-17 00:00:00,497320.0
2014-04-18 00:00:00,424394.0
2014-04-21 00:00:00,539190.0
2014-04-22 00:00:00,510820.0
2014-04-23 00:00:00,564686.0
2014-04-24 00:00:00,397668.0
2014-04-25 00:00:00,498188.0
2014-04-28 00:00:00,553122.0
2014-04-29 00:00:00,456438.0
2014-04-30 00:00:00,331992.0
2014-05-05 00:00:00,492770.0
2014-05-06 00:00:00,406668.0
2014-05-07 00:00:00,312922.0
2014-05-08 00:00:00,414548.0
2014-05-09 00:00:00,352564.0
2014-05-12 00:00:00,320780.0
2014-05-13 00:00:00,478936.0
2014-05-14 00:00:00,390298.0
2014-05-15 00:00:00,348800.0
2014-05-16 00:00:00,334622.0
2014-05-19 00:00:00,367588.0
2014-05-20 00:00:00,390112.0
2014-05-21 00:00:00,342782.0
2014-05-22 00:00:00,458064.0
2014-05-23 00:00:00,374100.0
2014-05-26 00:00:00,298288.0
2014-05-27 00:00:00,488586.0
2014-05-28 00:00:00,466654.0
2014-05-29 00:00:00,310224.0
2014-05-30 00:00:00,364632.0
2014-06-03 00:00:00,412274.0
2014-06-04 00:00:00,362238.0
2014-06-05 00:00:00,459320.0
2014-06-06 00:00:00,283766.0
2014-06-09 00:00:00,296536.0
2014-06-10 00:00:00,293472.0
2014-06-11 00:00:00,371432.0
2014-06-12 00:00:00,328094.0
2014-06-13 00:00:00,377746.0
2014-06-16 00:00:00,459076.0
2014-06-17 00:00:00,598430.0
2014-06-18 00:00:00,505826.0
2014-06-19 00:00:00,403322.0
2014-06-20 00:00:00,486580.0
2014-06-23 00:00:00,788686.0
2014-06-24 00:00:00,976712.0
2014-06-25 00:00:00,772886.0
2014-06-26 00:00:00,393054.0
2014-06-27 00:00:00,438168.0
2014-06-30 00:00:00,361556.0
2014-07-01 00:00:00,679610.0
2014-07-02 00:00:00,343156.0
2014-07-03 00:00:00,268532.0
2014-07-04 00:00:00,271648.0
2014-07-07 00:00:00,454480.0
2014-07-08 00:00:00,296854.0
2014-07-09 00:00:00,514666.0
2014-07-10 00:00:00,920504.0
2014-07-11 00:00:00,374186.0
2014-07-14 00:00:00,343468.0
2014-07-15 00:00:00,386396.0
2014-07-16 00:00:00,355584.0
2014-07-17 00:00:00,222316.0
2014-07-18 00:00:00,360634.0
2014-07-21 00:00:00,250120.0
2014-07-22 00:00:00,319326.0
2014-07-23 00:00:00,356146.0
2014-07-24 00:00:00,247180.0
2014-07-25 00:00:00,237588.0
2014-07-28 00:00:00,327774.0
2014-07-29 00:00:00,343188.0
2014-07-30 00:00:00,259822.0
2014-07-31 00:00:00,291956.0
2014-08-01 00:00:00,272030.0
2014-08-04 00:00:00,323084.0
2014-08-05 00:00:00,252298.0
2014-08-06 00:00:00,202344.0
2014-08-07 00:00:00,199698.0
2014-08-08 00:00:00,173272.0
2014-08-11 00:00:00,285642.0
2014-08-12 00:00:00,410404.0
2014-08-13 00:00:00,253700.0
2014-08-14 00:00:00,799626.0
2014-08-15 00:00:00,627158.0
2014-08-18 00:00:00,698172.0
2014-08-19 00:00:00,332040.0
2014-08-20 00:00:00,410798.0
2014-08-21 00:00:00,436394.0
2014-08-22 00:00:00,278408.0
2014-08-25 00:00:00,752610.0
2014-08-26 00:00:00,524224.0
2014-08-27 00:00:00,853518.0
2014-08-28 00:00:00,414254.0
2014-08-29 00:00:00,494492.0
2014-09-01 00:00:00,433982.0
2014-09-02 00:00:00,721978.0
2014-09-03 00:00:00,471760.0
2014-09-04 00:00:00,426462.0
2014-09-05 00:00:00,482132.0
2014-09-09 00:00:00,478446.0
2014-09-10 00:00:00,604656.0
2014-09-11 00:00:00,547674.0
2014-09-12 00:00:00,610556.0
2014-09-15 00:00:00,840234.0
2014-09-16 00:00:00,1093508.0
2014-09-17 00:00:00,604638.0
2014-09-18 00:00:00,508608.0
2014-09-19 00:00:00,529998.0
2014-09-22 00:00:00,881112.0
2014-09-23 00:00:00,535610.0
2014-09-24 00:00:00,579568.0
2014-09-25 00:00:00,656296.0
2014-09-26 00:00:00,747822.0
2014-09-29 00:00:00,418762.0
2014-09-30 00:00:00,392172.0
2014-10-08 00:00:00,320968.0
2014-10-09 00:00:00,465924.0
2014-10-10 00:00:00,554058.0
2014-10-13 00:00:00,431584.0
2014-10-14 00:00:00,578498.0
2014-10-15 00:00:00,478202.0
2014-10-16 00:00:00,532590.0
2014-10-17 00:00:00,699326.0
2014-10-20 00:00:00,775070.0
2014-10-21 00:00:00,598480.0
2014-10-22 00:00:00,496676.0
2014-10-23 00:00:00,631832.0
2014-10-24 00:00:00,538646.0
2014-10-27 00:00:00,353214.0
2014-10-28 00:00:00,394836.0
2014-10-29 00:00:00,821332.0
2014-10-30 00:00:00,1257206.0
2014-10-31 00:00:00,782676.0
2014-11-03 00:00:00,691374.0
2014-11-04 00:00:00,698528.0
2014-11-05 00:00:00,752296.0
2014-11-06 00:00:00,502076.0
2014-11-07 00:00:00,691252.0
2014-11-10 00:00:00,599854.0
2014-11-11 00:00:00,462700.0
2014-11-12 00:00:00,591498.0
2014-11-13 00:00:00,451872.0
2014-11-14 00:00:00,629622.0
2014-11-17 00:00:00,566132.0
2014-11-18 00:00:00,472132.0
2014-11-19 00:00:00,560226.0
2014-11-20 00:00:00,461954.0
2014-11-21 00:00:00,344888.0
2014-11-24 00:00:00,569268.0
2014-11-25 00:00:00,550212.0
2014-11-26 00:00:00,482700.0
2014-11-27 00:00:00,383094.0
2014-11-28 00:00:00,564060.0
2014-12-01 00:00:00,424960.0
2014-12-02 00:00:00,589434.0
2014-12-03 00:00:00,660414.0
2014-12-04 00:00:00,513486.0
2014-12-05 00:00:00,438484.0
2014-12-08 00:00:00,523102.0
2014-12-09 00:00:00,472612.0
2014-12-10 00:00:00,404836.0
2014-12-11 00:00:00,354608.0
2014-12-12 00:00:00,398654.0
2014-12-15 00:00:00,382000.0
2014-12-16 00:00:00,415132.0
2014-12-17 00:00:00,290066.0
2014-12-18 00:00:00,229916.0
2014-12-19 00:00:00,318044.0
2014-12-22 00:00:00,292766.0
2014-12-23 00:00:00,268308.0
2014-12-24 00:00:00,305054.0
2014-12-25 00:00:00,158496.0
2014-12-26 00:00:00,224388.0
2014-12-29 00:00:00,577414.0
2014-12-30 00:00:00,408650.0
2014-12-31 00:00:00,355022.0
2015-01-05 00:00:00,320152.0
2015-01-06 00:00:00,370434.0
2015-01-07 00:00:00,327190.0
2015-01-08 00:00:00,501408.0
2015-01-09 00:00:00,453056.0
2015-01-12 00:00:00,270458.0
2015-01-13 00:00:00,342406.0
2015-01-14 00:00:00,441956.0
2015-01-15 00:00:00,462700.0
2015-01-16 00:00:00,475228.0
2015-01-19 00:00:00,1021742.0
2015-01-20 00:00:00,411098.0
2015-01-21 00:00:00,610816.0
2015-01-22 00:00:00,533918.0
2015-01-23 00:00:00,685440.0
2015-01-26 00:00:00,426466.0
2015-01-27 00:00:00,500126.0
2015-01-28 00:00:00,503202.0
2015-01-29 00:00:00,590632.0
2015-01-30 00:00:00,812754.0
2015-02-02 00:00:00,627092.0
2015-02-03 00:00:00,545532.0
2015-02-04 00:00:00,601172.0
2015-02-05 00:00:00,703592.0
2015-02-06 00:00:00,947574.0
2015-02-09 00:00:00,475840.0
2015-02-10 00:00:00,354276.0
2015-02-11 00:00:00,345436.0
2015-02-12 00:00:00,297798.0
2015-02-13 00:00:00,470288.0
2015-02-16 00:00:00,310776.0
2015-02-17 00:00:00,115082.0
2015-02-25 00:00:00,218652.0
2015-02-26 00:00:00,326198.0
2015-02-27 00:00:00,610416.0
2015-03-02 00:00:00,796316.0
2015-03-03 00:00:00,852594.0
2015-03-04 00:00:00,506220.0
2015-03-05 00:00:00,585088.0
2015-03-06 00:00:00,489708.0
2015-03-09 00:00:00,543704.0
2015-03-10 00:00:00,581092.0
2015-03-11 00:00:00,493022.0
2015-03-12 00:00:00,490766.0
2015-03-13 00:00:00,395470.0
2015-03-16 00:00:00,662434.0
2015-03-17 00:00:00,477376.0
2015-03-18 00:00:00,589604.0
2015-03-19 00:00:00,871760.0
2015-03-20 00:00:00,598620.0
2015-03-23 00:00:00,656532.0
2015-03-24 00:00:00,809320.0
2015-03-25 00:00:00,502322.0
2015-03-26 00:00:00,537346.0
2015-03-27 00:00:00,475900.0
2015-03-30 00:00:00,505516.0
2015-03-31 00:00:00,485936.0
2015-04-01 00:00:00,596764.0
2015-04-02 00:00:00,666884.0
2015-04-03 00:00:00,400564.0
2015-04-07 00:00:00,318548.0
2015-04-08 00:00:00,407538.0
2015-04-09 00:00:00,409374.0
2015-04-10 00:00:00,458892.0
2015-04-13 00:00:00,752868.0
2015-04-14 00:00:00,540340.0
2015-04-15 00:00:00,1439256.0
2015-04-16 00:00:00,1213072.0
2015-04-17 00:00:00,712610.0
2015-04-20 00:00:00,1143896.0
2015-04-21 00:00:00,1079198.0
2015-04-22 00:00:00,1015180.0
2015-04-23 00:00:00,1099848.0
2015-04-24 00:00:00,1381918.0
2015-04-27 00:00:00,930476.0
2015-04-28 00:00:00,1020462.0
2015-04-29 00:00:00,718778.0
2015-04-30 00:00:00,816062.0
2015-05-04 00:00:00,981416.0
2015-05-05 00:00:00,1522106.0
2015-05-06 00:00:00,1526748.0
2015-05-07 00:00:00,1213436.0
2015-05-08 00:00:00,1009196.0
2015-05-11 00:00:00,1090134.0
2015-05-12 00:00:00,1082580.0
2015-05-13 00:00:00,1189454.0
2015-05-14 00:00:00,924326.0
2015-05-15 00:00:00,1231496.0
2015-05-18 00:00:00,734754.0
2015-05-19 00:00:00,772002.0
2015-05-20 00:00:00,1055520.0
2015-05-21 00:00:00,619994.0
2015-05-22 00:00:00,633784.0
2015-05-25 00:00:00,601876.0
2015-05-26 00:00:00,1091640.0
2015-05-27 00:00:00,923910.0
2015-05-28 00:00:00,893558.0
2015-05-29 00:00:00,584160.0
2015-06-01 00:00:00,1689552.0
2015-06-02 00:00:00,1498470.0
2015-06-03 00:00:00,1140372.0
2015-06-04 00:00:00,1043798.0
2015-06-05 00:00:00,985724.0
2015-06-08 00:00:00,950280.0
2015-06-09 00:00:00,861524.0
2015-06-10 00:00:00,599042.0
2015-06-11 00:00:00,698652.0
2015-06-12 00:00:00,814532.0
2015-06-15 00:00:00,625998.0
2015-06-16 00:00:00,804244.0
2015-06-17 00:00:00,846624.0
2015-06-18 00:00:00,807416.0
2015-06-19 00:00:00,677152.0
2015-06-23 00:00:00,378154.0
2015-06-24 00:00:00,659262.0
2015-06-25 00:00:00,771852.0
2015-06-26 00:00:00,962144.0
2015-06-29 00:00:00,856924.0
2015-06-30 00:00:00,854132.0
2015-07-01 00:00:00,796246.0
2015-07-02 00:00:00,661654.0
2015-07-03 00:00:00,551932.0
2015-07-06 00:00:00,738240.0
2015-07-07 00:00:00,706014.0
2015-07-08 00:00:00,613472.0
2015-07-09 00:00:00,1259672.0
2015-07-10 00:00:00,596160.0
2015-07-13 00:00:00,744612.0
2015-07-14 00:00:00,861074.0
2015-07-15 00:00:00,781086.0
2015-07-16 00:00:00,618798.0
2015-07-17 00:00:00,666498.0
2015-07-20 00:00:00,727822.0
2015-07-21 00:00:00,678816.0
2015-07-22 00:00:00,544376.0
2015-07-23 00:00:00,540448.0
2015-07-24 00:00:00,563484.0
2015-07-27 00:00:00,719130.0
2015-07-28 00:00:00,578542.0
2015-07-29 00:00:00,567760.0
2015-07-30 00:00:00,477746.0
2015-07-31 00:00:00,444602.0
2015-08-03 00:00:00,547934.0
2015-08-04 00:00:00,571520.0
2015-08-05 00:00:00,603076.0
2015-08-06 00:00:00,490954.0
2015-08-07 00:00:00,751222.0
2015-08-10 00:00:00,774062.0
2015-08-11 00:00:00,1071724.0
2015-08-12 00:00:00,861568.0
2015-08-13 00:00:00,1081006.0
2015-08-14 00:00:00,727768.0
2015-08-17 00:00:00,627582.0
2015-08-18 00:00:00,613440.0
2015-08-19 00:00:00,741608.0
2015-08-20 00:00:00,833062.0
2015-08-21 00:00:00,895926.0
2015-08-24 00:00:00,1077638.0
2015-08-25 00:00:00,1408684.0
2015-08-26 00:00:00,1094888.0
2015-08-27 00:00:00,794884.0
2015-08-28 00:00:00,1125652.0
2015-08-31 00:00:00,790530.0
2015-09-01 00:00:00,655550.0
2015-09-02 00:00:00,511128.0
2015-09-07 00:00:00,296690.0
2015-09-08 00:00:00,494498.0
2015-09-09 00:00:00,650148.0
2015-09-10 00:00:00,739842.0
2015-09-11 00:00:00,673784.0
2015-09-14 00:00:00,726362.0
2015-09-15 00:00:00,900288.0
2015-09-16 00:00:00,756106.0
2015-09-17 00:00:00,593070.0
2015-09-18 00:00:00,593104.0
2015-09-21 00:00:00,540980.0
2015-09-22 00:00:00,711728.0
2015-09-23 00:00:00,755542.0
2015-09-24 00:00:00,667798.0
2015-09-25 00:00:00,1269568.0
2015-09-28 00:00:00,459204.0
2015-09-29 00:00:00,776174.0
2015-09-30 00:00:00,435038.0
2015-10-08 00:00:00,379304.0
2015-10-09 00:00:00,730336.0
2015-10-12 00:00:00,1145264.0
2015-10-13 00:00:00,1036230.0
2015-10-14 00:00:00,816276.0
2015-10-15 00:00:00,782392.0
2015-10-16 00:00:00,912282.0
2015-10-19 00:00:00,706658.0
2015-10-20 00:00:00,756864.0
2015-10-21 00:00:00,669684.0
2015-10-22 00:00:00,936274.0
2015-10-23 00:00:00,1085872.0
2015-10-26 00:00:00,883298.0
2015-10-27 00:00:00,876500.0
2015-10-28 00:00:00,758254.0
2015-10-29 00:00:00,770424.0
2015-10-30 00:00:00,570718.0
2015-11-02 00:00:00,673110.0
2015-11-03 00:00:00,708646.0
2015-11-04 00:00:00,1005452.0
2015-11-05 00:00:00,985740.0
2015-11-06 00:00:00,1266976.0
2015-11-09 00:00:00,754218.0
2015-11-10 00:00:00,744588.0
2015-11-11 00:00:00,1021086.0
2015-11-12 00:00:00,519120.0
2015-11-13 00:00:00,545240.0
2015-11-16 00:00:00,649320.0
2015-11-17 00:00:00,720352.0
2015-11-18 00:00:00,632284.0
2015-11-19 00:00:00,917966.0
2015-11-20 00:00:00,906016.0
2015-11-23 00:00:00,1103008.0
2015-11-24 00:00:00,1258818.0
2015-11-25 00:00:00,884350.0
2015-11-26 00:00:00,1266602.0
2015-11-27 00:00:00,892376.0
2015-11-30 00:00:00,874384.0
2015-12-01 00:00:00,1350786.0
2015-12-02 00:00:00,1042932.0
2015-12-03 00:00:00,1148882.0
2015-12-04 00:00:00,1162836.0
2015-12-07 00:00:00,1125236.0
2015-12-08 00:00:00,1074298.0
2015-12-09 00:00:00,1140938.0
2015-12-10 00:00:00,958002.0
2015-12-11 00:00:00,1098686.0
2015-12-14 00:00:00,1063464.0
2015-12-15 00:00:00,1041000.0
2015-12-16 00:00:00,870606.0
2015-12-17 00:00:00,1005862.0
2015-12-18 00:00:00,879458.0
2015-12-21 00:00:00,903414.0
2015-12-22 00:00:00,773204.0
2015-12-23 00:00:00,644352.0
2015-12-24 00:00:00,688944.0
2015-12-25 00:00:00,409758.0
2015-12-28 00:00:00,474586.0
2015-12-29 00:00:00,685608.0
2015-12-30 00:00:00,1235080.0
2015-12-31 00:00:00,693942.0
2016-01-04 00:00:00,578262.0
2016-01-05 00:00:00,572184.0
2016-01-06 00:00:00,750260.0
2016-01-07 00:00:00,770372.0
2016-01-08 00:00:00,630730.0
2016-01-11 00:00:00,752682.0
2016-01-12 00:00:00,618336.0
2016-01-13 00:00:00,572516.0
2016-01-14 00:00:00,851182.0
2016-01-15 00:00:00,601918.0
2016-01-18 00:00:00,795416.0
2016-01-19 00:00:00,609422.0
2016-01-20 00:00:00,751572.0
2016-01-21 00:00:00,860108.0
2016-01-22 00:00:00,725334.0
2016-01-25 00:00:00,572944.0
2016-01-26 00:00:00,737260.0
2016-01-27 00:00:00,697242.0
2016-01-28 00:00:00,612182.0
2016-01-29 00:00:00,710230.0
2016-02-01 00:00:00,396350.0
2016-02-02 00:00:00,439402.0
2016-02-03 00:00:00,384794.0
2016-02-04 00:00:00,462368.0
2016-02-05 00:00:00,500338.0
2016-02-15 00:00:00,520106.0
2016-02-16 00:00:00,500122.0
2016-02-17 00:00:00,461536.0
2016-02-18 00:00:00,521210.0
2016-02-19 00:00:00,602524.0
2016-02-22 00:00:00,639196.0
2016-02-23 00:00:00,555504.0
2016-02-24 00:00:00,677262.0
2016-02-25 00:00:00,445886.0
2016-02-26 00:00:00,471250.0
2016-02-29 00:00:00,515342.0
2016-03-01 00:00:00,468710.0
2016-03-02 00:00:00,940554.0
2016-03-03 00:00:00,782616.0
2016-03-04 00:00:00,778318.0
2016-03-07 00:00:00,941270.0
2016-03-08 00:00:00,1073706.0
2016-03-09 00:00:00,630642.0
2016-03-10 00:00:00,894922.0
2016-03-11 00:00:00,1542830.0
2016-03-14 00:00:00,1206394.0
2016-03-15 00:00:00,806268.0
2016-03-16 00:00:00,749380.0
2016-03-17 00:00:00,819798.0
2016-03-18 00:00:00,1126336.0
2016-03-21 00:00:00,873512.0
2016-03-22 00:00:00,1011584.0
2016-03-23 00:00:00,1000298.0
2016-03-24 00:00:00,781680.0
2016-03-25 00:00:00,807308.0
2016-03-28 00:00:00,812310.0
2016-03-29 00:00:00,866634.0
2016-03-30 00:00:00,831180.0
2016-03-31 00:00:00,644928.0
2016-04-01 00:00:00,1313786.0
2016-04-05 00:00:00,601716.0
2016-04-06 00:00:00,847148.0
2016-04-07 00:00:00,544826.0
2016-04-08 00:00:00,556842.0
2016-04-11 00:00:00,994360.0
2016-04-12 00:00:00,751072.0
2016-04-13 00:00:00,1403058.0
2016-04-14 00:00:00,718718.0
2016-04-15 00:00:00,940730.0
2016-04-18 00:00:00,872550.0
2016-04-19 00:00:00,925914.0
2016-04-20 00:00:00,1298476.0
2016-04-21 00:00:00,1402468.0
2016-04-22 00:00:00,1135616.0
2016-04-25 00:00:00,914954.0
2016-04-26 00:00:00,910072.0
2016-04-27 00:00:00,704608.0
2016-04-28 00:00:00,972990.0
2016-04-29 00:00:00,709010.0
2016-05-03 00:00:00,554920.0
2016-05-04 00:00:00,864820.0
2016-05-05 00:00:00,552750.0
2016-05-06 00:00:00,869098.0
2016-05-09 00:00:00,1077140.0
2016-05-10 00:00:00,825528.0
2016-05-11 00:00:00,1242868.0
2016-05-12 00:00:00,1163136.0
2016-05-13 00:00:00,1206006.0
2016-05-16 00:00:00,951792.0
2016-05-17 00:00:00,616030.0
2016-05-18 00:00:00,1200264.0
2016-05-19 00:00:00,907084.0
2016-05-20 00:00:00,781260.0
2016-05-23 00:00:00,1040078.0
2016-05-24 00:00:00,792080.0
2016-05-25 00:00:00,588558.0
2016-05-26 00:00:00,705060.0
2016-05-27 00:00:00,654720.0
2016-05-30 00:00:00,609426.0
2016-05-31 00:00:00,628028.0
2016-06-01 00:00:00,579756.0
2016-06-02 00:00:00,694630.0
2016-06-03 00:00:00,779992.0
2016-06-06 00:00:00,592070.0
2016-06-07 00:00:00,767030.0
2016-06-08 00:00:00,643194.0
2016-06-13 00:00:00,590070.0
2016-06-14 00:00:00,685480.0
2016-06-15 00:00:00,623736.0
2016-06-16 00:00:00,654248.0
2016-06-17 00:00:00,718192.0
2016-06-20 00:00:00,596716.0
2016-06-21 00:00:00,881798.0
2016-06-22 00:00:00,566666.0
2016-06-23 00:00:00,632288.0
2016-06-24 00:00:00,792372.0
2016-06-27 00:00:00,600236.0
2016-06-28 00:00:00,870964.0
2016-06-29 00:00:00,663580.0
2016-06-30 00:00:00,856154.0
2016-07-01 00:00:00,1166888.0
2016-07-04 00:00:00,1480524.0
2016-07-05 00:00:00,1606074.0
2016-07-06 00:00:00,1068538.0
2016-07-07 00:00:00,1371160.0
2016-07-08 00:00:00,1014006.0
2016-07-11 00:00:00,797504.0
2016-07-12 00:00:00,776988.0
2016-07-13 00:00:00,920976.0
2016-07-14 00:00:00,900722.0
2016-07-15 00:00:00,956084.0
2016-07-18 00:00:00,1004204.0
2016-07-19 00:00:00,913608.0
2016-07-20 00:00:00,898834.0
2016-07-21 00:00:00,1021764.0
2016-07-22 00:00:00,919924.0
2016-07-25 00:00:00,708270.0
2016-07-26 00:00:00,713306.0
2016-07-27 00:00:00,591650.0
2016-07-28 00:00:00,633910.0
2016-07-29 00:00:00,803528.0
2016-08-01 00:00:00,730342.0
2016-08-02 00:00:00,605610.0
2016-08-03 00:00:00,651796.0
2016-08-04 00:00:00,650932.0
2016-08-05 00:00:00,644858.0
2016-08-08 00:00:00,678518.0
2016-08-09 00:00:00,634996.0
2016-08-10 00:00:00,508842.0
2016-08-11 00:00:00,648836.0
2016-08-12 00:00:00,587210.0
2016-08-15 00:00:00,928284.0
2016-08-16 00:00:00,746058.0
2016-08-17 00:00:00,684990.0
2016-08-18 00:00:00,929508.0
2016-08-19 00:00:00,612994.0
2016-08-22 00:00:00,621332.0
2016-08-23 00:00:00,416466.0
2016-08-24 00:00:00,588048.0
2016-08-25 00:00:00,800736.0
2016-08-26 00:00:00,498346.0
2016-08-29 00:00:00,446780.0
2016-08-30 00:00:00,449496.0
2016-08-31 00:00:00,708932.0
2016-09-01 00:00:00,413892.0
2016-09-02 00:00:00,490594.0
2016-09-05 00:00:00,589326.0
2016-09-06 00:00:00,493786.0
2016-09-07 00:00:00,467350.0
2016-09-08 00:00:00,505714.0
2016-09-09 00:00:00,583194.0
2016-09-12 00:00:00,538808.0
2016-09-13 00:00:00,563202.0
2016-09-14 00:00:00,585192.0
2016-09-19 00:00:00,296166.0
2016-09-20 00:00:00,1127156.0
2016-09-21 00:00:00,731082.0
2016-09-22 00:00:00,748870.0
2016-09-23 00:00:00,558066.0
2016-09-26 00:00:00,626036.0
2016-09-27 00:00:00,580258.0
2016-09-28 00:00:00,633386.0
2016-09-29 00:00:00,579112.0
2016-09-30 00:00:00,493624.0
2016-10-10 00:00:00,407122.0
2016-10-11 00:00:00,751574.0
2016-10-12 00:00:00,750786.0
2016-10-13 00:00:00,985670.0
2016-10-14 00:00:00,743456.0
2016-10-17 00:00:00,1615174.0
2016-10-18 00:00:00,998766.0
2016-10-19 00:00:00,1141424.0
2016-10-20 00:00:00,1009130.0
2016-10-21 00:00:00,986564.0
2016-10-24 00:00:00,880424.0
2016-10-25 00:00:00,1255558.0
2016-10-26 00:00:00,1068676.0
2016-10-27 00:00:00,811854.0
2016-10-28 00:00:00,752398.0
2016-10-31 00:00:00,766120.0
2016-11-01 00:00:00,778772.0
2016-11-02 00:00:00,859528.0
2016-11-03 00:00:00,529158.0
2016-11-04 00:00:00,738826.0
2016-11-07 00:00:00,646706.0
2016-11-08 00:00:00,809542.0
2016-11-09 00:00:00,779190.0
2016-11-10 00:00:00,1276848.0
2016-11-11 00:00:00,1811538.0
2016-11-14 00:00:00,1697780.0
2016-11-15 00:00:00,656860.0
2016-11-16 00:00:00,593220.0
2016-11-17 00:00:00,535470.0
2016-11-18 00:00:00,507464.0
2016-11-21 00:00:00,687326.0
2016-11-22 00:00:00,656146.0
2016-11-23 00:00:00,641628.0
2016-11-24 00:00:00,1518008.0
2016-11-25 00:00:00,1082862.0
2016-11-28 00:00:00,1141470.0
2016-11-29 00:00:00,856782.0
2016-11-30 00:00:00,1298952.0
2016-12-01 00:00:00,1119500.0
2016-12-02 00:00:00,912002.0
2016-12-05 00:00:00,841416.0
2016-12-06 00:00:00,642060.0
2016-12-07 00:00:00,769430.0
2016-12-08 00:00:00,658616.0
2016-12-09 00:00:00,697996.0
2016-12-12 00:00:00,785924.0
2016-12-13 00:00:00,584170.0
2016-12-14 00:00:00,605548.0
2016-12-15 00:00:00,709264.0
2016-12-16 00:00:00,726394.0
2016-12-19 00:00:00,1131052.0
2016-12-20 00:00:00,973070.0
2016-12-21 00:00:00,545584.0
2016-12-22 00:00:00,602050.0
2016-12-23 00:00:00,766032.0
2016-12-26 00:00:00,612964.0
2016-12-27 00:00:00,482862.0
2016-12-28 00:00:00,537084.0
2016-12-29 00:00:00,450290.0
2016-12-30 00:00:00,298522.0
2017-01-03 00:00:00,400370.0
2017-01-04 00:00:00,636880.0
2017-01-05 00:00:00,434518.0
2017-01-06 00:00:00,395204.0
2017-01-09 00:00:00,451830.0
2017-01-10 00:00:00,451758.0
2017-01-11 00:00:00,509908.0
2017-01-12 00:00:00,374816.0
2017-01-13 00:00:00,416664.0
2017-01-16 00:00:00,433514.0
2017-01-17 00:00:00,463144.0
2017-01-18 00:00:00,419938.0
2017-01-19 00:00:00,397332.0
2017-01-20 00:00:00,304624.0
2017-01-23 00:00:00,288464.0
2017-01-24 00:00:00,394950.0
2017-01-25 00:00:00,304784.0
2017-01-26 00:00:00,279446.0
2017-02-03 00:00:00,267800.0
2017-02-06 00:00:00,429786.0
2017-02-07 00:00:00,330716.0
2017-02-08 00:00:00,445922.0
2017-02-09 00:00:00,291140.0
2017-02-10 00:00:00,400894.0
2017-02-13 00:00:00,657620.0
2017-02-14 00:00:00,459574.0
2017-02-15 00:00:00,449076.0
2017-02-16 00:00:00,540090.0
2017-02-17 00:00:00,710546.0
2017-02-20 00:00:00,314282.0
2017-02-21 00:00:00,563758.0
2017-02-22 00:00:00,430250.0
2017-02-23 00:00:00,502572.0
2017-02-24 00:00:00,446560.0
2017-02-27 00:00:00,442772.0
2017-02-28 00:00:00,404872.0
2017-03-01 00:00:00,839624.0
2017-03-02 00:00:00,533706.0
2017-03-03 00:00:00,414708.0
2017-03-06 00:00:00,482190.0
2017-03-07 00:00:00,621796.0
2017-03-08 00:00:00,576790.0
2017-03-09 00:00:00,534744.0
2017-03-10 00:00:00,659192.0
2017-03-13 00:00:00,508262.0
2017-03-14 00:00:00,657232.0
2017-03-15 00:00:00,591826.0
2017-03-16 00:00:00,698600.0
2017-03-17 00:00:00,556922.0
2017-03-20 00:00:00,663582.0
2017-03-21 00:00:00,590784.0
2017-03-22 00:00:00,569654.0
2017-03-23 00:00:00,730294.0
2017-03-24 00:00:00,541004.0
2017-03-27 00:00:00,707860.0
2017-03-28 00:00:00,636820.0
2017-03-29 00:00:00,486100.0
2017-03-30 00:00:00,701388.0
2017-03-31 00:00:00,520460.0
2017-04-05 00:00:00,548700.0
2017-04-06 00:00:00,479470.0
2017-04-07 00:00:00,705582.0
2017-04-10 00:00:00,929896.0
2017-04-11 00:00:00,622798.0
2017-04-12 00:00:00,823670.0
2017-04-13 00:00:00,508164.0
2017-04-14 00:00:00,472880.0
2017-04-17 00:00:00,643762.0
2017-04-18 00:00:00,714920.0
2017-04-19 00:00:00,920088.0
2017-04-20 00:00:00,780042.0
2017-04-21 00:00:00,581962.0
2017-04-24 00:00:00,638728.0
2017-04-25 00:00:00,561748.0
2017-04-26 00:00:00,465574.0
2017-04-27 00:00:00,591148.0
2017-04-28 00:00:00,511938.0
2017-05-02 00:00:00,401724.0
2017-05-03 00:00:00,403492.0
2017-05-04 00:00:00,662550.0
2017-05-05 00:00:00,617548.0
2017-05-08 00:00:00,857042.0
2017-05-09 00:00:00,442794.0
2017-05-10 00:00:00,457596.0
2017-05-11 00:00:00,885046.0
2017-05-12 00:00:00,443814.0
2017-05-15 00:00:00,502640.0
2017-05-16 00:00:00,551014.0
2017-05-17 00:00:00,552010.0
2017-05-18 00:00:00,446812.0
2017-05-19 00:00:00,619430.0
2017-05-22 00:00:00,490662.0
2017-05-23 00:00:00,429798.0
2017-05-24 00:00:00,555606.0
2017-05-25 00:00:00,343128.0
2017-05-26 00:00:00,566336.0
2017-05-31 00:00:00,515596.0
2017-06-01 00:00:00,477938.0
2017-06-02 00:00:00,506658.0
2017-06-05 00:00:00,499684.0
2017-06-06 00:00:00,511582.0
2017-06-07 00:00:00,495752.0
2017-06-08 00:00:00,384806.0
2017-06-09 00:00:00,482596.0
2017-06-12 00:00:00,535666.0
2017-06-13 00:00:00,302976.0
2017-06-14 00:00:00,329568.0
2017-06-15 00:00:00,399258.0
2017-06-16 00:00:00,535974.0
2017-06-19 00:00:00,439686.0
2017-06-20 00:00:00,445692.0
2017-06-21 00:00:00,481394.0
2017-06-22 00:00:00,356426.0
2017-06-23 00:00:00,365392.0
2017-06-26 00:00:00,297214.0
2017-06-27 00:00:00,336368.0
2017-06-28 00:00:00,549870.0
2017-06-29 00:00:00,779390.0
2017-06-30 00:00:00,547860.0
2017-07-03 00:00:00,496382.0
2017-07-04 00:00:00,511318.0
2017-07-05 00:00:00,320600.0
2017-07-06 00:00:00,587162.0
2017-07-07 00:00:00,377824.0
2017-07-10 00:00:00,635912.0
2017-07-11 00:00:00,642682.0
2017-07-12 00:00:00,409666.0
2017-07-13 00:00:00,484128.0
2017-07-14 00:00:00,470052.0
2017-07-17 00:00:00,421746.0
2017-07-18 00:00:00,482922.0
2017-07-19 00:00:00,402060.0
2017-07-20 00:00:00,516728.0
2017-07-21 00:00:00,566416.0
2017-07-24 00:00:00,529060.0
2017-07-25 00:00:00,469428.0
2017-07-26 00:00:00,621936.0
2017-07-27 00:00:00,442204.0
2017-07-28 00:00:00,864032.0
2017-07-31 00:00:00,562488.0
2017-08-01 00:00:00,640166.0
2017-08-02 00:00:00,577690.0
2017-08-03 00:00:00,725624.0
2017-08-04 00:00:00,542788.0
2017-08-07 00:00:00,460778.0
2017-08-08 00:00:00,571334.0
2017-08-09 00:00:00,452346.0
2017-08-10 00:00:00,627658.0
2017-08-11 00:00:00,1033688.0
2017-08-14 00:00:00,569408.0
2017-08-15 00:00:00,525868.0
2017-08-16 00:00:00,485212.0
2017-08-17 00:00:00,408854.0
2017-08-18 00:00:00,368768.0
2017-08-21 00:00:00,514228.0
2017-08-22 00:00:00,596568.0
2017-08-23 00:00:00,616002.0
2017-08-24 00:00:00,454140.0
2017-08-25 00:00:00,424810.0
2017-08-28 00:00:00,410824.0
2017-08-29 00:00:00,387082.0
2017-08-30 00:00:00,383966.0
2017-08-31 00:00:00,318822.0
2017-09-01 00:00:00,374546.0
2017-09-04 00:00:00,401342.0
2017-09-05 00:00:00,398496.0
2017-09-06 00:00:00,433204.0
2017-09-07 00:00:00,427494.0
2017-09-08 00:00:00,536796.0
2017-09-11 00:00:00,616504.0
2017-09-12 00:00:00,448044.0
2017-09-13 00:00:00,759268.0
2017-09-14 00:00:00,548476.0
2017-09-15 00:00:00,479532.0
2017-09-18 00:00:00,430600.0
2017-09-19 00:00:00,367076.0
2017-09-20 00:00:00,364790.0
2017-09-21 00:00:00,413336.0
2017-09-22 00:00:00,475360.0
2017-09-25 00:00:00,452428.0
2017-09-26 00:00:00,235176.0
2017-09-27 00:00:00,366810.0
2017-09-28 00:00:00,488748.0
2017-09-29 00:00:00,320966.0
2017-10-09 00:00:00,208070.0
2017-10-10 00:00:00,290788.0
2017-10-11 00:00:00,316560.0
2017-10-12 00:00:00,228810.0
2017-10-13 00:00:00,424952.0
2017-10-16 00:00:00,361078.0
2017-10-17 00:00:00,272948.0
2017-10-18 00:00:00,300544.0
2017-10-19 00:00:00,397356.0
2017-10-20 00:00:00,378412.0
2017-10-23 00:00:00,366274.0
2017-10-24 00:00:00,305084.0
2017-10-25 00:00:00,444430.0
2017-10-26 00:00:00,284440.0
2017-10-27 00:00:00,259138.0
2017-10-30 00:00:00,324198.0
2017-10-31 00:00:00,269194.0
2017-11-01 00:00:00,303098.0
2017-11-02 00:00:00,317246.0
2017-11-03 00:00:00,290410.0
2017-11-06 00:00:00,392544.0
2017-11-07 00:00:00,271252.0
2017-11-08 00:00:00,255200.0
2017-11-09 00:00:00,398140.0
2017-11-10 00:00:00,351150.0
2017-11-13 00:00:00,250448.0
2017-11-14 00:00:00,304622.0
2017-11-15 00:00:00,380376.0
2017-11-16 00:00:00,337570.0
2017-11-17 00:00:00,277764.0
2017-11-20 00:00:00,505312.0
2017-11-21 00:00:00,351366.0
2017-11-22 00:00:00,286594.0
2017-11-23 00:00:00,307838.0
2017-11-24 00:00:00,357958.0
2017-11-27 00:00:00,405342.0
2017-11-28 00:00:00,250988.0
2017-11-29 00:00:00,443356.0
2017-11-30 00:00:00,429920.0
2017-12-01 00:00:00,371846.0
2017-12-04 00:00:00,427750.0
2017-12-05 00:00:00,440308.0
2017-12-06 00:00:00,320060.0
2017-12-07 00:00:00,521514.0
2017-12-08 00:00:00,322128.0
2017-12-11 00:00:00,433132.0
2017-12-12 00:00:00,372472.0
2017-12-13 00:00:00,285740.0
2017-12-14 00:00:00,413498.0
2017-12-15 00:00:00,294920.0
2017-12-18 00:00:00,291484.0
2017-12-19 00:00:00,319544.0
2017-12-20 00:00:00,258066.0
2017-12-21 00:00:00,520682.0
2017-12-22 00:00:00,432160.0
2017-12-25 00:00:00,296072.0
2017-12-26 00:00:00,169094.0
2017-12-27 00:00:00,318960.0
2017-12-28 00:00:00,282112.0
2017-12-29 00:00:00,326208.0
2018-01-02 00:00:00,300976.0
2018-01-03 00:00:00,231842.0
2018-01-04 00:00:00,292050.0
2018-01-05 00:00:00,307242.0
2018-01-08 00:00:00,357874.0
2018-01-09 00:00:00,250634.0
2018-01-10 00:00:00,324208.0
2018-01-11 00:00:00,216050.0
2018-01-12 00:00:00,361922.0
2018-01-15 00:00:00,241782.0
2018-01-16 00:00:00,269824.0
2018-01-17 00:00:00,351442.0
2018-01-18 00:00:00,263050.0
2018-01-19 00:00:00,319358.0
2018-01-22 00:00:00,348936.0
2018-01-23 00:00:00,353774.0
2018-01-24 00:00:00,289228.0
2018-01-25 00:00:00,279108.0
2018-01-26 00:00:00,353348.0
2018-01-29 00:00:00,316158.0
2018-01-30 00:00:00,420676.0
2018-01-31 00:00:00,257702.0
2018-02-01 00:00:00,333808.0
2018-02-02 00:00:00,335442.0
2018-02-05 00:00:00,400668.0
2018-02-06 00:00:00,333696.0
2018-02-07 00:00:00,333178.0
2018-02-08 00:00:00,334284.0
2018-02-09 00:00:00,253302.0
2018-02-12 00:00:00,277974.0
2018-02-13 00:00:00,268814.0
2018-02-14 00:00:00,270298.0
2018-02-22 00:00:00,223262.0
2018-02-23 00:00:00,424256.0
2018-02-26 00:00:00,357494.0
2018-02-27 00:00:00,313936.0
2018-02-28 00:00:00,377874.0
2018-03-01 00:00:00,363994.0
2018-03-02 00:00:00,935322.0
2018-03-05 00:00:00,500700.0
2018-03-06 00:00:00,393604.0
2018-03-07 00:00:00,526306.0
2018-03-08 00:00:00,439064.0
2018-03-09 00:00:00,556168.0
2018-03-12 00:00:00,377518.0
2018-03-13 00:00:00,480668.0
2018-03-14 00:00:00,375304.0
2018-03-15 00:00:00,343068.0
2018-03-16 00:00:00,433170.0
2018-03-19 00:00:00,543738.0
2018-03-20 00:00:00,531488.0
2018-03-21 00:00:00,351624.0
2018-03-22 00:00:00,416162.0
2018-03-23 00:00:00,935938.0
2018-03-26 00:00:00,1022750.0
2018-03-27 00:00:00,734456.0
2018-03-28 00:00:00,388784.0
2018-03-29 00:00:00,556128.0
2018-03-30 00:00:00,660950.0
2018-04-02 00:00:00,752382.0
2018-04-03 00:00:00,474624.0
2018-04-04 00:00:00,839270.0
2018-04-09 00:00:00,873660.0
2018-04-10 00:00:00,754984.0
2018-04-11 00:00:00,597422.0
2018-04-12 00:00:00,561914.0
2018-04-13 00:00:00,454586.0
2018-04-16 00:00:00,403008.0
2018-04-17 00:00:00,514576.0
2018-04-18 00:00:00,387620.0
2018-04-19 00:00:00,452866.0
2018-04-20 00:00:00,456552.0
2018-04-23 00:00:00,485292.0
2018-04-24 00:00:00,444506.0
2018-04-25 00:00:00,324144.0
2018-04-26 00:00:00,462892.0
2018-04-27 00:00:00,341374.0
2018-05-02 00:00:00,304028.0
2018-05-03 00:00:00,311198.0
2018-05-04 00:00:00,343024.0
2018-05-07 00:00:00,408474.0
2018-05-08 00:00:00,310834.0
2018-05-09 00:00:00,486458.0
2018-05-10 00:00:00,333762.0
2018-05-11 00:00:00,345764.0
2018-05-14 00:00:00,400210.0
2018-05-15 00:00:00,370552.0
2018-05-16 00:00:00,453616.0
2018-05-17 00:00:00,374702.0
2018-05-18 00:00:00,583528.0
2018-05-21 00:00:00,879696.0
2018-05-22 00:00:00,509966.0
2018-05-23 00:00:00,499532.0
2018-05-24 00:00:00,567354.0
2018-05-25 00:00:00,529752.0
2018-05-28 00:00:00,422670.0
2018-05-29 00:00:00,379628.0
2018-05-30 00:00:00,1542698.0
2018-05-31 00:00:00,868722.0
2018-06-01 00:00:00,605650.0
2018-06-04 00:00:00,1067444.0
2018-06-05 00:00:00,899628.0
2018-06-06 00:00:00,375708.0
2018-06-07 00:00:00,445790.0
2018-06-08 00:00:00,729430.0
