2009-01-05 00:00:00,0.022633088938476265
2009-01-06 00:00:00,0.03647132169576062
2009-01-07 00:00:00,0.006917293233082766
2009-01-08 00:00:00,-0.025388291517323802
2009-01-09 00:00:00,0.0239043824701195
2009-01-12 00:00:00,0.029631846752469215
2009-01-13 00:00:00,-0.04796511627906974
2009-01-14 00:00:00,0.026259541984732904
2009-01-15 00:00:00,-0.01904195180005952
2009-01-16 00:00:00,0.010919017288444133
2009-01-19 00:00:00,-0.011701170117011661
2009-01-20 00:00:00,-0.004250151791135415
2009-01-21 00:00:00,0.004268292682926722
2009-01-22 00:00:00,0.0009107468123861207
2009-01-23 00:00:00,0.005459508644221955
2009-02-02 00:00:00,-0.023831070889894446
2009-02-03 00:00:00,0.049752781211372055
2009-02-04 00:00:00,0.012658227848101333
2009-02-05 00:00:00,-0.013953488372092981
2009-02-06 00:00:00,0.014445754716981174
2009-02-09 00:00:00,0.04882301656495214
2009-02-10 00:00:00,0.016902188972014454
2009-02-11 00:00:00,-0.018528610354223485
2009-02-12 00:00:00,0.006662965019433642
2009-02-13 00:00:00,0.01709873138444573
2009-02-16 00:00:00,-0.030368763557483747
2009-02-17 00:00:00,-0.009228187919463116
2009-02-18 00:00:00,-0.04346598927462597
2009-02-19 00:00:00,-0.025966361758630874
2009-02-20 00:00:00,0.02393214177521963
2009-02-23 00:00:00,0.023668639053254337
2009-02-24 00:00:00,-0.033236994219653204
2009-02-25 00:00:00,0.011061285500747475
2009-02-26 00:00:00,-0.007392075694855116
2009-02-27 00:00:00,-0.006255585344057235
2009-03-02 00:00:00,0.0011990407673860837
2009-03-03 00:00:00,0.006586826347305452
2009-03-04 00:00:00,0.0026769779892921175
2009-03-05 00:00:00,-0.007416196974191602
2009-03-06 00:00:00,0.01673640167364021
2009-03-09 00:00:00,-0.022339800117577857
2009-03-10 00:00:00,0.00871918220084189
2009-03-11 00:00:00,-0.00804769001490313
2009-03-12 00:00:00,-0.003305288461538436
2009-03-13 00:00:00,-0.0006029544769370343
2009-03-16 00:00:00,0.002413273001508287
2009-03-17 00:00:00,0.00812518808305751
2009-03-18 00:00:00,-0.0026865671641791433
2009-03-19 00:00:00,0.02005387608500442
2009-03-20 00:00:00,0.0085093896713615
2009-03-23 00:00:00,0.027931335466977014
2009-03-24 00:00:00,-0.020379281064251353
2009-03-25 00:00:00,-0.014157757873446974
2009-03-26 00:00:00,0.009964830011723436
2009-03-27 00:00:00,-0.012768427161926832
2009-03-30 00:00:00,-0.009994121105232234
2009-03-31 00:00:00,0.005344418052256605
2009-04-01 00:00:00,0.010041346721795685
2009-04-02 00:00:00,0.011988304093567326
2009-04-03 00:00:00,0.013290956370991092
2009-04-07 00:00:00,0.015112631879098837
2009-04-08 00:00:00,-0.026685393258427004
2009-04-09 00:00:00,0.015295815295815363
2009-04-10 00:00:00,0.008243320068220594
2009-04-13 00:00:00,0.017761488581900187
2009-04-14 00:00:00,0.0041551246537396835
2009-04-15 00:00:00,0.021793103448275897
2009-04-16 00:00:00,0.005939524838012966
2009-04-17 00:00:00,-0.0037573805689747886
2009-04-20 00:00:00,-0.010506465517241326
2009-04-21 00:00:00,-0.04247209365641169
2009-04-22 00:00:00,0.010235996588001228
2009-04-23 00:00:00,0.05009850830284268
2009-04-24 00:00:00,-0.009916912355936724
2009-04-27 00:00:00,-0.037899296155928575
2009-04-28 00:00:00,0.009848058525604886
2009-04-29 00:00:00,0.009473390916689972
2009-04-30 00:00:00,0.023737234336185464
2009-05-04 00:00:00,0.046104071178215245
2009-05-05 00:00:00,-0.013917525773195827
2009-05-06 00:00:00,0.0266596968112911
2009-05-07 00:00:00,-0.008910386965376826
2009-05-08 00:00:00,0.020806575905471414
2009-05-11 00:00:00,-0.017866129843985945
2009-05-12 00:00:00,0.021009479887266203
2009-05-13 00:00:00,0.00526976160602266
2009-05-14 00:00:00,-0.021467798302546193
2009-05-15 00:00:00,-0.005867346938775553
2009-05-18 00:00:00,-0.025404157043879882
2009-05-19 00:00:00,0.019220642443391167
2009-05-20 00:00:00,-0.007491604236631311
2009-05-21 00:00:00,-0.003123373243102523
2009-05-22 00:00:00,0.008616187989556101
2009-05-25 00:00:00,-0.002070929329536675
2009-05-26 00:00:00,-0.009597924773022015
2009-05-27 00:00:00,-0.0013095861707700385
2009-06-01 00:00:00,0.04196170993968007
2009-06-02 00:00:00,-0.0007550969041026923
2009-06-03 00:00:00,0.0068010075566751205
2009-06-04 00:00:00,-0.010507880910682998
2009-06-05 00:00:00,0.008849557522123908
2009-06-08 00:00:00,-0.01253132832080206
2009-06-09 00:00:00,0.0035532994923856975
2009-06-10 00:00:00,-0.005058168942842722
2009-06-11 00:00:00,-0.0066090493136756745
2009-06-12 00:00:00,-0.010491299897645856
2009-06-15 00:00:00,-0.007240755107318364
2009-06-16 00:00:00,0.0033862985152384173
2009-06-17 00:00:00,-0.0012980269989615323
2009-06-18 00:00:00,-0.007018455939693302
2009-06-19 00:00:00,-0.0015706806282722585
2009-06-22 00:00:00,-0.015731515469323498
2009-06-23 00:00:00,0.005594033031433243
2009-06-24 00:00:00,-0.0018543046357616388
2009-06-25 00:00:00,0.030254777070063632
2009-06-26 00:00:00,0.003348789283874387
2009-06-29 00:00:00,-0.01720154043645694
2009-06-30 00:00:00,0.003396029258098121
2009-07-01 00:00:00,0.011455350169226719
2009-07-02 00:00:00,-0.012612612612612595
2009-07-03 00:00:00,-0.014077163712200247
2009-07-06 00:00:00,-0.0021152829190904665
2009-07-07 00:00:00,-0.0007949125596183881
2009-07-08 00:00:00,-0.025722619994696383
2009-07-09 00:00:00,0.003810560696788201
2009-07-10 00:00:00,-0.0013557483731019282
2009-07-13 00:00:00,-0.008145533532446403
2009-07-14 00:00:00,0.008486175745962221
2009-07-15 00:00:00,0.009229098805646041
2009-07-16 00:00:00,-0.008068854222700428
2009-07-17 00:00:00,0.002169197396963085
2009-07-20 00:00:00,0.014880952380952328
2009-07-21 00:00:00,-0.007198080511863547
2009-07-22 00:00:00,-0.001879699248120259
2009-07-23 00:00:00,0.0032284100080710587
2009-07-24 00:00:00,-0.004022526146419958
2009-07-27 00:00:00,-0.0051157781367797694
2009-07-28 00:00:00,0.012449255751014965
2009-07-29 00:00:00,-0.004544239508152859
2009-07-30 00:00:00,0.00725026852846411
2009-07-31 00:00:00,0.010930418555052057
2009-08-03 00:00:00,0.015295358649789037
2009-08-04 00:00:00,0.0031168831168830735
2009-08-05 00:00:00,0.011393060590367599
2009-08-06 00:00:00,-0.014848950332821298
2009-08-07 00:00:00,-0.0005197505197505059
2009-08-10 00:00:00,0.02002080083203328
2009-08-11 00:00:00,-0.0017843487127198188
2009-08-12 00:00:00,0.005362614913176689
2009-08-13 00:00:00,0.009906019812039535
2009-08-14 00:00:00,-0.01886317907444668
2009-08-17 00:00:00,-0.024352730069213013
2009-08-18 00:00:00,0.010772464529690051
2009-08-19 00:00:00,-0.014036911879386493
2009-08-20 00:00:00,0.012918534141840299
2009-08-21 00:00:00,-0.0039042165538781815
2009-08-24 00:00:00,0.02038149986934945
2009-08-25 00:00:00,-0.002560819462227859
2009-08-26 00:00:00,0.005648267008985908
2009-08-27 00:00:00,-0.0030635690579524644
2009-08-28 00:00:00,0.006145966709347084
2009-08-31 00:00:00,-0.018834308984474468
2009-09-01 00:00:00,-0.0012970168612191912
2009-09-02 00:00:00,-0.010649350649350686
2009-09-03 00:00:00,0.006300866369125746
2009-09-04 00:00:00,-0.012783720323506387
2009-09-07 00:00:00,-0.01189217758985206
2009-09-08 00:00:00,0.009360791655522949
2009-09-09 00:00:00,0.0007949125596184992
2009-09-10 00:00:00,-0.00026476039184542
2009-09-11 00:00:00,-0.010063559322033844
2009-09-14 00:00:00,-0.012306046013911165
2009-09-15 00:00:00,0.00514626218851566
2009-09-16 00:00:00,0.01212611156022625
2009-09-17 00:00:00,0.004259850905218299
2009-09-18 00:00:00,-0.0034464475079533097
2009-09-21 00:00:00,0.0010641127959563068
2009-09-22 00:00:00,-0.008503853308530429
2009-09-23 00:00:00,-0.00482444384883407
2009-09-24 00:00:00,-0.003501211957985473
2009-09-25 00:00:00,-0.00216216216216214
2009-09-28 00:00:00,-0.014084507042253502
2009-09-29 00:00:00,0.0038461538461538325
2009-09-30 00:00:00,0.004378762999452723
2009-10-09 00:00:00,0.00708446866485013
2009-10-12 00:00:00,0.01975108225108224
2009-10-13 00:00:00,-0.0039798355001327
2009-10-14 00:00:00,0.0042621204049013706
2009-10-15 00:00:00,-0.001856763925729421
2009-10-16 00:00:00,0.010895562051554508
2009-10-19 00:00:00,0.006834910620399537
2009-10-20 00:00:00,-0.0023498694516971286
2009-10-21 00:00:00,-0.0020936927505889047
2009-10-22 00:00:00,-0.0005245213742459676
2009-10-23 00:00:00,0.048018892679086767
2009-10-26 00:00:00,-0.0010015022533800266
2009-10-27 00:00:00,-0.012781954887218006
2009-10-28 00:00:00,0.0038080731150038627
2009-10-29 00:00:00,-0.006575619625695528
2009-10-30 00:00:00,0.005091649694501044
2009-11-02 00:00:00,-0.0005065856129685686
2009-11-03 00:00:00,-0.00025342118601112684
2009-11-04 00:00:00,0.0038022813688212143
2009-11-05 00:00:00,-0.0037878787878787845
2009-11-06 00:00:00,0.004309252217997495
2009-11-09 00:00:00,-0.0007571933366986583
2009-11-10 00:00:00,-0.003536246526900766
2009-11-11 00:00:00,0.0027883396704688757
2009-11-12 00:00:00,0.01946410515672392
2009-11-13 00:00:00,0.0017356806347632592
2009-11-16 00:00:00,0.011138613861386037
2009-11-17 00:00:00,-0.0058751529987760565
2009-11-18 00:00:00,0.006402363949766121
2009-11-19 00:00:00,0.0
2009-11-20 00:00:00,0.0070956691950085915
2009-11-23 00:00:00,0.016034985422740622
2009-11-24 00:00:00,-0.016260162601625994
2009-11-25 00:00:00,0.012639766650461848
2009-11-26 00:00:00,0.0019203072491598139
2009-11-27 00:00:00,-0.0261140392908481
2009-11-30 00:00:00,0.0177121771217712
2009-12-01 00:00:00,0.00048344210780748575
2009-12-02 00:00:00,0.006523314810340741
2009-12-03 00:00:00,-0.002640422467594772
2009-12-04 00:00:00,0.011793020457280479
2009-12-07 00:00:00,0.020218839200761174
2009-12-08 00:00:00,0.002098391233387842
2009-12-09 00:00:00,-0.019311307584923165
2009-12-10 00:00:00,-0.007354685646500547
2009-12-11 00:00:00,0.004780114722753304
2009-12-14 00:00:00,-0.006660323501427201
2009-12-15 00:00:00,-0.00047892720306508263
2009-12-16 00:00:00,0.003593675131768004
2009-12-17 00:00:00,-0.002864645500119334
2009-12-18 00:00:00,0.003830500359109479
2009-12-21 00:00:00,-0.005008347245408995
2009-12-22 00:00:00,-0.00455417066155317
2009-12-23 00:00:00,-0.0007223693715386892
2009-12-24 00:00:00,0.005301204819277094
2009-12-25 00:00:00,-0.003835091083413178
2009-12-28 00:00:00,0.011790182868142374
2009-12-29 00:00:00,-0.0014268727705113449
2009-12-30 00:00:00,-0.001905215527506554
2009-12-31 00:00:00,0.015986638033882228
2010-01-04 00:00:00,0.012682010333489924
2010-01-05 00:00:00,0.0004638218923933568
2010-01-06 00:00:00,0.009272137227630983
2010-01-07 00:00:00,-0.023197060174552142
2010-01-08 00:00:00,-0.012932047966141558
2010-01-11 00:00:00,0.009290138161029082
2010-01-12 00:00:00,-0.011328770356384243
2010-01-13 00:00:00,-0.028169014084507005
2010-01-14 00:00:00,0.005158437730287346
2010-01-15 00:00:00,-0.0056207233626588415
2010-01-18 00:00:00,-0.004423691324649814
2010-01-19 00:00:00,0.0009874105159219937
2010-01-20 00:00:00,-0.01602959309494456
2010-01-21 00:00:00,0.012531328320801949
2010-01-22 00:00:00,-0.0012376237623762387
2010-01-25 00:00:00,-0.0014869888475836923
2010-01-26 00:00:00,-0.011913626209977712
2010-01-27 00:00:00,0.009294147199196079
2010-01-28 00:00:00,-0.012941762070681984
2010-01-29 00:00:00,-0.0047907211296016605
2010-02-01 00:00:00,-0.012921205979224748
2010-02-02 00:00:00,0.004106776180698102
2010-02-03 00:00:00,0.01968302658486709
2010-02-04 00:00:00,-0.007771371270995253
2010-02-05 00:00:00,0.00025265285497733103
2010-02-08 00:00:00,0.007072493053801532
2010-02-09 00:00:00,0.0
2010-02-10 00:00:00,-0.0012540757461750873
2010-02-11 00:00:00,0.004018081366147674
2010-02-12 00:00:00,-0.006503251625812889
2010-02-22 00:00:00,0.01283987915407847
2010-02-23 00:00:00,0.011682823763360606
2010-02-24 00:00:00,-0.00687960687960687
2010-02-25 00:00:00,-0.0012370113805046934
2010-02-26 00:00:00,-0.005697299975229164
2010-03-01 00:00:00,0.008221225710014934
2010-03-02 00:00:00,0.005683222139856614
2010-03-03 00:00:00,0.002457002457002533
2010-03-04 00:00:00,-0.011274509803921529
2010-03-05 00:00:00,0.006197322756569257
2010-03-08 00:00:00,0.0009854644000986124
2010-03-09 00:00:00,0.0063992124046270416
2010-03-10 00:00:00,-0.001956468574223491
2010-03-11 00:00:00,-0.005145797598627766
2010-03-12 00:00:00,-0.0071428571428571175
2010-03-15 00:00:00,-0.008930786405358493
2010-03-16 00:00:00,0.0005006257822277593
2010-03-17 00:00:00,0.005754315736802518
2010-03-18 00:00:00,-0.006218905472636815
2010-03-19 00:00:00,0.010262828535669621
2010-03-22 00:00:00,0.010654112983151665
2010-03-23 00:00:00,0.0031870556508948322
2010-03-24 00:00:00,0.00024437927663734094
2010-03-25 00:00:00,0.0012215978499878766
2010-03-26 00:00:00,-0.00512445095168379
2010-03-29 00:00:00,0.0009811135638950752
2010-03-30 00:00:00,0.002205341827983265
2010-03-31 00:00:00,-0.0022004889975549835
2010-04-01 00:00:00,-0.002205341827983376
2010-04-02 00:00:00,0.005157170923379084
2010-04-06 00:00:00,-0.000977278279990279
2010-04-07 00:00:00,0.009048667155783896
2010-04-08 00:00:00,-0.00508967523024717
2010-04-09 00:00:00,0.0038976857490864436
2010-04-12 00:00:00,0.0014559572919194963
2010-04-13 00:00:00,-0.001696147322510333
2010-04-14 00:00:00,0.0014563106796117165
2010-04-15 00:00:00,-0.0031507513330101267
2010-04-16 00:00:00,0.0004862630683200031
2010-04-19 00:00:00,-0.007776427703523714
2010-04-20 00:00:00,0.0041636051922606665
2010-04-21 00:00:00,0.0019512195121951237
2010-04-22 00:00:00,-0.0012171372930867008
2010-04-23 00:00:00,0.0043870338776506035
2010-04-26 00:00:00,-0.00024265954865321238
2010-04-27 00:00:00,-0.001941747572815511
2010-04-28 00:00:00,-0.00899805447470814
2010-04-29 00:00:00,-0.0004907975460122227
2010-04-30 00:00:00,0.0036827890989443723
2010-05-04 00:00:00,-0.0024461839530333096
2010-05-05 00:00:00,0.0019617459538989745
2010-05-06 00:00:00,-0.006852667645619204
2010-05-07 00:00:00,-0.009857072449482529
2010-05-10 00:00:00,0.010452961672473782
2010-05-11 00:00:00,-0.003694581280788145
2010-05-12 00:00:00,0.001977750309023474
2010-05-13 00:00:00,-0.0027140389834690026
2010-05-14 00:00:00,-0.0047006432459179015
2010-05-17 00:00:00,-0.005965697240865042
2010-05-18 00:00:00,0.006251562890722706
2010-05-19 00:00:00,-0.005467196819085474
2010-05-20 00:00:00,0.004747626186906606
2010-05-21 00:00:00,-0.00024869435463814593
2010-05-24 00:00:00,0.018656716417910557
2010-05-25 00:00:00,-0.008547008547008517
2010-05-26 00:00:00,0.0034482758620688614
2010-05-27 00:00:00,0.0019636720667648433
2010-05-28 00:00:00,-0.001714845663890241
2010-05-31 00:00:00,-0.00466257668711656
2010-06-01 00:00:00,0.004191321499013911
2010-06-02 00:00:00,0.010066290203780914
2010-06-03 00:00:00,-0.00437530384054452
2010-06-04 00:00:00,0.002685546875
2010-06-07 00:00:00,-0.018261504747991264
2010-06-08 00:00:00,0.005456349206349298
2010-06-09 00:00:00,0.0012333497779970504
2010-06-10 00:00:00,-0.00246366100024642
2010-06-11 00:00:00,0.0007409236848605616
2010-06-17 00:00:00,0.012339585389930852
2010-06-18 00:00:00,0.0029254022428084614
2010-06-21 00:00:00,0.008507535245503073
2010-06-22 00:00:00,-0.0012051096649795534
2010-06-23 00:00:00,-0.00024131274131278246
2010-06-24 00:00:00,-0.0019309678976586753
2010-06-25 00:00:00,-0.002176541717049618
2010-06-28 00:00:00,-0.0021812893843916603
2010-06-29 00:00:00,-0.007286859363614284
2010-06-30 00:00:00,-0.003425495473452389
2010-07-01 00:00:00,-0.001473115639577749
2010-07-02 00:00:00,0.00417998524711094
2010-07-05 00:00:00,-0.0009794319294809117
2010-07-06 00:00:00,0.002941176470588225
2010-07-07 00:00:00,-0.00024437927663734094
2010-07-08 00:00:00,0.002199951112197507
2010-07-09 00:00:00,0.006829268292682933
2010-07-12 00:00:00,-0.003875968992248069
2010-07-13 00:00:00,-0.0009727626459143934
2010-07-14 00:00:00,0.011441090555014632
2010-07-15 00:00:00,0.0019253910950662867
2010-07-16 00:00:00,0.0067259188085515564
2010-07-19 00:00:00,-0.0021474588403722628
2010-07-20 00:00:00,0.0
2010-07-21 00:00:00,-0.0004782400765184214
2010-07-22 00:00:00,0.000956937799043045
2010-07-23 00:00:00,-0.002390057361376652
2010-07-26 00:00:00,0.0028749401054144474
2010-07-27 00:00:00,-0.009555661729574783
2010-07-28 00:00:00,0.005065123010130179
2010-07-29 00:00:00,0.0031197504199664827
2010-07-30 00:00:00,0.0023923444976077235
2010-08-02 00:00:00,0.009307875894988049
2010-08-03 00:00:00,0.009931425868999755
2010-08-04 00:00:00,0.002809646452821335
2010-08-05 00:00:00,-0.006537473733364441
2010-08-06 00:00:00,0.03055229142185656
2010-08-09 00:00:00,0.00957810718358032
2010-08-10 00:00:00,-0.010842557036367717
2010-08-11 00:00:00,-0.002055263758849013
2010-08-12 00:00:00,-0.0013729977116704317
2010-08-13 00:00:00,0.013748854262144894
2010-08-16 00:00:00,0.00022603978300184124
2010-08-17 00:00:00,-0.0038418079096045332
2010-08-18 00:00:00,-0.014972776769510032
2010-08-19 00:00:00,-0.0006909258406264662
2010-08-20 00:00:00,-0.014749942383037618
2010-08-23 00:00:00,0.00070175438596487
2010-08-24 00:00:00,-0.0028050490883591017
2010-08-25 00:00:00,-0.0018752930145334856
2010-08-26 00:00:00,0.01009863785814935
2010-08-27 00:00:00,0.002557544757033181
2010-08-30 00:00:00,0.005102040816326481
2010-08-31 00:00:00,-0.013613290263036482
2010-09-01 00:00:00,-0.00023391812865491968
2010-09-02 00:00:00,0.0039775386055218576
2010-09-03 00:00:00,0.005360055931018515
2010-09-06 00:00:00,0.0037088548910524377
2010-09-07 00:00:00,0.002309468822170979
2010-09-08 00:00:00,-0.0020737327188939947
2010-09-09 00:00:00,-0.014315400600323214
2010-09-10 00:00:00,0.0035137034434293835
2010-09-13 00:00:00,0.00023342670401493848
2010-09-14 00:00:00,-0.0018669778296382944
2010-09-15 00:00:00,0.0011690437222351413
2010-09-16 00:00:00,-0.0011676786548341367
2010-09-17 00:00:00,0.0009352349777882463
2010-09-20 00:00:00,0.017519271198318087
2010-09-21 00:00:00,-0.005968778696051391
2010-09-27 00:00:00,0.016628175519630473
2010-09-28 00:00:00,0.003861880963198505
2010-09-29 00:00:00,0.005431093007467691
2010-09-30 00:00:00,0.002925950934053567
2010-10-08 00:00:00,-0.0020197486535008524
2010-10-11 00:00:00,0.054418709242185725
2010-10-12 00:00:00,-0.01748773725741093
2010-10-13 00:00:00,0.004992402865205081
2010-10-14 00:00:00,0.005831533477321793
2010-10-15 00:00:00,0.00901868155464891
2010-10-18 00:00:00,-0.013407107895296866
2010-10-19 00:00:00,0.01272648835202772
2010-10-20 00:00:00,0.010010649627262946
2010-10-21 00:00:00,0.017714044706874654
2010-10-22 00:00:00,0.0035225859925405167
2010-10-25 00:00:00,0.032211439190584334
2010-10-26 00:00:00,-0.008401680336067252
2010-10-27 00:00:00,-0.026830744401855955
2010-10-28 00:00:00,0.011401326699834069
2010-10-29 00:00:00,-0.024595203935232623
2010-11-01 00:00:00,0.018701407858793928
2010-11-02 00:00:00,0.0008250825082507518
2010-11-03 00:00:00,-0.0022671063478977294
2010-11-04 00:00:00,0.027060524684982434
2010-11-05 00:00:00,0.042035398230088505
2010-11-08 00:00:00,0.002123142250530785
2010-11-09 00:00:00,0.009630200308166303
2010-11-10 00:00:00,0.004959938954597565
2010-11-11 00:00:00,-0.0017084282460136935
2010-11-12 00:00:00,-0.047537554668187876
2010-11-15 00:00:00,0.002994609702535511
2010-11-16 00:00:00,-0.014928343949044631
2010-11-17 00:00:00,-0.03738128914932315
2010-11-18 00:00:00,0.0031486146095718315
2010-11-19 00:00:00,0.008997698263234932
2010-11-22 00:00:00,-0.02053090004147662
2010-11-23 00:00:00,-0.011221681134871875
2010-11-24 00:00:00,0.019914346895074875
2010-11-25 00:00:00,0.003779130799915986
2010-11-26 00:00:00,-0.009621418113365365
2010-11-29 00:00:00,0.00971488912354812
2010-11-30 00:00:00,0.002928257686676483
2010-12-01 00:00:00,0.007924921793534878
2010-12-02 00:00:00,0.009104076143182205
2010-12-03 00:00:00,0.001845396760303375
2010-12-06 00:00:00,0.011051985264019626
2010-12-07 00:00:00,0.006882591093117396
2010-12-08 00:00:00,-0.025130679533574618
2010-12-09 00:00:00,0.008042895442359255
2010-12-10 00:00:00,0.0010229132569559152
2010-12-13 00:00:00,0.012875536480686733
2010-12-14 00:00:00,0.011097659402744098
2010-12-15 00:00:00,0.006385950908002425
2010-12-16 00:00:00,-0.001586357326987864
2010-12-17 00:00:00,0.003376365441906559
2010-12-20 00:00:00,-0.0009897070467141944
2010-12-21 00:00:00,0.010303150386368198
2010-12-22 00:00:00,-0.0041184545989410015
2010-12-23 00:00:00,0.020283576211106658
2010-12-24 00:00:00,-0.00270218104613007
2010-12-27 00:00:00,0.0029030385136443737
2010-12-28 00:00:00,0.010034735623311475
2010-12-29 00:00:00,-0.01604891096675587
2010-12-30 00:00:00,0.006019417475728206
2010-12-31 00:00:00,0.0011580775911985697
2011-01-04 00:00:00,0.010410641989589298
2011-01-05 00:00:00,-0.009730967372638788
2011-01-06 00:00:00,0.024277456647398887
2011-01-07 00:00:00,-0.02483069977426633
2011-01-10 00:00:00,-0.005594135802469147
2011-01-11 00:00:00,0.008535402521823388
2011-01-12 00:00:00,-0.009040200038468948
2011-01-13 00:00:00,0.010287267080745233
2011-01-14 00:00:00,0.00019212295869364127
2011-01-17 00:00:00,-0.008067614291202507
2011-01-18 00:00:00,-0.0034856700232378524
2011-01-19 00:00:00,0.013408472600077825
2011-01-20 00:00:00,0.0395014381591563
2011-01-21 00:00:00,-0.0005534034311012181
2011-01-24 00:00:00,0.008859357696566983
2011-01-25 00:00:00,-0.01244054152945484
2011-01-26 00:00:00,-0.02278621711745088
2011-01-27 00:00:00,0.011374407582938284
2011-01-28 00:00:00,-0.004123711340206171
2011-01-31 00:00:00,0.015433841520797964
2011-02-01 00:00:00,0.0029657089898054156
2011-02-09 00:00:00,0.014784697837737948
2011-02-10 00:00:00,0.008923693316335912
2011-02-11 00:00:00,-0.0014440433212996595
2011-02-14 00:00:00,0.002349963846710157
2011-02-15 00:00:00,-0.011000901713255185
2011-02-16 00:00:00,-0.020423048869438354
2011-02-17 00:00:00,-0.012285927029039412
2011-02-18 00:00:00,-0.004334715416509649
2011-02-21 00:00:00,0.00037857278061714794
2011-02-22 00:00:00,0.01021759697256397
2011-02-23 00:00:00,-0.04120621839295746
2011-02-24 00:00:00,-0.014455948427427256
2011-02-25 00:00:00,0.01783944499504453
2011-02-28 00:00:00,0.01382667964946438
2011-03-01 00:00:00,-0.00019208605455245387
2011-03-02 00:00:00,0.01421709894332368
2011-03-03 00:00:00,-0.005493464671339265
2011-03-04 00:00:00,0.008571428571428674
2011-03-07 00:00:00,0.0028328611898016387
2011-03-08 00:00:00,-0.020715630885122405
2011-03-09 00:00:00,-0.004423076923076974
2011-03-10 00:00:00,-0.01178288584122078
2011-03-11 00:00:00,-0.0031274433150899617
2011-03-14 00:00:00,-0.012941176470588234
2011-03-15 00:00:00,0.005363528009535212
2011-03-16 00:00:00,-0.012052953961667612
2011-03-17 00:00:00,0.010199999999999987
2011-03-18 00:00:00,0.0122747970698871
2011-03-21 00:00:00,0.009192255036182262
2011-03-22 00:00:00,-0.0073643410852712865
2011-03-23 00:00:00,0.01327606403748538
2011-03-24 00:00:00,-0.015992292870905533
2011-03-25 00:00:00,0.010769532014881511
2011-03-28 00:00:00,0.0009686168151878949
2011-03-29 00:00:00,-0.0029030385136442627
2011-03-30 00:00:00,0.013781055900621064
2011-03-31 00:00:00,0.0028719126938541173
2011-04-01 00:00:00,0.0064910271095837135
2011-04-06 00:00:00,0.014605462822458337
2011-04-07 00:00:00,-0.004673770798280019
2011-04-08 00:00:00,0.005634861006761804
2011-04-11 00:00:00,0.0028016436309301618
2011-04-12 00:00:00,-0.018066679083628245
2011-04-13 00:00:00,-0.006069802731411222
2011-04-14 00:00:00,-0.012404580152671763
2011-04-15 00:00:00,-0.005797101449275366
2011-04-18 00:00:00,0.00291545189504383
2011-04-19 00:00:00,-0.005038759689922512
2011-04-20 00:00:00,0.017140631086871805
2011-04-21 00:00:00,-0.003638452700114869
2011-04-22 00:00:00,0.007495675571785432
2011-04-25 00:00:00,-0.004387638305990094
2011-04-26 00:00:00,-0.018777543590726142
2011-04-27 00:00:00,-0.0009763718023823031
2011-04-28 00:00:00,0.00899139953088346
2011-04-29 00:00:00,-0.020147229755908547
2011-05-03 00:00:00,0.008896797153024938
2011-05-04 00:00:00,-0.00881834215167554
2011-05-05 00:00:00,-0.0025701858442072067
2011-05-06 00:00:00,-0.02041625371655109
2011-05-09 00:00:00,0.004249291784702569
2011-05-10 00:00:00,0.009268587547854201
2011-05-11 00:00:00,0.0
2011-05-12 00:00:00,-0.010181672988620494
2011-05-13 00:00:00,0.015530455828963285
2011-05-16 00:00:00,-0.005958291956305817
2011-05-17 00:00:00,0.0007992007992008165
2011-05-18 00:00:00,0.011778798163305959
2011-05-19 00:00:00,0.0029597474348854735
2011-05-20 00:00:00,0.008459571119417753
2011-05-23 00:00:00,0.026531408505657383
2011-05-24 00:00:00,0.00931204865070323
2011-05-25 00:00:00,-0.0047072114479382865
2011-05-26 00:00:00,0.009080590238365494
2011-05-27 00:00:00,-0.0018747656542932312
2011-05-30 00:00:00,0.0018782870022540088
2011-05-31 00:00:00,-0.0005624296962879471
2011-06-01 00:00:00,-0.004126805477396411
2011-06-02 00:00:00,0.002825390845733633
2011-06-03 00:00:00,0.015214124718256894
2011-06-07 00:00:00,-0.009250693802035137
2011-06-08 00:00:00,-0.005228758169934622
2011-06-09 00:00:00,0.0011263375258119268
2011-06-10 00:00:00,-0.005625351584474081
2011-06-13 00:00:00,-0.0016971525551574551
2011-06-14 00:00:00,0.002077823951643465
2011-06-15 00:00:00,0.0011310084825635336
2011-06-16 00:00:00,-0.010920730559216718
2011-06-17 00:00:00,-0.0022844089091947906
2011-06-20 00:00:00,0.0009540164090822145
2011-06-21 00:00:00,0.0072436141822340705
2011-06-22 00:00:00,-0.003974261922785716
2011-06-23 00:00:00,-0.004370131103933139
2011-06-24 00:00:00,-0.0017175572519083637
2011-06-27 00:00:00,-0.01452877078952397
2011-06-28 00:00:00,-0.00038797284190106307
2011-06-29 00:00:00,0.00485154279060751
2011-06-30 00:00:00,0.005214368482039378
2011-07-01 00:00:00,-0.00672430355427478
2011-07-04 00:00:00,0.010444874274661453
2011-07-05 00:00:00,-0.002105666156202113
2011-07-06 00:00:00,0.0005754843660079612
2011-07-07 00:00:00,0.0034509202453987253
2011-07-08 00:00:00,0.008215513947267938
2011-07-11 00:00:00,0.002084517718400569
2011-07-12 00:00:00,-0.00718608169440238
2011-07-13 00:00:00,0.011428571428571344
2011-07-14 00:00:00,0.004143126177024392
2011-07-15 00:00:00,-0.004126031507876937
2011-07-18 00:00:00,-0.004896421845574372
2011-07-19 00:00:00,0.0018925056775169757
2011-07-20 00:00:00,0.0039667548167736655
2011-07-21 00:00:00,0.00018814675446843232
2011-07-22 00:00:00,-0.0011286681715575453
2011-07-25 00:00:00,-0.011111111111111072
2011-07-26 00:00:00,0.005522757569986769
2011-07-27 00:00:00,0.005303030303030365
2011-07-28 00:00:00,-0.006217030896759623
2011-07-29 00:00:00,-0.0017061611374407093
2011-08-01 00:00:00,0.007975693125712224
2011-08-02 00:00:00,-0.0016955538809344528
2011-08-03 00:00:00,0.002075863370447184
2011-08-04 00:00:00,-0.006779661016949157
2011-08-05 00:00:00,-0.017633674630261664
2011-08-08 00:00:00,-0.001351090523065035
2011-08-09 00:00:00,-0.015075376884422065
2011-08-10 00:00:00,0.007849293563579218
2011-08-11 00:00:00,0.0007788161993769194
2011-08-12 00:00:00,0.0005836575875486361
2011-08-15 00:00:00,0.009333074081275594
2011-08-16 00:00:00,-0.001733769986515088
2011-08-17 00:00:00,0.004824392126592025
2011-08-18 00:00:00,-0.00019204916458614996
2011-08-19 00:00:00,-0.0023050326546292244
2011-08-22 00:00:00,-0.0009626492106276086
2011-08-23 00:00:00,0.007130468298323311
2011-08-24 00:00:00,-0.0019135093761959432
2011-08-25 00:00:00,-0.0013420245398773067
2011-08-26 00:00:00,0.00019197542714533
2011-08-29 00:00:00,0.014011516314779371
2011-08-30 00:00:00,0.0011357183418512218
2011-08-31 00:00:00,0.00529400642843636
2011-09-01 00:00:00,-0.004325747602031194
2011-09-02 00:00:00,-0.0005666792595391268
2011-09-05 00:00:00,-0.00283500283500282
2011-09-06 00:00:00,-0.006254738438210783
2011-09-07 00:00:00,0.009536524890329856
2011-09-08 00:00:00,-0.0030228603816361277
2011-09-09 00:00:00,0.0015160128861095856
2011-09-13 00:00:00,-0.01040681173131508
2011-09-14 00:00:00,-0.008413001912045859
2011-09-15 00:00:00,0.0013497878904744631
2011-09-16 00:00:00,-0.0015405353360292695
2011-09-19 00:00:00,-0.006364513018322082
2011-09-20 00:00:00,0.006211180124223503
2011-09-21 00:00:00,-0.0017361111111111605
2011-09-22 00:00:00,-0.011594202898550732
2011-09-23 00:00:00,-0.01564027370478982
2011-09-26 00:00:00,-0.041112214498510435
2011-09-27 00:00:00,0.028790389395194627
2011-09-28 00:00:00,-0.0064425206361988785
2011-09-29 00:00:00,-0.02046605876393115
2011-09-30 00:00:00,0.022341745966073745
2011-10-10 00:00:00,-0.020841764467826818
2011-10-11 00:00:00,0.0014465798718743539
2011-10-12 00:00:00,0.018159306644655482
2011-10-13 00:00:00,0.0034454803404946333
2011-10-14 00:00:00,0.006463340739244705
2011-10-17 00:00:00,0.0020068231988761287
2011-10-18 00:00:00,-0.017224113759262916
2011-10-19 00:00:00,0.004279600570613384
2011-10-20 00:00:00,-0.01765422077922074
2011-10-21 00:00:00,0.009915306754802788
2011-10-24 00:00:00,0.008386173041521783
2011-10-25 00:00:00,0.0044624746450303565
2011-10-26 00:00:00,-0.003231017770597755
2011-10-27 00:00:00,0.009724473257698651
2011-10-28 00:00:00,-0.004213483146067398
2011-10-31 00:00:00,-0.012693935119887145
2011-11-01 00:00:00,-0.003061224489795955
2011-11-02 00:00:00,0.006755373592630454
2011-11-03 00:00:00,-0.009760065067100476
2011-11-04 00:00:00,0.010677618069815153
2011-11-07 00:00:00,
2011-11-08 00:00:00,-0.0020470829068577334
2011-11-09 00:00:00,0.0032820512820512793
2011-11-10 00:00:00,-0.007769372316499656
2011-11-11 00:00:00,0.009684731094168564
2011-11-14 00:00:00,0.00673469387755099
2011-11-15 00:00:00,0.0008108655990268776
2011-11-16 00:00:00,-0.005874012558233721
2011-11-17 00:00:00,0.010391198044009675
2011-11-18 00:00:00,-0.009679370840895318
2011-11-21 00:00:00,-0.005294237426186066
2011-11-22 00:00:00,-0.012896622313203654
2011-11-23 00:00:00,-0.009124844462878423
2011-11-24 00:00:00,-0.01820845542067806
2011-11-25 00:00:00,-0.008740140694947773
2011-11-28 00:00:00,0.004301075268817289
2011-11-29 00:00:00,0.0025695931477516254
2011-11-30 00:00:00,-0.000640751815463525
2011-12-01 00:00:00,0.013036973712331701
2011-12-02 00:00:00,-0.002953586497890348
2011-12-05 00:00:00,0.00613626745662299
2011-12-06 00:00:00,-0.004626708727655138
2011-12-07 00:00:00,0.0010564124234100358
2011-12-08 00:00:00,-0.006331785563528869
2011-12-09 00:00:00,0.0
2011-12-12 00:00:00,-0.007646559048428259
2011-12-13 00:00:00,0.0006421232876712146
2011-12-14 00:00:00,-0.0036363636363636598
2011-12-15 00:00:00,-0.0019321597252039968
2011-12-16 00:00:00,0.007098300709829974
2011-12-19 00:00:00,0.0036309269542931233
2011-12-20 00:00:00,-0.002766546073632692
2011-12-21 00:00:00,0.0036278275714896058
2011-12-22 00:00:00,0.00106315118009781
2011-12-23 00:00:00,0.008708581138487714
2011-12-26 00:00:00,-0.0031585596967782514
2011-12-27 00:00:00,-0.005703422053231932
2011-12-28 00:00:00,0.0072232844699384735
2011-12-29 00:00:00,0.0008437038599451441
2011-12-30 00:00:00,0.0021074815595363283
2012-01-04 00:00:00,0.007781282860147121
2012-01-05 00:00:00,-0.0006260434056761799
2012-01-06 00:00:00,0.0008352474420547651
2012-01-09 00:00:00,-0.0037554767369080144
2012-01-10 00:00:00,0.0018848167539267102
2012-01-11 00:00:00,0.001881270903010046
2012-01-12 00:00:00,-0.0016691007719591422
2012-01-13 00:00:00,-0.008568443051201635
2012-01-16 00:00:00,-0.009274873524451888
2012-01-17 00:00:00,0.003829787234042481
2012-01-18 00:00:00,-0.003179313268334094
2012-01-19 00:00:00,0.007016797788645501
2012-01-20 00:00:00,0.0025337837837837718
2012-01-30 00:00:00,-0.0014743049705139288
2012-01-31 00:00:00,-0.0031638894747944013
2012-02-01 00:00:00,0.0023275497249259924
2012-02-02 00:00:00,0.0037998733375554927
2012-02-03 00:00:00,0.0016824395373291612
2012-02-06 00:00:00,0.009447826999789966
2012-02-07 00:00:00,-0.0037437603993344393
2012-02-08 00:00:00,0.008559498956158595
2012-02-09 00:00:00,-0.0024839577727178153
2012-02-10 00:00:00,-0.00498028636646608
2012-02-13 00:00:00,0.009384775808133572
2012-02-14 00:00:00,0.006818181818181834
2012-02-15 00:00:00,0.0
2012-02-16 00:00:00,-0.007592858608659991
2012-02-17 00:00:00,0.00723738626964443
2012-02-20 00:00:00,0.0024635598439746165
2012-02-21 00:00:00,0.006348556215441281
2012-02-22 00:00:00,0.0012210012210012167
2012-02-23 00:00:00,0.0004065040650407248
2012-02-24 00:00:00,-0.000406338886631441
2012-02-27 00:00:00,0.003252032520325132
2012-02-28 00:00:00,0.004457050243111826
2012-02-29 00:00:00,0.001008471157724955
2012-03-01 00:00:00,-0.006044731009470117
2012-03-02 00:00:00,0.0034461787958646184
2012-03-05 00:00:00,-0.0014141414141414232
2012-03-06 00:00:00,-0.0042484321262391544
2012-03-07 00:00:00,-0.002844372206420198
2012-03-08 00:00:00,0.0042787286063570296
2012-03-09 00:00:00,0.01602759180361124
2012-03-12 00:00:00,-0.0023961661341852514
2012-03-13 00:00:00,0.007405924739791736
2012-03-14 00:00:00,0.0009934432743889943
2012-03-15 00:00:00,0.0027788805081381263
2012-03-16 00:00:00,0.000593824228028561
2012-03-19 00:00:00,0.005736894164193762
2012-03-20 00:00:00,-0.009244689221085789
2012-03-21 00:00:00,-0.0013897161008536996
2012-03-22 00:00:00,0.0001988071570575567
2012-03-23 00:00:00,0.010137149672033496
2012-03-26 00:00:00,0.008658008658008587
2012-03-27 00:00:00,0.0
2012-03-28 00:00:00,0.003316426063207256
2012-03-29 00:00:00,-0.002527707563678816
2012-03-30 00:00:00,-0.007992202729044884
2012-04-05 00:00:00,0.026920809589310313
2012-04-06 00:00:00,0.007654037504783773
2012-04-09 00:00:00,-0.0009494872768704976
2012-04-10 00:00:00,0.00627257175441942
2012-04-11 00:00:00,-0.011522478277295023
2012-04-12 00:00:00,0.006879419071278425
2012-04-13 00:00:00,0.0036059973429494185
2012-04-16 00:00:00,-0.005862329803328237
2012-04-17 00:00:00,0.006087121932661255
2012-04-18 00:00:00,-0.0035923615050104107
2012-04-19 00:00:00,0.00018975332068316142
2012-04-20 00:00:00,-0.00018971732119144047
2012-04-23 00:00:00,0.006641366223908873
2012-04-24 00:00:00,-0.003958529688972701
2012-04-25 00:00:00,0.004352763058289133
2012-04-26 00:00:00,0.007348784624081395
2012-04-27 00:00:00,0.0014964459408903785
2012-05-02 00:00:00,-0.0037355248412401787
2012-05-03 00:00:00,-0.012185976752905892
2012-05-04 00:00:00,0.004744733345986019
2012-05-07 00:00:00,-0.0039667548167736655
2012-05-08 00:00:00,0.0047411340792717915
2012-05-09 00:00:00,0.001321253303133263
2012-05-10 00:00:00,-0.014326107445805869
2012-05-11 00:00:00,-0.010709504685408322
2012-05-14 00:00:00,-0.01024550550937564
2012-05-15 00:00:00,-0.002343749999999978
2012-05-16 00:00:00,-0.01566170712607673
2012-05-17 00:00:00,0.009148766905330064
2012-05-18 00:00:00,-0.012613322822230932
2012-05-21 00:00:00,0.011976047904191711
2012-05-22 00:00:00,-0.0005917159763313418
2012-05-23 00:00:00,-0.014604302348529719
2012-05-24 00:00:00,0.0028039254956939708
2012-05-25 00:00:00,-0.0017974835230677444
2012-05-28 00:00:00,0.005802320928371296
2012-05-29 00:00:00,-0.002983887010145181
2012-05-30 00:00:00,-0.00857940941739821
2012-05-31 00:00:00,-0.009257395854296635
2012-06-01 00:00:00,-0.0004062563477554848
2012-06-04 00:00:00,-0.01605364763259498
2012-06-05 00:00:00,0.011358942585708354
2012-06-06 00:00:00,0.011435572799673333
2012-06-07 00:00:00,0.0048455481526348265
2012-06-08 00:00:00,-0.006429576049829189
2012-06-11 00:00:00,0.010515672396359976
2012-06-12 00:00:00,-0.0046027616569942476
2012-06-13 00:00:00,-0.00020104543626864313
2012-06-14 00:00:00,-0.015483611502111416
2012-06-15 00:00:00,0.004697712418300748
2012-06-18 00:00:00,0.005895507216914009
2012-06-19 00:00:00,0.005052546483427678
2012-06-20 00:00:00,0.016287954956766493
2012-06-21 00:00:00,-0.006133755441234623
2012-06-25 00:00:00,0.007764284292255619
2012-06-26 00:00:00,-0.0019755037534571196
2012-06-27 00:00:00,-0.00019794140934281668
2012-06-28 00:00:00,-0.0011878835874084004
2012-06-29 00:00:00,0.0049554013875123815
2012-07-02 00:00:00,0.0063116370808677935
2012-07-03 00:00:00,0.009212073696589496
2012-07-04 00:00:00,0.001165274810642769
2012-07-05 00:00:00,0.0027158098933075525
2012-07-06 00:00:00,-0.002514993228864393
2012-07-09 00:00:00,0.007757951900698279
2012-07-10 00:00:00,-0.008468052347959998
2012-07-11 00:00:00,-0.007181677018633592
2012-07-12 00:00:00,-0.009384164222873914
2012-07-13 00:00:00,0.006315373988553308
2012-07-16 00:00:00,0.02216120808001576
2012-07-17 00:00:00,-0.007482732156561811
2012-07-18 00:00:00,-0.006379277015271634
2012-07-19 00:00:00,0.010505836575875449
2012-07-20 00:00:00,0.0001925298421254773
2012-07-23 00:00:00,-0.012897016361886449
2012-07-24 00:00:00,-0.018720748829953227
2012-07-25 00:00:00,-0.003775834658187649
2012-07-26 00:00:00,0.0021942948334330303
2012-07-27 00:00:00,0.007563694267515908
2012-07-30 00:00:00,0.00869221651521146
2012-07-31 00:00:00,-0.0021543282412848086
2012-08-01 00:00:00,0.0009813542688910104
2012-08-02 00:00:00,-0.0023529411764705577
2012-08-03 00:00:00,-0.0013757861635219637
2012-08-06 00:00:00,0.0003936233024994795
2012-08-07 00:00:00,0.006688963210702337
2012-08-08 00:00:00,-0.0068399452804377425
2012-08-09 00:00:00,0.013380558835104361
2012-08-10 00:00:00,-0.0027184466019417597
2012-08-13 00:00:00,0.001168224299065379
2012-08-14 00:00:00,-0.00194476857253989
2012-08-15 00:00:00,0.002143413873733513
2012-08-16 00:00:00,-0.002138829476958981
2012-08-17 00:00:00,0.000584567420109039
2012-08-20 00:00:00,0.0011684518013632683
2012-08-21 00:00:00,0.006808014005057483
2012-08-22 00:00:00,0.010239567233384816
2012-08-23 00:00:00,0.0013386880856760541
2012-08-24 00:00:00,0.0076394194041253805
2012-08-27 00:00:00,0.005686125852918833
2012-08-28 00:00:00,-0.011307953260459858
2012-08-29 00:00:00,-0.0020968356843309444
2012-08-30 00:00:00,0.007449856733524385
2012-08-31 00:00:00,-0.008722032612817565
2012-09-03 00:00:00,0.015302218821729108
2012-09-04 00:00:00,-0.0011303692539562649
2012-09-05 00:00:00,-0.005281026027914026
2012-09-06 00:00:00,-0.009859689040576436
2012-09-07 00:00:00,-0.013596323247797804
2012-09-10 00:00:00,0.004465152397592709
2012-09-11 00:00:00,-0.009856977193660632
2012-09-12 00:00:00,0.005075151278547629
2012-09-13 00:00:00,-0.0005826374053213845
2012-09-14 00:00:00,0.006412747765254467
2012-09-17 00:00:00,-0.022205058891677898
2012-09-18 00:00:00,-0.010663507109004766
2012-09-19 00:00:00,0.012774451097804285
2012-09-20 00:00:00,0.0007883326763893361
2012-09-21 00:00:00,0.002166207168176504
2012-09-24 00:00:00,-0.013362153664767118
2012-09-25 00:00:00,0.003385779725154414
2012-09-26 00:00:00,-0.013894402540690742
2012-09-27 00:00:00,-0.004025764895330131
2012-09-28 00:00:00,-0.0008084074373484462
2012-10-08 00:00:00,0.00020226537216827545
2012-10-09 00:00:00,0.01193124368048526
2012-10-10 00:00:00,0.0007993605115907965
2012-10-11 00:00:00,-0.0017971246006389663
2012-10-12 00:00:00,-0.0012002400480095599
2012-10-15 00:00:00,-0.006408972561586235
2012-10-16 00:00:00,0.005845595646039037
2012-10-17 00:00:00,-0.003607214428857697
2012-10-18 00:00:00,0.003016894609815024
2012-10-19 00:00:00,-0.0014036494886705553
2012-10-22 00:00:00,0.00040160642570286065
2012-10-23 00:00:00,-0.00441589723002811
2012-10-24 00:00:00,0.006250000000000089
2012-10-25 00:00:00,-0.005209376878381078
2012-10-26 00:00:00,-0.0030211480362537513
2012-10-29 00:00:00,-0.002626262626262643
2012-10-30 00:00:00,-0.0030382823577070894
2012-10-31 00:00:00,-0.001422186103210099
2012-11-01 00:00:00,0.005493387589013299
2012-11-02 00:00:00,-0.010724403075677902
2012-11-05 00:00:00,-0.005522601759050949
2012-11-06 00:00:00,0.0012340600575895255
2012-11-07 00:00:00,0.0
2012-11-08 00:00:00,-0.0010271158586688811
2012-11-09 00:00:00,-0.004523956405510954
2012-11-12 00:00:00,-0.024375129105556725
2012-11-13 00:00:00,0.01058649163667158
2012-11-14 00:00:00,0.013199245757385292
2012-11-15 00:00:00,0.0028949545078578165
2012-11-16 00:00:00,-0.02515463917525773
2012-11-19 00:00:00,0.009517766497461944
2012-11-20 00:00:00,-0.0008380473496752971
2012-11-21 00:00:00,0.003355001048437778
2012-11-22 00:00:00,-0.0002089864158829613
2012-11-23 00:00:00,0.005852842809364489
2012-11-26 00:00:00,0.00436408977556102
2012-11-27 00:00:00,-0.0012414649286157653
2012-11-28 00:00:00,0.0016573441060701022
2012-11-29 00:00:00,-0.00020682523267834263
2012-11-30 00:00:00,0.0026892842366570413
2012-12-03 00:00:00,0.007220961419434735
2012-12-04 00:00:00,0.0012290045063498845
2012-12-05 00:00:00,0.008592471358428888
2012-12-06 00:00:00,-0.00040567951318459805
2012-12-07 00:00:00,0.0012175324675325339
2012-12-10 00:00:00,0.0020267531414672746
2012-12-11 00:00:00,-0.004045307443365731
2012-12-12 00:00:00,-0.006904955320877315
2012-12-13 00:00:00,0.0024539877300613355
2012-12-14 00:00:00,0.007751937984496138
2012-12-17 00:00:00,0.0024291497975708065
2012-12-18 00:00:00,-0.004644588045234266
2012-12-19 00:00:00,-0.0060864272671941055
2012-12-20 00:00:00,-0.005511328842620955
2012-12-21 00:00:00,0.004310344827586299
2012-12-24 00:00:00,0.0032699775189044544
2012-12-25 00:00:00,0.0008148299042574081
2012-12-26 00:00:00,0.002442499491145833
2012-12-27 00:00:00,0.004873096446700531
2012-12-28 00:00:00,-0.010507173166296235
2012-12-31 00:00:00,-0.004084133142740476
2013-01-04 00:00:00,0.010047160139430078
2013-01-07 00:00:00,-0.0062931384490458875
2013-01-08 00:00:00,-0.00040858018386102923
2013-01-09 00:00:00,0.007153075822603716
2013-01-10 00:00:00,0.010957792207792139
2013-01-11 00:00:00,-0.004014452027298221
2013-01-14 00:00:00,0.007053607416364294
2013-01-15 00:00:00,0.0010006003602160973
2013-01-16 00:00:00,-0.0005997600959616323
2013-01-17 00:00:00,-0.0036007201440287906
2013-01-18 00:00:00,0.002609917687211416
2013-01-21 00:00:00,0.0026031237484982483
2013-01-22 00:00:00,0.0011983223487117556
2013-01-23 00:00:00,-0.00019948134849390176
2013-01-24 00:00:00,-0.01436552274541103
2013-01-25 00:00:00,0.0032388663967610754
2013-01-28 00:00:00,0.0020177562550443007
2013-01-29 00:00:00,0.0
2013-01-30 00:00:00,0.002617801047120505
2013-01-31 00:00:00,0.0034143402289616986
2013-02-01 00:00:00,-0.0018014411529223562
2013-02-04 00:00:00,0.0004010427110487935
2013-02-05 00:00:00,-0.007416315894968939
2013-02-06 00:00:00,-0.00040387722132473325
2013-02-07 00:00:00,-0.00020202020202020332
2013-02-08 00:00:00,-0.0008082440897151377
2013-02-18 00:00:00,-0.0010111223458038054
2013-02-19 00:00:00,0.002631578947368318
2013-02-20 00:00:00,-0.005451241671714069
2013-02-21 00:00:00,-0.0024360535931789995
2013-02-22 00:00:00,0.0022385022385023046
2013-02-25 00:00:00,-0.012994923857868046
2013-02-26 00:00:00,-0.008023040526640601
2013-02-27 00:00:00,0.004355039402737404
2013-02-28 00:00:00,-0.0020648358455502835
2013-03-01 00:00:00,0.00020691082143597939
2013-03-04 00:00:00,0.0020686801820437584
2013-03-05 00:00:00,0.002683732452518628
2013-03-06 00:00:00,0.0018529956763433386
2013-03-07 00:00:00,-0.00226058364159476
2013-03-08 00:00:00,0.018949536560247227
2013-03-11 00:00:00,-0.005053567818880111
2013-03-12 00:00:00,-0.000609508329947217
2013-03-13 00:00:00,0.0006098800569220852
2013-03-14 00:00:00,-0.010564811052417689
2013-03-15 00:00:00,0.008213552361396204
2013-03-18 00:00:00,-0.0024439918533605276
2013-03-19 00:00:00,0.01204573295222544
2013-03-20 00:00:00,0.001412144442203056
2013-03-21 00:00:00,0.002215954875100623
2013-03-22 00:00:00,0.0010050251256281673
2013-03-25 00:00:00,0.003012048192771122
2013-03-26 00:00:00,-0.021621621621621623
2013-03-27 00:00:00,0.00266011868221816
2013-03-28 00:00:00,-0.0053061224489795444
2013-03-29 00:00:00,-0.0030775543701272445
2013-04-01 00:00:00,-0.0069973245523770045
2013-04-02 00:00:00,-0.001243523316062145
2013-04-03 00:00:00,-0.0018676073874247523
2013-04-08 00:00:00,-0.001247401247401192
2013-04-09 00:00:00,0.0033305578684430515
2013-04-10 00:00:00,0.0024896265560165887
2013-04-11 00:00:00,-0.004346026490066213
2013-04-12 00:00:00,-0.002286426938266528
2013-04-15 00:00:00,-0.007916666666666683
2013-04-16 00:00:00,-0.005669886602267971
2013-04-17 00:00:00,0.006969376979936603
2013-04-18 00:00:00,-0.0027265100671141074
2013-04-19 00:00:00,0.0025236593059936308
2013-04-22 00:00:00,-0.0012586532410321372
2013-04-23 00:00:00,0.016593152699012848
2013-04-24 00:00:00,0.004132231404958775
2013-04-25 00:00:00,0.011934156378600846
2013-04-26 00:00:00,0.0004066693777957653
2013-05-02 00:00:00,-0.007723577235772328
2013-05-03 00:00:00,0.005325686194182611
2013-05-06 00:00:00,0.007538712306438544
2013-05-07 00:00:00,-0.006673407482305382
2013-05-08 00:00:00,0.007125407166123754
2013-05-09 00:00:00,-0.0018192844147968401
2013-05-10 00:00:00,0.0026326447954636567
2013-05-13 00:00:00,-0.0028277115734195446
2013-05-14 00:00:00,0.0010127607859022891
2013-05-15 00:00:00,-0.0038445973290165414
2013-05-16 00:00:00,0.004671947999187465
2013-05-17 00:00:00,0.002224019409623912
2013-05-20 00:00:00,-0.0008069396812587781
2013-05-21 00:00:00,0.0010094891984655519
2013-05-22 00:00:00,0.0016135538523598392
2013-05-23 00:00:00,-0.003020539669754352
2013-05-24 00:00:00,0.0018178145829126358
2013-05-27 00:00:00,-0.0010080645161290036
2013-05-28 00:00:00,-0.0010090817356205317
2013-05-29 00:00:00,0.0010101010101009056
2013-05-30 00:00:00,-0.005045408678102881
2013-05-31 00:00:00,-0.0006085192697768971
2013-06-03 00:00:00,-0.023137812056017837
2013-06-04 00:00:00,-0.027010180760440483
2013-06-05 00:00:00,-0.033525517830450546
2013-06-06 00:00:00,-0.0024304021210782567
2013-06-07 00:00:00,-0.03543743078626804
2013-06-13 00:00:00,-0.0025258323765786628
2013-06-14 00:00:00,-0.0006906077348066697
2013-06-17 00:00:00,-0.0009214466712739178
2013-06-18 00:00:00,0.0018445930366612906
2013-06-19 00:00:00,0.0006904487917145374
2013-06-20 00:00:00,-0.0018399264029438367
2013-06-21 00:00:00,-0.007603686635944684
2013-06-24 00:00:00,-0.015323891339679596
2013-06-25 00:00:00,0.003772695119075742
2013-06-26 00:00:00,-0.007282123561193288
2013-06-27 00:00:00,-0.02863227638428778
2013-06-28 00:00:00,-0.012911084043848997
2013-07-01 00:00:00,0.0014807502467917288
2013-07-02 00:00:00,0.020206998521439035
2013-07-03 00:00:00,-0.0019323671497584183
2013-07-04 00:00:00,-0.0002420135527589906
2013-07-05 00:00:00,-0.003389009924957609
2013-07-08 00:00:00,-0.0007286859363614395
2013-07-09 00:00:00,-0.000486144871171601
2013-07-10 00:00:00,-0.0009727626459143934
2013-07-11 00:00:00,0.003407984420642718
2013-07-12 00:00:00,-0.008248423095584712
2013-07-15 00:00:00,-0.006604696673189858
2013-07-16 00:00:00,-0.0071410982516622035
2013-07-17 00:00:00,-0.002728174603174649
2013-07-18 00:00:00,0.003481720964934043
2013-07-19 00:00:00,-0.01610904584882278
2013-07-22 00:00:00,-0.00025188916876572875
2013-07-23 00:00:00,0.005542957923910352
2013-07-24 00:00:00,-0.007266349285893314
2013-07-25 00:00:00,-0.01665825340737004
2013-07-26 00:00:00,-0.03516427104722797
2013-07-29 00:00:00,0.0029263101888801213
2013-07-30 00:00:00,0.0007957559681697202
2013-07-31 00:00:00,0.004770739464617035
2013-08-01 00:00:00,-0.005539435505143797
2013-08-02 00:00:00,0.004774535809018543
2013-08-05 00:00:00,-0.0018479408658922392
2013-08-06 00:00:00,-0.0013224014810896412
2013-08-07 00:00:00,-0.028866525423728806
2013-08-08 00:00:00,0.007362967002999765
2013-08-09 00:00:00,0.012452625879805002
2013-08-12 00:00:00,0.011497326203208535
2013-08-13 00:00:00,0.022997620935765184
2013-08-14 00:00:00,-0.013436692506459957
2013-08-15 00:00:00,0.009690937663698218
2013-08-16 00:00:00,0.007263294422827471
2013-08-19 00:00:00,0.0036054596961112573
2013-08-20 00:00:00,-0.011290736463946627
2013-08-21 00:00:00,-0.002335842200882454
2013-08-22 00:00:00,-0.009625390218522378
2013-08-23 00:00:00,-0.004990806409246096
2013-08-26 00:00:00,0.04065469904963037
2013-08-27 00:00:00,-0.007102993404363267
2013-08-28 00:00:00,-0.0094532447623914
2013-08-29 00:00:00,-0.011091049780758366
2013-08-30 00:00:00,-0.002869066249347907
2013-09-02 00:00:00,0.010462987182840777
2013-09-03 00:00:00,0.000776598498576142
2013-09-04 00:00:00,-0.007501293326435565
2013-09-05 00:00:00,-0.004169924420119875
2013-09-06 00:00:00,0.008113059408531909
2013-09-09 00:00:00,-0.0015576323987538387
2013-09-10 00:00:00,-0.013260530421216887
2013-09-11 00:00:00,0.006324110671936722
2013-09-12 00:00:00,-0.0036658811207122
2013-09-13 00:00:00,-0.0034165571616294743
2013-09-16 00:00:00,-0.011867088607594889
2013-09-17 00:00:00,0.0048038430744594685
2013-09-18 00:00:00,-0.002124833997343978
2013-09-23 00:00:00,-0.007985094490284839
2013-09-24 00:00:00,0.0061711832573114744
2013-09-25 00:00:00,-0.015466666666666629
2013-09-26 00:00:00,-0.00514626218851566
2013-09-27 00:00:00,-0.0149741355839913
2013-09-30 00:00:00,0.0016583747927032544
2013-10-08 00:00:00,-0.0016556291390728006
2013-10-09 00:00:00,0.00746268656716409
2013-10-10 00:00:00,0.006310013717421015
2013-10-11 00:00:00,-0.001908396946564861
2013-10-14 00:00:00,0.0027314941272875704
2013-10-15 00:00:00,0.007627349496050151
2013-10-16 00:00:00,0.0032441200324411223
2013-10-17 00:00:00,0.008353543519266982
2013-10-18 00:00:00,0.0026723677177979965
2013-10-21 00:00:00,0.006929637526652543
2013-10-22 00:00:00,-0.024351508734780314
2013-10-23 00:00:00,0.0032555615843732344
2013-10-24 00:00:00,0.0010816657652785722
2013-10-25 00:00:00,-0.0037817396002161052
2013-10-28 00:00:00,-0.005151843817787438
2013-10-29 00:00:00,-0.010902153175252116
2013-10-30 00:00:00,0.021769082391843497
2013-10-31 00:00:00,-0.0005393743257821049
2013-11-01 00:00:00,0.018078791149487294
2013-11-04 00:00:00,0.007951232441028466
2013-11-05 00:00:00,-0.006573757559821147
2013-11-06 00:00:00,-0.009793541556379015
2013-11-07 00:00:00,-0.0029403902699812745
2013-11-08 00:00:00,-0.0002680965147453529
2013-11-11 00:00:00,-0.00482703137570395
2013-11-12 00:00:00,0.016976556184316927
2013-11-13 00:00:00,0.001324854266030684
2013-11-14 00:00:00,0.010584810796506972
2013-11-15 00:00:00,-0.0018329405603561
2013-11-18 00:00:00,-0.015215110178384061
2013-11-19 00:00:00,-0.0045285029302077895
2013-11-20 00:00:00,0.010971367407010879
2013-11-21 00:00:00,0.0050291159343567315
2013-11-22 00:00:00,-0.00026336581511721135
2013-11-25 00:00:00,-0.0010537407797681642
2013-11-26 00:00:00,-0.008438818565400852
2013-11-27 00:00:00,0.00824468085106389
2013-11-28 00:00:00,-0.0015826958586124817
2013-11-29 00:00:00,0.004755614266842789
2013-12-02 00:00:00,0.0018406521167499967
2013-12-03 00:00:00,-0.007874015748031482
2013-12-04 00:00:00,-0.0002645502645503006
2013-12-05 00:00:00,-0.006615506747816857
2013-12-06 00:00:00,0.0018646776771444884
2013-12-09 00:00:00,0.0
2013-12-10 00:00:00,0.0018612071257644303
2013-12-11 00:00:00,0.003450106157112609
2013-12-12 00:00:00,-0.008198889182755909
2013-12-13 00:00:00,-0.021599999999999953
2013-12-16 00:00:00,-0.00817661488143906
2013-12-17 00:00:00,0.0032976092333059093
2013-12-18 00:00:00,0.0005477951246233292
2013-12-19 00:00:00,-0.006569942513003024
2013-12-20 00:00:00,0.0
2013-12-23 00:00:00,0.0005511160099200829
2013-12-24 00:00:00,-0.007711374277058702
2013-12-25 00:00:00,-0.011656952539550347
2013-12-26 00:00:00,-0.0030890199382196393
2013-12-27 00:00:00,0.005915492957746515
2013-12-30 00:00:00,-0.0022402688322599174
2013-12-31 00:00:00,-0.012910468706146538
2014-01-02 00:00:00,0.0048336650554450244
2014-01-03 00:00:00,-0.011318619128466323
2014-01-06 00:00:00,-0.015455065827132186
2014-01-07 00:00:00,-0.01017441860465118
2014-01-08 00:00:00,0.004111600587371589
2014-01-09 00:00:00,0.004094764551038299
2014-01-10 00:00:00,0.0
2014-01-13 00:00:00,-0.00407806583163417
2014-01-14 00:00:00,0.007312079555425566
2014-01-15 00:00:00,-0.0023228803716608404
2014-01-16 00:00:00,0.0011641443538998875
2014-01-17 00:00:00,0.0014534883720929148
2014-01-20 00:00:00,0.028447024673439847
2014-01-21 00:00:00,-0.0008467400508044287
2014-01-22 00:00:00,-0.004519774011299438
2014-01-23 00:00:00,0.002837684449489286
2014-01-24 00:00:00,-0.001697792869269965
2014-01-27 00:00:00,-0.008503401360544172
2014-01-28 00:00:00,-0.015437392795883409
2014-01-29 00:00:00,0.004065040650406582
2014-01-30 00:00:00,-0.026026604973973355
2014-02-07 00:00:00,0.030581947743467897
2014-02-10 00:00:00,0.011235955056179803
2014-02-11 00:00:00,-0.014529914529914478
2014-02-12 00:00:00,0.0028910089621276835
2014-02-13 00:00:00,0.000864802536754139
2014-02-14 00:00:00,0.008928571428571397
2014-02-17 00:00:00,0.00456751355980578
2014-02-18 00:00:00,-0.003694231315714669
2014-02-19 00:00:00,0.0136908157444382
2014-02-20 00:00:00,-0.0014068655036578726
2014-02-21 00:00:00,-0.0033812341504648735
2014-02-24 00:00:00,0.0036754311563471642
2014-02-25 00:00:00,-0.0053521126760562865
2014-02-26 00:00:00,-0.0002832058906825363
2014-02-27 00:00:00,0.005099150141643083
2014-02-28 00:00:00,-0.00450958286358516
2014-03-03 00:00:00,0.010475651189127966
2014-03-04 00:00:00,0.0
2014-03-05 00:00:00,0.019893527598767058
2014-03-06 00:00:00,0.0035714285714285587
2014-03-07 00:00:00,0.012866137421297497
2014-03-10 00:00:00,-0.006756756756756799
2014-03-11 00:00:00,0.009795918367346834
2014-03-12 00:00:00,-0.0056588520614390125
2014-03-13 00:00:00,0.006504065040650486
2014-03-14 00:00:00,-0.017232094776521323
2014-03-17 00:00:00,-0.01589041095890409
2014-03-18 00:00:00,-0.016703786191536785
2014-03-19 00:00:00,-0.0028312570781426905
2014-03-20 00:00:00,-0.017035775127768327
2014-03-21 00:00:00,0.0017331022530329143
2014-03-24 00:00:00,0.003748558246828182
2014-03-25 00:00:00,0.0017236426314277686
2014-03-26 00:00:00,0.006022368798394018
2014-03-27 00:00:00,0.0017103762827821445
2014-03-28 00:00:00,0.0002845759817871052
2014-03-31 00:00:00,0.0
2014-04-01 00:00:00,0.0031294452347083723
2014-04-02 00:00:00,0.017867271695972686
2014-04-03 00:00:00,-0.008358874338255773
2014-04-04 00:00:00,0.008429334082607376
2014-04-08 00:00:00,-0.003622178879910787
2014-04-09 00:00:00,0.00251677852348986
2014-04-10 00:00:00,0.0
2014-04-11 00:00:00,-0.006415620641562092
2014-04-14 00:00:00,0.0005614823133071045
2014-04-15 00:00:00,-0.0030864197530864335
2014-04-16 00:00:00,0.010976639459611581
2014-04-17 00:00:00,0.003062360801781683
2014-04-18 00:00:00,-0.004995836802664466
2014-04-21 00:00:00,-0.0052998605299861
2014-04-22 00:00:00,0.005888951205832882
2014-04-23 00:00:00,-0.004739336492891044
2014-04-24 00:00:00,0.0019607843137254832
2014-04-25 00:00:00,0.00475258596589323
2014-04-28 00:00:00,0.015025041736226985
2014-04-29 00:00:00,0.012061403508771829
2014-04-30 00:00:00,0.0008125677139760867
2014-05-05 00:00:00,-0.006765899864682012
2014-05-06 00:00:00,-0.0013623978201634523
2014-05-07 00:00:00,0.0027285129604366354
2014-05-08 00:00:00,-0.002176870748299309
2014-05-09 00:00:00,0.0005454049631852254
2014-05-12 00:00:00,-0.01117470700463341
2014-05-13 00:00:00,0.003031973539139976
2014-05-14 00:00:00,-0.0013740038472107585
2014-05-15 00:00:00,0.0
2014-05-16 00:00:00,-0.0013758943313153527
2014-05-19 00:00:00,0.0
2014-05-20 00:00:00,-0.006062276109121023
2014-05-21 00:00:00,-0.010812309398392062
2014-05-22 00:00:00,0.010369955156950716
2014-05-23 00:00:00,0.008044382801664307
2014-05-26 00:00:00,-0.005228398458998362
2014-05-27 00:00:00,0.0019363762102351245
2014-05-28 00:00:00,0.000828271673108727
2014-05-29 00:00:00,-0.003862068965517218
2014-05-30 00:00:00,-0.003046247576848571
2014-06-03 00:00:00,-0.009722222222222188
2014-06-04 00:00:00,-0.012061711079943915
2014-06-05 00:00:00,-0.0025553662691651935
2014-06-06 00:00:00,-0.007970395673213782
2014-06-09 00:00:00,0.0008608321377332473
2014-06-10 00:00:00,0.0008600917431191846
2014-06-11 00:00:00,-0.003437410484101955
2014-06-12 00:00:00,-0.004886461626904315
2014-06-13 00:00:00,0.0008665511265164572
2014-06-16 00:00:00,0.000288600288600227
2014-06-17 00:00:00,-0.006347374495095259
2014-06-18 00:00:00,0.004065040650406582
2014-06-19 00:00:00,0.0
2014-06-20 00:00:00,0.007229612492770432
2014-06-23 00:00:00,0.01579098478323293
2014-06-24 00:00:00,0.0022611644997172498
2014-06-25 00:00:00,0.0
2014-06-26 00:00:00,0.0016920473773265332
2014-06-27 00:00:00,-0.007038288288288341
2014-06-30 00:00:00,-0.006521122767224274
2014-07-01 00:00:00,-0.02340182648401823
2014-07-02 00:00:00,0.0026300409117474555
2014-07-03 00:00:00,-0.0011658408627222006
2014-07-04 00:00:00,-0.0035016049022468243
2014-07-07 00:00:00,-0.009077598828696964
2014-07-08 00:00:00,-0.0026595744680850686
2014-07-09 00:00:00,-0.01214814814814813
2014-07-10 00:00:00,-0.003599280143971151
2014-07-11 00:00:00,-0.009030704394942801
2014-07-14 00:00:00,-0.00820170109356011
2014-07-15 00:00:00,0.0015313935681469104
2014-07-16 00:00:00,0.004281345565749328
2014-07-17 00:00:00,-0.0006090133982947776
2014-07-18 00:00:00,-0.002742230347349217
2014-07-21 00:00:00,-0.007943782462572546
2014-07-22 00:00:00,-0.004311672312904191
2014-07-23 00:00:00,-0.003402412619857742
2014-07-24 00:00:00,0.003724394785847407
2014-07-25 00:00:00,-0.0012368583797155441
2014-07-28 00:00:00,0.002476780185758587
2014-07-29 00:00:00,0.008029647930821504
2014-07-30 00:00:00,-0.004595588235294157
2014-07-31 00:00:00,0.0027700831024930483
2014-08-01 00:00:00,-0.0055248618784530246
2014-08-04 00:00:00,-0.002160493827160548
2014-08-05 00:00:00,-0.0003093102381689361
2014-08-06 00:00:00,-0.0030940594059405413
2014-08-07 00:00:00,0.004655493482309092
2014-08-08 00:00:00,-0.0012357120790855713
2014-08-11 00:00:00,-0.0012372409526755224
2014-08-12 00:00:00,-0.010219882316506612
2014-08-13 00:00:00,-0.003441802252815984
2014-08-14 00:00:00,-0.033594976452119285
2014-08-15 00:00:00,-0.007472384665367149
2014-08-18 00:00:00,-0.008510638297872353
2014-08-19 00:00:00,0.001320567844173004
2014-08-20 00:00:00,-0.004945598417408492
2014-08-21 00:00:00,0.009609012591119903
2014-08-22 00:00:00,0.0013127666557268824
2014-08-25 00:00:00,-0.004916420845624381
2014-08-26 00:00:00,-0.0023056653491435597
2014-08-27 00:00:00,0.015846814130075826
2014-08-28 00:00:00,-0.0029249268768281045
2014-08-29 00:00:00,-0.001955671447196883
2014-09-01 00:00:00,-0.007838014369693003
2014-09-02 00:00:00,0.009545753785385136
2014-09-03 00:00:00,-0.003260515161395472
2014-09-04 00:00:00,-0.0058881256133463955
2014-09-05 00:00:00,0.0013162224415925738
2014-09-09 00:00:00,-0.013144922773578704
2014-09-10 00:00:00,-0.01265401265401267
2014-09-11 00:00:00,0.0026981450252951955
2014-09-12 00:00:00,0.01345442314160783
2014-09-15 00:00:00,0.013939595087952172
2014-09-16 00:00:00,0.00621931260229136
2014-09-17 00:00:00,0.0039037085230968493
2014-09-18 00:00:00,0.0009721322099804919
2014-09-19 00:00:00,-0.012949174490126225
2014-09-22 00:00:00,-0.02295834699901611
2014-09-23 00:00:00,0.0033568311513931803
2014-09-24 00:00:00,0.006022080963532961
2014-09-25 00:00:00,0.015297638842700412
2014-09-26 00:00:00,-0.01834261382246971
2014-09-29 00:00:00,-0.01534868201534867
2014-09-30 00:00:00,0.008471704506946898
2014-10-08 00:00:00,0.002016129032258007
2014-10-09 00:00:00,0.009725016767270223
2014-10-10 00:00:00,-0.010959814015277347
2014-10-13 00:00:00,0.000335795836131636
2014-10-14 00:00:00,0.01309164149043296
2014-10-15 00:00:00,-0.010271703114645425
2014-10-16 00:00:00,-0.011047874121191792
2014-10-17 00:00:00,-0.0006770480704130222
2014-10-20 00:00:00,-0.016260162601625994
2014-10-21 00:00:00,0.0010330578512396382
2014-10-22 00:00:00,0.005159958720330149
2014-10-23 00:00:00,0.008555783709787823
2014-10-24 00:00:00,0.000339328130301908
2014-10-27 00:00:00,-0.011194029850746245
2014-10-28 00:00:00,0.0030874785591765708
2014-10-29 00:00:00,0.018809849521203903
2014-10-30 00:00:00,0.018798254447801366
2014-10-31 00:00:00,0.009884678747940745
2014-11-03 00:00:00,-0.002283849918433889
2014-11-04 00:00:00,-0.015369522563767113
2014-11-05 00:00:00,-0.02291597475921625
2014-11-06 00:00:00,0.014955812372535737
2014-11-07 00:00:00,0.008707300736771506
2014-11-10 00:00:00,0.011620185922974757
2014-11-11 00:00:00,-0.004594683295044311
2014-11-12 00:00:00,0.019122980547312984
2014-11-13 00:00:00,-0.010029116790682635
2014-11-14 00:00:00,0.004575163398692794
2014-11-17 00:00:00,-0.002277163305139829
2014-11-18 00:00:00,-0.009129442451907388
2014-11-19 00:00:00,0.0
2014-11-20 00:00:00,-0.00691016781836129
2014-11-21 00:00:00,0.004638833664678543
2014-11-24 00:00:00,0.0026385224274405594
2014-11-25 00:00:00,0.008223684210526327
2014-11-26 00:00:00,-0.0032626427406199365
2014-11-27 00:00:00,0.002618657937806912
2014-11-28 00:00:00,-0.012406137773424697
2014-12-01 00:00:00,-0.04132231404958675
2014-12-02 00:00:00,0.018965517241379404
2014-12-03 00:00:00,0.00033840947546526223
2014-12-04 00:00:00,0.0010148849797022574
2014-12-05 00:00:00,0.009462656302805073
2014-12-08 00:00:00,0.00401740877134249
2014-12-09 00:00:00,-0.006335445148382801
2014-12-10 00:00:00,0.006711409395973256
2014-12-11 00:00:00,-0.016000000000000014
2014-12-12 00:00:00,-0.0027100271002710175
2014-12-15 00:00:00,0.007133152173913082
2014-12-16 00:00:00,-0.009780775716694778
2014-12-17 00:00:00,0.0013623978201635634
2014-12-18 00:00:00,-0.0013605442176870541
2014-12-19 00:00:00,-0.008514986376021771
2014-12-22 00:00:00,0.01064926142219158
2014-12-23 00:00:00,0.003399048266485405
2014-12-24 00:00:00,-0.003387533875338744
2014-12-25 00:00:00,-0.0010197144799456437
2014-12-26 00:00:00,0.0013610071452874184
2014-12-29 00:00:00,0.02752293577981657
2014-12-30 00:00:00,0.0016534391534390736
2014-12-31 00:00:00,0.003301419610432399
2015-01-05 00:00:00,-0.01151694636393552
2015-01-06 00:00:00,0.00998668442077233
2015-01-07 00:00:00,-0.003625576796308483
2015-01-08 00:00:00,0.012239497188223591
2015-01-09 00:00:00,-0.0016339869281045694
2015-01-12 00:00:00,0.000654664484451617
2015-01-13 00:00:00,-0.01602878639188743
2015-01-14 00:00:00,-0.003989361702127714
2015-01-15 00:00:00,-0.007676902536715602
2015-01-16 00:00:00,-0.0016818028927009232
2015-01-19 00:00:00,0.0020215633423179558
2015-01-20 00:00:00,0.0043712172158709706
2015-01-21 00:00:00,0.0003347840642784483
2015-01-22 00:00:00,-0.002008032128514081
2015-01-23 00:00:00,-0.0016767270288396974
2015-01-26 00:00:00,-0.004366812227074246
2015-01-27 00:00:00,-0.0003373819163292602
2015-01-28 00:00:00,0.0026999662504219035
2015-01-29 00:00:00,-0.012117132278694043
2015-01-30 00:00:00,-0.018398637137989726
2015-02-02 00:00:00,0.0
2015-02-03 00:00:00,0.0006942034015966492
2015-02-04 00:00:00,0.0024280263614291364
2015-02-05 00:00:00,-0.0031141868512111204
2015-02-06 00:00:00,0.005553627212773415
2015-02-09 00:00:00,-0.0024162927166033743
2015-02-10 00:00:00,0.0024221453287196493
2015-02-11 00:00:00,-0.0006903693476009165
2015-02-12 00:00:00,-0.0017271157167529916
2015-02-13 00:00:00,0.01141868512110733
2015-02-16 00:00:00,-0.0023947998631542733
2015-02-17 00:00:00,0.0
2015-02-25 00:00:00,-0.005486968449931462
2015-02-26 00:00:00,0.006206896551724128
2015-02-27 00:00:00,0.022275531185743658
2015-03-02 00:00:00,0.015085484411666128
2015-03-03 00:00:00,-0.012219286657859985
2015-03-04 00:00:00,0.0013373453694416337
2015-03-05 00:00:00,-0.018363939899833093
2015-03-06 00:00:00,-0.006462585034013646
2015-03-09 00:00:00,0.002396439575487852
2015-03-10 00:00:00,-0.0047814207650273
2015-03-11 00:00:00,0.01029512697323276
2015-03-12 00:00:00,-0.0037364130434782705
2015-03-13 00:00:00,-0.002045687009887498
2015-03-16 00:00:00,-0.008541168431841495
2015-03-17 00:00:00,0.000689179875947632
2015-03-18 00:00:00,0.0003443526170798794
2015-03-19 00:00:00,0.005507745266781328
2015-03-20 00:00:00,-0.001369394043135963
2015-03-23 00:00:00,0.007884813164209747
2015-03-24 00:00:00,0.004761904761904745
2015-03-25 00:00:00,-0.005077860528097444
2015-03-26 00:00:00,0.003742769649540678
2015-03-27 00:00:00,-0.0057627118644068
2015-03-30 00:00:00,-0.0054551653596999206
2015-03-31 00:00:00,-0.0013712718546451397
2015-04-01 00:00:00,0.00034328870580147
2015-04-02 00:00:00,0.0048043925875085325
2015-04-03 00:00:00,0.0
2015-04-07 00:00:00,0.0030737704918033515
2015-04-08 00:00:00,-0.006809669731018042
2015-04-09 00:00:00,-0.001028453890983938
2015-04-10 00:00:00,-0.0006863417982154729
2015-04-13 00:00:00,0.007211538461538547
2015-04-14 00:00:00,-0.0027275826798499603
2015-04-15 00:00:00,0.013675213675213627
2015-04-16 00:00:00,0.0030354131534569007
2015-04-17 00:00:00,0.00168123739071957
2015-04-20 00:00:00,0.011413225914736591
2015-04-21 00:00:00,0.00033189512114173425
2015-04-22 00:00:00,-0.00431320504313204
2015-04-23 00:00:00,-0.003332222592469125
2015-04-24 00:00:00,0.006352390504847927
2015-04-27 00:00:00,0.0033222591362125353
2015-04-28 00:00:00,-0.006953642384106007
2015-04-29 00:00:00,-0.0006668889629876107
2015-04-30 00:00:00,0.007674341007674279
2015-05-04 00:00:00,0.00894039735099339
2015-05-05 00:00:00,0.006563833278634634
2015-05-06 00:00:00,0.009781545484186527
2015-05-07 00:00:00,-0.011947045527930245
2015-05-08 00:00:00,-0.00588235294117645
2015-05-11 00:00:00,0.01183431952662728
2015-05-12 00:00:00,-0.0032488628979857603
2015-05-13 00:00:00,-0.0022816166883963263
2015-05-14 00:00:00,-0.001960143743874543
2015-05-15 00:00:00,0.000654664484451617
2015-05-18 00:00:00,-0.0026169447170428795
2015-05-19 00:00:00,-0.014430960970810092
2015-05-20 00:00:00,-0.017637271214642314
2015-05-21 00:00:00,0.0
2015-05-22 00:00:00,0.0027100271002709064
2015-05-25 00:00:00,-0.0060810810810810745
2015-05-26 00:00:00,0.007817811012916343
2015-05-27 00:00:00,0.0030354131534569007
2015-05-28 00:00:00,-0.0020174848688634395
2015-05-29 00:00:00,0.003369272237196741
2015-06-01 00:00:00,0.024513096037609206
2015-06-02 00:00:00,0.005244182235332628
2015-06-03 00:00:00,-0.012063906097163346
2015-06-04 00:00:00,-0.001980198019801982
2015-06-05 00:00:00,-0.006613756613756627
2015-06-08 00:00:00,-0.0029960053262316766
2015-06-09 00:00:00,-0.003005008347245375
2015-06-10 00:00:00,0.0
2015-06-11 00:00:00,0.0023442732752847473
2015-06-12 00:00:00,0.00467758102238558
2015-06-15 00:00:00,0.002327901563019541
2015-06-16 00:00:00,0.006967485069674817
2015-06-17 00:00:00,-0.0013179571663920475
2015-06-18 00:00:00,-0.0016496205872649217
2015-06-19 00:00:00,0.0016523463317912324
2015-06-23 00:00:00,0.004618937644341736
2015-06-24 00:00:00,0.009852216748768461
2015-06-25 00:00:00,0.006504065040650486
2015-06-26 00:00:00,-0.005492730210016172
2015-06-29 00:00:00,-0.003898635477582846
2015-06-30 00:00:00,-0.010437051532941943
2015-07-01 00:00:00,0.015820698747528006
2015-07-02 00:00:00,-0.0035691109669045984
2015-07-03 00:00:00,0.0009768804949528143
2015-07-06 00:00:00,-0.008458035133376729
2015-07-07 00:00:00,-0.007217847769028896
2015-07-08 00:00:00,-0.036021150033046956
2015-07-09 00:00:00,0.00959890298251631
2015-07-10 00:00:00,0.02478777589134129
2015-07-13 00:00:00,-0.00994035785288272
2015-07-14 00:00:00,0.013052208835341306
2015-07-15 00:00:00,-0.002312520647505756
2015-07-16 00:00:00,-0.0056291390728476776
2015-07-17 00:00:00,-0.009324009324009341
2015-07-20 00:00:00,0.0023529411764706687
2015-07-21 00:00:00,0.005365526492287165
2015-07-22 00:00:00,0.0
2015-07-23 00:00:00,-0.010340226817878606
2015-07-24 00:00:00,-0.0013481631277384443
2015-07-27 00:00:00,-0.01788727640904486
2015-07-28 00:00:00,-0.0003436426116838476
2015-07-29 00:00:00,0.0034376074252320254
2015-07-30 00:00:00,-0.0010277492291880241
2015-07-31 00:00:00,-0.002057613168724326
2015-08-03 00:00:00,-0.0158075601374571
2015-08-04 00:00:00,0.006284916201117374
2015-08-05 00:00:00,0.004510756419153328
2015-08-06 00:00:00,-0.00967184801381693
2015-08-07 00:00:00,0.007324729682595121
2015-08-10 00:00:00,0.00484764542936289
2015-08-11 00:00:00,0.008959338387318994
2015-08-12 00:00:00,0.004098360655737654
2015-08-13 00:00:00,-0.006462585034013646
2015-08-14 00:00:00,-0.008216364258815445
2015-08-17 00:00:00,0.012771832930617899
2015-08-18 00:00:00,-0.009202453987730008
2015-08-19 00:00:00,0.0003439972480219211
2015-08-20 00:00:00,-0.008253094910591452
2015-08-21 00:00:00,0.0024271844660195274
2015-08-24 00:00:00,-0.02870978900034593
2015-08-25 00:00:00,-0.013532763532763559
2015-08-26 00:00:00,0.003971119133574064
2015-08-27 00:00:00,0.007551240560949246
2015-08-28 00:00:00,0.016773733047823036
2015-08-31 00:00:00,-0.008775008775008808
2015-09-01 00:00:00,0.004957507082153034
2015-09-02 00:00:00,-0.00880902043692744
2015-09-07 00:00:00,-0.0014219694276572659
2015-09-08 00:00:00,0.007475970096119555
2015-09-09 00:00:00,-0.0031802120141343204
2015-09-10 00:00:00,0.005317263381779513
2015-09-11 00:00:00,-0.002115655853314524
2015-09-14 00:00:00,-0.002473498233215521
2015-09-15 00:00:00,-0.010272759475735027
2015-09-16 00:00:00,0.005726556907659219
2015-09-17 00:00:00,-0.001067615658362997
2015-09-18 00:00:00,-0.0014250089063057025
2015-09-21 00:00:00,-0.001070281840884757
2015-09-22 00:00:00,-0.006785714285714284
2015-09-23 00:00:00,0.0010787486515642097
2015-09-24 00:00:00,0.0035919540229885083
2015-09-25 00:00:00,0.007516105941302698
2015-09-28 00:00:00,0.005683836589698066
2015-09-29 00:00:00,-0.01200989049805723
2015-09-30 00:00:00,0.003932785126921745
2015-10-08 00:00:00,0.006054131054131107
2015-10-09 00:00:00,0.009557522123893714
2015-10-12 00:00:00,0.0133239831697054
2015-10-13 00:00:00,0.0031141868512110094
2015-10-14 00:00:00,-0.0010348395998620585
2015-10-15 00:00:00,-0.004143646408839796
2015-10-16 00:00:00,-0.0017337031900138689
2015-10-19 00:00:00,-0.009378256339006574
2015-10-20 00:00:00,-0.009817671809256634
2015-10-21 00:00:00,0.004603399433427802
2015-10-22 00:00:00,0.012336975678533646
2015-10-23 00:00:00,-0.011142061281337101
2015-10-26 00:00:00,-0.0038732394366197687
2015-10-27 00:00:00,0.0
2015-10-28 00:00:00,-0.0014139271827501299
2015-10-29 00:00:00,0.0038938053097345993
2015-10-30 00:00:00,-0.0017630465444288257
2015-11-02 00:00:00,0.006711409395973256
2015-11-03 00:00:00,-0.004210526315789442
2015-11-04 00:00:00,0.016913319238900604
2015-11-05 00:00:00,0.001386001386001423
2015-11-06 00:00:00,-0.00553633217993077
2015-11-09 00:00:00,0.0020876826722338038
2015-11-10 00:00:00,-0.025000000000000022
2015-11-11 00:00:00,-0.015313390313390296
2015-11-12 00:00:00,0.003978300180831784
2015-11-13 00:00:00,0.0
2015-11-16 00:00:00,-0.012247838616714746
2015-11-17 00:00:00,0.00547045951859948
2015-11-18 00:00:00,-0.0025389916575988547
2015-11-19 00:00:00,-0.003272727272727316
2015-11-20 00:00:00,0.013498723093761322
2015-11-23 00:00:00,-0.002519798416126706
2015-11-24 00:00:00,0.03175748827138225
2015-11-25 00:00:00,-0.0006995452955579351
2015-11-26 00:00:00,0.0021001050052502634
2015-11-27 00:00:00,0.010129235068110365
2015-11-30 00:00:00,-0.006224066390041472
2015-12-01 00:00:00,0.005567153792623625
2015-12-02 00:00:00,0.006228373702422241
2015-12-03 00:00:00,-0.004126547455295726
2015-12-04 00:00:00,0.0
2015-12-07 00:00:00,0.014502762430939287
2015-12-08 00:00:00,-0.019741320626276426
2015-12-09 00:00:00,-0.022222222222222254
2015-12-10 00:00:00,-0.002485795454545414
2015-12-11 00:00:00,0.006407974368102476
2015-12-14 00:00:00,-0.0035373187124160266
2015-12-15 00:00:00,-0.0021299254526091493
2015-12-16 00:00:00,-0.0010672358591248265
2015-12-17 00:00:00,-0.004985754985754931
2015-12-18 00:00:00,0.0035790980672869566
2015-12-21 00:00:00,0.008915834522111199
2015-12-22 00:00:00,-0.0014139271827501299
2015-12-23 00:00:00,-0.000353982300884903
2015-12-24 00:00:00,-0.0010623229461755868
2015-12-25 00:00:00,0.0028358738036158293
2015-12-28 00:00:00,-0.008837044892188062
2015-12-29 00:00:00,0.011412268188302432
2015-12-30 00:00:00,0.007052186177715081
2015-12-31 00:00:00,-0.0017507002801120386
2016-01-04 00:00:00,-0.008067344791301334
2016-01-05 00:00:00,0.007072135785006983
2016-01-06 00:00:00,-0.011235955056179803
2016-01-07 00:00:00,-0.0014204545454545858
2016-01-08 00:00:00,-0.00035561877667145136
2016-01-11 00:00:00,-0.0067591604411241235
2016-01-12 00:00:00,-0.008954154727793706
2016-01-13 00:00:00,0.0010842067220817597
2016-01-14 00:00:00,0.0
2016-01-15 00:00:00,-0.0003610108303249149
2016-01-18 00:00:00,0.005417118093174356
2016-01-19 00:00:00,0.0025143678160919336
2016-01-20 00:00:00,-0.006091006807595889
2016-01-21 00:00:00,-0.002883922134102379
2016-01-22 00:00:00,0.007230657989877098
2016-01-25 00:00:00,0.000358937544867155
2016-01-26 00:00:00,0.0010764262648008671
2016-01-27 00:00:00,0.0007168458781361409
2016-01-28 00:00:00,-0.002865329512893977
2016-01-29 00:00:00,-0.0039511494252874035
2016-02-01 00:00:00,0.0
2016-02-02 00:00:00,0.005769924269743987
2016-02-03 00:00:00,-0.004661168877733934
2016-02-04 00:00:00,0.0032420749279538086
2016-02-05 00:00:00,0.001077199281867225
2016-02-15 00:00:00,0.011836441893830596
2016-02-16 00:00:00,-0.0028358738036157183
2016-02-17 00:00:00,-0.0024884464984002985
2016-02-18 00:00:00,0.0017818959372772891
2016-02-19 00:00:00,-0.006047669868374239
2016-02-22 00:00:00,0.0007158196134573469
2016-02-23 00:00:00,-0.005722460658083017
2016-02-24 00:00:00,-0.006115107913669093
2016-02-25 00:00:00,-0.0021715526601520097
2016-02-26 00:00:00,-0.0036271309394269036
2016-02-29 00:00:00,-0.00036403349108116156
2016-03-01 00:00:00,-0.0014566642388929019
2016-03-02 00:00:00,-0.004741064916119586
2016-03-03 00:00:00,0.0018321729571271206
2016-03-04 00:00:00,0.004754937820043992
2016-03-07 00:00:00,0.011649071714597836
2016-03-08 00:00:00,0.015473191795609909
2016-03-09 00:00:00,0.0028348688873138794
2016-03-10 00:00:00,-0.0035335689045936647
2016-03-11 00:00:00,0.02127659574468077
2016-03-14 00:00:00,0.0017361111111111605
2016-03-15 00:00:00,-0.0034662045060658286
2016-03-16 00:00:00,0.0
2016-03-17 00:00:00,0.018434782608695688
2016-03-18 00:00:00,0.006830601092896238
2016-03-21 00:00:00,0.0071234735413840955
2016-03-22 00:00:00,0.007073088582014053
2016-03-23 00:00:00,-0.008695652173912993
2016-03-24 00:00:00,-0.012483130904183515
2016-03-25 00:00:00,0.011274342330030773
2016-03-28 00:00:00,-0.0030405405405405928
2016-03-29 00:00:00,-0.0013554727211114725
2016-03-30 00:00:00,-0.0074652188666440855
2016-03-31 00:00:00,0.002051282051282133
2016-04-01 00:00:00,0.017741385192767023
2016-04-05 00:00:00,-0.0010056989607777345
2016-04-06 00:00:00,-0.011744966442952975
2016-04-07 00:00:00,0.005772495755517859
2016-04-08 00:00:00,-0.00641458474004053
2016-04-11 00:00:00,0.014610941216445905
2016-04-12 00:00:00,0.0
2016-04-13 00:00:00,0.006697923643670389
2016-04-14 00:00:00,0.00831669993346651
2016-04-15 00:00:00,-0.010557571758495587
2016-04-18 00:00:00,-0.0006668889629876107
2016-04-19 00:00:00,0.012012012012011963
2016-04-20 00:00:00,0.01648532805802838
2016-04-21 00:00:00,0.023353876094712955
2016-04-22 00:00:00,-0.012044374009508751
2016-04-25 00:00:00,-0.005133140840551831
2016-04-26 00:00:00,-0.0012899064817800676
2016-04-27 00:00:00,-0.0012915724895059544
2016-04-28 00:00:00,-0.018752020691884863
2016-04-29 00:00:00,-0.010543657331136713
2016-05-03 00:00:00,0.006327006327006224
2016-05-04 00:00:00,0.006618133686300487
2016-05-05 00:00:00,-0.0016436554898093814
2016-05-06 00:00:00,-0.015805070793546316
2016-05-09 00:00:00,0.0224155235864838
2016-05-10 00:00:00,0.0009816753926701338
2016-05-11 00:00:00,0.027459954233409523
2016-05-12 00:00:00,-0.007317849188673287
2016-05-13 00:00:00,-0.04070512820512817
2016-05-16 00:00:00,0.0026729034413632835
2016-05-17 00:00:00,0.02165944685104959
2016-05-18 00:00:00,-0.0016307893020222064
2016-05-19 00:00:00,-0.007840574975498171
2016-05-20 00:00:00,-0.005926901547579799
2016-05-23 00:00:00,-0.03014243126863203
2016-05-24 00:00:00,0.002732240437158362
2016-05-25 00:00:00,-0.0034059945504086864
2016-05-26 00:00:00,0.020847573479152448
2016-05-27 00:00:00,-0.004686976899899609
2016-05-30 00:00:00,0.025227043390514625
2016-05-31 00:00:00,-0.0059055118110236116
2016-06-01 00:00:00,0.00429042904290422
2016-06-02 00:00:00,0.005915215248110339
2016-06-03 00:00:00,0.025155178046390114
2016-06-06 00:00:00,0.007010834926704845
2016-06-07 00:00:00,0.0104430379746836
2016-06-08 00:00:00,-0.01064829314124649
2016-06-13 00:00:00,-0.007280785058562889
2016-06-14 00:00:00,-0.009885204081632626
2016-06-15 00:00:00,-0.006441223832528209
2016-06-16 00:00:00,-0.012965964343598091
2016-06-17 00:00:00,-0.0006568144499179418
2016-06-20 00:00:00,0.0026289845547158297
2016-06-21 00:00:00,-0.003933136676499527
2016-06-22 00:00:00,0.009213557091148461
2016-06-23 00:00:00,-0.003912618193674611
2016-06-24 00:00:00,-0.012111292962356801
2016-06-27 00:00:00,0.017892644135188762
2016-06-28 00:00:00,0.00846354166666674
2016-06-29 00:00:00,-0.003873466752743693
2016-06-30 00:00:00,0.011017498379779722
2016-07-01 00:00:00,0.006089743589743568
2016-07-04 00:00:00,0.06339598598279705
2016-07-05 00:00:00,-0.0014979029358898055
2016-07-06 00:00:00,-0.03720372037203723
2016-07-07 00:00:00,-0.014957930819569976
2016-07-08 00:00:00,0.000949066751028127
2016-07-11 00:00:00,0.010113780025284402
2016-07-12 00:00:00,-0.007822277847309156
2016-07-13 00:00:00,0.023021128981393968
2016-07-14 00:00:00,0.0046239210850802515
2016-07-15 00:00:00,-0.003682111077017436
2016-07-18 00:00:00,-0.001847859562673193
2016-07-19 00:00:00,-0.0077136686207960325
2016-07-20 00:00:00,0.009328358208955168
2016-07-21 00:00:00,-0.00030807147258160583
2016-07-22 00:00:00,-0.014483821263482244
2016-07-25 00:00:00,-0.011257035647279534
2016-07-26 00:00:00,-0.009487666034155628
2016-07-27 00:00:00,-0.0025542784163473664
2016-07-28 00:00:00,-0.008002560819462268
2016-07-29 00:00:00,-0.008389803162310416
2016-08-01 00:00:00,0.01724698991213791
2016-08-02 00:00:00,0.0009596928982724684
2016-08-03 00:00:00,0.0015979546180888704
2016-08-04 00:00:00,0.0031908104658582293
2016-08-05 00:00:00,-0.006997455470737934
2016-08-08 00:00:00,0.0076873798846892605
2016-08-09 00:00:00,0.004132231404958775
2016-08-10 00:00:00,-0.004431782209559976
2016-08-11 00:00:00,-0.0117647058823529
2016-08-12 00:00:00,0.005791505791505891
2016-08-15 00:00:00,0.024312220089571346
2016-08-16 00:00:00,0.005309181761399051
2016-08-17 00:00:00,0.004038521279900564
2016-08-18 00:00:00,0.00030940594059414295
2016-08-19 00:00:00,0.011135168574079701
2016-08-22 00:00:00,-0.016212909146527954
2016-08-23 00:00:00,-0.001865671641791078
2016-08-24 00:00:00,0.013707165109034358
2016-08-25 00:00:00,-0.019360786724031964
2016-08-26 00:00:00,-0.005954246317768752
2016-08-29 00:00:00,-0.0009457755359394415
2016-08-30 00:00:00,0.002524455664247416
2016-08-31 00:00:00,-0.021403840100723937
2016-09-01 00:00:00,-0.0009649404953361307
2016-09-02 00:00:00,0.0019317450096587585
2016-09-05 00:00:00,0.006426735218509005
2016-09-06 00:00:00,0.002234993614304015
2016-09-07 00:00:00,0.0009557183816502057
2016-09-08 00:00:00,0.0003182686187142014
2016-09-09 00:00:00,0.006999681832643878
2016-09-12 00:00:00,-0.020853080568720372
2016-09-13 00:00:00,0.005485640529202973
2016-09-14 00:00:00,-0.020539152759948665
2016-09-19 00:00:00,0.013106159895150737
2016-09-20 00:00:00,0.0333117723156533
2016-09-21 00:00:00,-0.0053208137715180515
2016-09-22 00:00:00,0.0022026431718060735
2016-09-23 00:00:00,0.008163265306122547
2016-09-26 00:00:00,0.00591715976331364
2016-09-27 00:00:00,-0.008359133126935037
2016-09-28 00:00:00,-0.012488292226038089
2016-09-29 00:00:00,-0.0006323110970597456
2016-09-30 00:00:00,-0.0022144890857324073
2016-10-10 00:00:00,-0.008243500317057673
2016-10-11 00:00:00,0.01982097186700771
2016-10-12 00:00:00,0.006583072100313503
2016-10-13 00:00:00,-0.005605730302086553
2016-10-14 00:00:00,0.01941747572815533
2016-10-17 00:00:00,0.02457757296466978
2016-10-18 00:00:00,0.022788605697151354
2016-10-19 00:00:00,0.01846965699208436
2016-10-20 00:00:00,-0.006044905008635526
2016-10-21 00:00:00,-0.009267303793802473
2016-10-24 00:00:00,0.019292604501607746
2016-10-25 00:00:00,-0.003441353599082264
2016-10-26 00:00:00,0.005467625899280515
2016-10-27 00:00:00,-0.013737836290784178
2016-10-28 00:00:00,0.004643064422518828
2016-10-31 00:00:00,-0.006643558636626246
2016-11-01 00:00:00,-0.0005815644082581839
2016-11-02 00:00:00,-0.01134710503345937
2016-11-03 00:00:00,0.005297233666862855
2016-11-04 00:00:00,-0.011709601873536313
2016-11-07 00:00:00,0.00918246445497628
2016-11-08 00:00:00,0.009979454065159876
2016-11-09 00:00:00,-0.010462074978204061
2016-11-10 00:00:00,0.014390602055800228
2016-11-11 00:00:00,0.021424435437174205
2016-11-14 00:00:00,-0.04081632653061229
2016-11-15 00:00:00,-0.0023640661938534313
2016-11-16 00:00:00,0.013329383886255819
2016-11-17 00:00:00,-0.003215434083601254
2016-11-18 00:00:00,-0.0017595307917888103
2016-11-21 00:00:00,0.010575793184488758
2016-11-22 00:00:00,0.029941860465116266
2016-11-23 00:00:00,-0.0019757267852102967
2016-11-24 00:00:00,0.03733031674208154
2016-11-25 00:00:00,0.02889858233369691
2016-11-28 00:00:00,0.005829358770535142
2016-11-29 00:00:00,-0.01080084299262385
2016-11-30 00:00:00,0.02130492676431417
2016-12-01 00:00:00,-0.0010430247718383745
2016-12-02 00:00:00,0.002610284521012751
2016-12-05 00:00:00,0.0020827909398593025
2016-12-06 00:00:00,-0.005455962587685104
2016-12-07 00:00:00,0.007575757575757569
2016-12-08 00:00:00,-0.012704174228675091
2016-12-09 00:00:00,-0.010504201680672232
2016-12-12 00:00:00,0.010350318471337605
2016-12-13 00:00:00,-0.0023640661938534313
2016-12-14 00:00:00,-0.003422854133754649
2016-12-15 00:00:00,0.0031704095112286
2016-12-16 00:00:00,-0.0018435607058203685
2016-12-19 00:00:00,0.006068601583113509
2016-12-20 00:00:00,-0.025701547338054076
2016-12-21 00:00:00,-0.0018842530282637826
2016-12-22 00:00:00,-0.012135922330097082
2016-12-23 00:00:00,-0.022386022386022386
2016-12-26 00:00:00,-0.007260541748115079
2016-12-27 00:00:00,0.021378340365682202
2016-12-28 00:00:00,-0.0049573120352519595
2016-12-29 00:00:00,0.0008303349017437789
2016-12-30 00:00:00,-0.00027654867256632354
2017-01-03 00:00:00,-0.00802213001383123
2017-01-04 00:00:00,-0.005856107083100914
2017-01-05 00:00:00,-0.0008415147265077305
2017-01-06 00:00:00,-0.015440763615946151
2017-01-09 00:00:00,0.003706871970345027
2017-01-10 00:00:00,0.00738636363636358
2017-01-11 00:00:00,0.005922165820642977
2017-01-12 00:00:00,-0.002523128679562614
2017-01-13 00:00:00,0.0
2017-01-16 00:00:00,0.015458122540753294
2017-01-17 00:00:00,0.010240797121505718
2017-01-18 00:00:00,-0.00904109589041091
2017-01-19 00:00:00,0.002488249930882036
2017-01-20 00:00:00,-0.007997793712079426
2017-01-23 00:00:00,-0.0011120378092854821
2017-01-24 00:00:00,0.009462844419704908
2017-01-25 00:00:00,-0.015439757375241281
2017-01-26 00:00:00,-0.003640436852422324
2017-02-03 00:00:00,-0.00843170320404718
2017-02-06 00:00:00,0.008503401360544283
2017-02-07 00:00:00,-0.00393479482855541
2017-02-08 00:00:00,0.01100451467268626
2017-02-09 00:00:00,-0.0033491487580240564
2017-02-10 00:00:00,0.013161579389526779
2017-02-13 00:00:00,-0.009397457158651146
2017-02-14 00:00:00,-0.010881696428571397
2017-02-15 00:00:00,-0.00394922425952049
2017-02-16 00:00:00,-0.0039648824695553975
2017-02-17 00:00:00,-0.01677566107477968
2017-02-20 00:00:00,0.0046269519953729965
2017-02-21 00:00:00,-0.003454231433506094
2017-02-22 00:00:00,-0.002888503755054894
2017-02-23 00:00:00,-0.011587485515643148
2017-02-24 00:00:00,0.0017584994138335475
2017-02-27 00:00:00,-0.003510825043885335
2017-02-28 00:00:00,0.0011743981209630938
2017-03-01 00:00:00,0.01026392961876832
2017-03-02 00:00:00,0.0031930333817127288
2017-03-03 00:00:00,-0.0020254629629629095
2017-03-06 00:00:00,-0.002319512902290488
2017-03-07 00:00:00,-0.017727404824179005
2017-03-08 00:00:00,-0.012721893491124292
2017-03-09 00:00:00,-0.01288582559184892
2017-03-10 00:00:00,-0.023982999392835436
2017-03-13 00:00:00,0.021772939346811793
2017-03-14 00:00:00,-0.0036529680365297024
2017-03-15 00:00:00,0.04063550259700577
2017-03-16 00:00:00,-0.009101585437463311
2017-03-17 00:00:00,0.002666666666666595
2017-03-20 00:00:00,0.0011820330969267712
2017-03-21 00:00:00,0.0002951593860684998
2017-03-22 00:00:00,0.0
2017-03-23 00:00:00,-0.017409265269991203
2017-03-24 00:00:00,-0.0057057057057057214
2017-03-27 00:00:00,-0.01661129568106312
2017-03-28 00:00:00,0.0012285012285011554
2017-03-29 00:00:00,0.00030674846625777796
2017-03-30 00:00:00,-0.011959521619135272
2017-03-31 00:00:00,-0.018001241464928652
2017-04-05 00:00:00,0.006005056890012739
2017-04-06 00:00:00,-0.004712535344015056
2017-04-07 00:00:00,-0.011363636363636354
2017-04-10 00:00:00,0.010536398467432928
2017-04-11 00:00:00,0.004739336492890933
2017-04-12 00:00:00,-0.023899371069182385
2017-04-13 00:00:00,0.01127577319587636
2017-04-14 00:00:00,0.004460019114367553
2017-04-17 00:00:00,0.005391690453536269
2017-04-18 00:00:00,-0.004100946372239789
2017-04-19 00:00:00,-0.014570795058599928
2017-04-20 00:00:00,0.007071681131469054
2017-04-21 00:00:00,0.0015959144589849927
2017-04-24 00:00:00,0.011790949649458149
2017-04-25 00:00:00,-0.006929133858267766
2017-04-26 00:00:00,-0.004123057405645447
2017-04-27 00:00:00,0.009872611464968095
2017-04-28 00:00:00,-0.004730368968779541
2017-05-02 00:00:00,0.019011406844106515
2017-05-03 00:00:00,0.0003109452736318463
2017-05-04 00:00:00,-0.0012433944668945873
2017-05-05 00:00:00,-0.011826953003423624
2017-05-08 00:00:00,0.016062992125984277
2017-05-09 00:00:00,-0.0027898326100433968
2017-05-10 00:00:00,-0.00808206403481504
2017-05-11 00:00:00,0.012221874020683199
2017-05-12 00:00:00,-0.004643962848297267
2017-05-15 00:00:00,0.0034214618973560373
2017-05-16 00:00:00,0.009919404835709855
2017-05-17 00:00:00,0.0
2017-05-18 00:00:00,-0.008594229588704705
2017-05-19 00:00:00,-0.007739938080495334
2017-05-22 00:00:00,0.011544461778471238
2017-05-23 00:00:00,-0.011104256631708775
2017-05-24 00:00:00,-0.011228945726762363
2017-05-25 00:00:00,-0.003154574132492094
2017-05-26 00:00:00,-0.01613924050632909
2017-05-31 00:00:00,-0.029913155355419718
2017-06-01 00:00:00,0.0003315649867374759
2017-06-02 00:00:00,0.002320185614849146
2017-06-05 00:00:00,0.005952380952380931
2017-06-06 00:00:00,0.010848126232741562
2017-06-07 00:00:00,0.0022764227642275703
2017-06-08 00:00:00,-0.0029201817001947017
2017-06-09 00:00:00,0.014318255776114563
2017-06-12 00:00:00,0.012832852101379633
2017-06-13 00:00:00,-0.006968641114982632
2017-06-14 00:00:00,0.00414673046252001
2017-06-15 00:00:00,0.0041296060991105055
2017-06-16 00:00:00,0.008541600759253365
2017-06-19 00:00:00,0.010037641154328814
2017-06-20 00:00:00,-0.010869565217391353
2017-06-21 00:00:00,-0.00784929356357933
2017-06-22 00:00:00,-0.004746835443038
2017-06-23 00:00:00,-0.0031796502384737746
2017-06-26 00:00:00,0.0012759170653906526
2017-06-27 00:00:00,0.012105766167569199
2017-06-28 00:00:00,0.0028328611898016387
2017-06-29 00:00:00,0.005649717514124353
2017-06-30 00:00:00,-0.0034332084893882175
2017-07-03 00:00:00,0.011274663326025669
2017-07-04 00:00:00,-0.01827191080829982
2017-07-05 00:00:00,0.030283911671924235
2017-07-06 00:00:00,0.0064298836497245215
2017-07-07 00:00:00,0.005780346820809301
2017-07-10 00:00:00,0.01784633998790075
2017-07-11 00:00:00,0.0014858841010401136
2017-07-12 00:00:00,0.0005934718100890635
2017-07-13 00:00:00,-0.008600237247924025
2017-07-14 00:00:00,-0.006580915345498095
2017-07-17 00:00:00,0.00752785305630832
2017-07-18 00:00:00,-0.0020920502092049986
2017-07-19 00:00:00,0.005989817310572132
2017-07-20 00:00:00,0.01041976778803222
2017-07-21 00:00:00,0.0026517383618149815
2017-07-24 00:00:00,-0.014986776373787869
2017-07-25 00:00:00,0.017899761336515496
2017-07-26 00:00:00,-0.014654161781946118
2017-07-27 00:00:00,0.009518143961927406
2017-07-28 00:00:00,-0.015910430170889778
2017-07-31 00:00:00,0.015568862275449069
2017-08-01 00:00:00,0.002358490566037652
2017-08-02 00:00:00,-0.004117647058823559
2017-08-03 00:00:00,-0.010336680448907232
2017-08-04 00:00:00,-0.0002984183825723852
2017-08-07 00:00:00,0.0
2017-08-08 00:00:00,0.016417910447761086
2017-08-09 00:00:00,0.004405286343612369
2017-08-10 00:00:00,0.0061403508771928905
2017-08-11 00:00:00,0.006684103458296953
2017-08-14 00:00:00,-0.004041570438799047
2017-08-15 00:00:00,-0.0028985507246376274
2017-08-16 00:00:00,-0.015116279069767424
2017-08-17 00:00:00,0.006493506493506551
2017-08-18 00:00:00,0.007917888563049758
2017-08-21 00:00:00,-0.0029095141111434852
2017-08-22 00:00:00,0.017799824919754847
2017-08-23 00:00:00,0.009461009174311918
2017-08-24 00:00:00,0.00028401022436796985
2017-08-25 00:00:00,-0.005962521294718859
2017-08-28 00:00:00,0.0025706940874035134
2017-08-29 00:00:00,-0.007977207977208023
2017-08-30 00:00:00,-0.0028719126938541173
2017-08-31 00:00:00,0.002016129032258007
2017-09-01 00:00:00,0.004024144869215318
2017-09-04 00:00:00,0.005439450329229878
2017-09-05 00:00:00,0.003416856492027387
2017-09-06 00:00:00,-0.00595913734392739
2017-09-07 00:00:00,-0.00028546959748787515
2017-09-08 00:00:00,-0.014563106796116498
2017-09-11 00:00:00,0.005795421616922702
2017-09-12 00:00:00,-0.004033419763756818
2017-09-13 00:00:00,-0.00665316748625977
2017-09-14 00:00:00,0.009609784507862651
2017-09-15 00:00:00,0.0028843380444187883
2017-09-18 00:00:00,-0.011216566005176842
2017-09-19 00:00:00,-0.004363001745200656
2017-09-20 00:00:00,0.0035056967572304476
2017-09-21 00:00:00,-0.004075691411935978
2017-09-22 00:00:00,-0.0035077462730195297
2017-09-25 00:00:00,-0.0181871516573775
2017-09-26 00:00:00,-0.0023902001792650562
2017-09-27 00:00:00,-0.0008984725965858198
2017-09-28 00:00:00,-0.01588729016786572
2017-09-29 00:00:00,0.006091989034419765
2017-10-09 00:00:00,0.0018165304268846771
2017-10-10 00:00:00,-0.0060441220912662574
2017-10-11 00:00:00,-0.0006080875646092831
2017-10-12 00:00:00,0.010952236081533284
2017-10-13 00:00:00,0.007222389407162133
2017-10-16 00:00:00,0.003884075291305633
2017-10-17 00:00:00,0.0014880952380953438
2017-10-18 00:00:00,-0.005646359583952432
2017-10-19 00:00:00,-0.01583980872683799
2017-10-20 00:00:00,0.01002125721226843
2017-10-23 00:00:00,0.008117859290438956
2017-10-24 00:00:00,0.002684163435729303
2017-10-25 00:00:00,0.01457465794170143
2017-10-26 00:00:00,0.006449721489299343
2017-10-27 00:00:00,0.0032041945819982764
2017-10-30 00:00:00,0.0023228803716608404
2017-10-31 00:00:00,-0.006662804171494785
2017-11-01 00:00:00,-0.0014581510644502416
2017-11-02 00:00:00,0.0043808411214953935
2017-11-03 00:00:00,-0.004652515266065693
2017-11-06 00:00:00,0.0005842827928717043
2017-11-07 00:00:00,0.004963503649634937
2017-11-08 00:00:00,-0.0031958163858222255
2017-11-09 00:00:00,0.004954823666569519
2017-11-10 00:00:00,-0.013631090487238984
2017-11-13 00:00:00,-0.004116436342252228
2017-11-14 00:00:00,-0.004428697962798989
2017-11-15 00:00:00,-0.005931198102016588
2017-11-16 00:00:00,-0.0020883054892600894
2017-11-17 00:00:00,0.026905829596412634
2017-11-20 00:00:00,-0.002328966521106257
2017-11-21 00:00:00,-0.0037934053107674393
2017-11-22 00:00:00,0.005565319273579394
2017-11-23 00:00:00,-0.0032041945819982764
2017-11-24 00:00:00,0.004675628287551081
2017-11-27 00:00:00,-0.007853403141361293
2017-11-28 00:00:00,-0.0020521841102315586
2017-11-29 00:00:00,-0.007344300822561656
2017-11-30 00:00:00,0.008582420834566395
2017-12-01 00:00:00,-0.0023474178403756207
2017-12-04 00:00:00,0.0005882352941175562
2017-12-05 00:00:00,-0.01675485008818345
2017-12-06 00:00:00,0.00568011958146486
2017-12-07 00:00:00,-0.013079667063020217
2017-12-08 00:00:00,0.003012048192771122
2017-12-11 00:00:00,0.003603603603603567
2017-12-12 00:00:00,0.002094554159186135
2017-12-13 00:00:00,-0.0014929829799940064
2017-12-14 00:00:00,-0.014354066985645897
2017-12-15 00:00:00,0.0030339805825243538
2017-12-18 00:00:00,0.007562008469449433
2017-12-19 00:00:00,-0.010207145001501106
2017-12-20 00:00:00,0.0003033060357902073
2017-12-21 00:00:00,-0.015160703456640334
2017-12-22 00:00:00,-0.013238916256157585
2017-12-25 00:00:00,0.009360374414976613
2017-12-26 00:00:00,-0.0018547140649149974
2017-12-27 00:00:00,0.002167853824713628
2017-12-28 00:00:00,-0.006489493201483287
2017-12-29 00:00:00,-0.0018662519440124647
2018-01-02 00:00:00,0.018697413524462414
2018-01-03 00:00:00,0.003364943407770049
2018-01-04 00:00:00,0.006402439024390194
2018-01-05 00:00:00,0.003938200545289261
2018-01-08 00:00:00,-0.007242003621001802
2018-01-09 00:00:00,0.001519756838905817
2018-01-10 00:00:00,-0.0006069802731411
2018-01-11 00:00:00,-0.002429395687822633
2018-01-12 00:00:00,-0.00882800608828005
2018-01-15 00:00:00,-0.0030712530712531105
2018-01-16 00:00:00,-0.009242144177449174
2018-01-17 00:00:00,0.003109452736318463
2018-01-18 00:00:00,0.002169869807811642
2018-01-19 00:00:00,-0.012372409526755335
2018-01-22 00:00:00,0.009082367679298375
2018-01-23 00:00:00,0.0024829298572315306
2018-01-24 00:00:00,0.00588235294117645
2018-01-25 00:00:00,-0.001231148045552466
2018-01-26 00:00:00,0.004314329738058564
2018-01-29 00:00:00,-0.0009205277692543312
2018-01-30 00:00:00,-0.014127764127764175
2018-01-31 00:00:00,0.0059190031152647204
2018-02-01 00:00:00,-0.005264787860018605
2018-02-02 00:00:00,-0.012453300124533051
2018-02-05 00:00:00,0.0015762925598992172
2018-02-06 00:00:00,-0.0037771482530689626
2018-02-07 00:00:00,0.0
2018-02-08 00:00:00,0.00031595576619269927
2018-02-09 00:00:00,-0.005369551484523005
2018-02-12 00:00:00,0.0003175611305177295
2018-02-13 00:00:00,-0.0003174603174602719
2018-02-14 00:00:00,-0.009209272785011158
2018-02-22 00:00:00,-0.0003205128205128194
2018-02-23 00:00:00,0.01795447258736771
2018-02-26 00:00:00,0.00440944881889771
2018-02-27 00:00:00,-0.00313577924114139
2018-02-28 00:00:00,0.005033029254482457
2018-03-01 00:00:00,0.0
2018-03-02 00:00:00,0.00782472613458518
2018-03-05 00:00:00,-0.009627329192546608
2018-03-06 00:00:00,-0.002195045468799006
2018-03-07 00:00:00,-0.009742300439974816
2018-03-08 00:00:00,0.0009520787051728874
2018-03-09 00:00:00,-0.011414077362079889
2018-03-12 00:00:00,0.004810776138550299
2018-03-13 00:00:00,0.015959144589849927
2018-03-14 00:00:00,-0.002827521206409056
2018-03-15 00:00:00,-0.002520478890989275
2018-03-16 00:00:00,0.0012634238787112562
2018-03-19 00:00:00,0.010410094637223866
2018-03-20 00:00:00,-0.004370902279113298
2018-03-21 00:00:00,0.021323298839761584
2018-03-22 00:00:00,0.00675468222290454
2018-03-23 00:00:00,-0.0045745654162854255
2018-03-26 00:00:00,-0.001225490196078427
2018-03-27 00:00:00,-0.006134969325153339
2018-03-28 00:00:00,-0.0018518518518518823
2018-03-29 00:00:00,-0.009894867037724131
2018-03-30 00:00:00,0.00936914428482205
2018-04-02 00:00:00,0.014542079207920722
2018-04-03 00:00:00,-0.0015248551387617715
2018-04-04 00:00:00,0.003970678069639577
2018-04-09 00:00:00,0.004563431700638887
2018-04-10 00:00:00,0.0012113870381587066
2018-04-11 00:00:00,-0.0027223230490017736
2018-04-12 00:00:00,-0.011525629360024214
2018-04-13 00:00:00,0.002147898128260106
2018-04-16 00:00:00,-0.008879363135333773
2018-04-17 00:00:00,0.00030892801977144835
2018-04-18 00:00:00,-0.001235330450895633
2018-04-19 00:00:00,0.0095856524427953
2018-04-20 00:00:00,0.0027565084226646164
2018-04-23 00:00:00,0.0012217470983506562
2018-04-24 00:00:00,-0.010677242220866412
2018-04-25 00:00:00,0.0037002775208141436
2018-04-26 00:00:00,-0.005837173579109067
2018-04-27 00:00:00,-0.004635352286773808
2018-05-02 00:00:00,0.0034150884818380245
2018-05-03 00:00:00,0.0068069306930693685
2018-05-04 00:00:00,-0.0033804548248309585
2018-05-07 00:00:00,0.005858772741288876
2018-05-08 00:00:00,0.0003065603923972926
2018-05-09 00:00:00,0.012871590560833646
2018-05-10 00:00:00,0.0009077155824508409
2018-05-11 00:00:00,0.0006045949214026347
2018-05-14 00:00:00,-0.0009063444108761143
2018-05-15 00:00:00,-0.000604777744178997
2018-05-16 00:00:00,-0.011649016641452348
2018-05-17 00:00:00,0.004132863921628704
2018-05-18 00:00:00,0.012957317073170715
2018-05-21 00:00:00,0.012189616252821667
2018-05-22 00:00:00,0.009366636931311234
2018-05-23 00:00:00,-0.0019148622772131585
2018-05-24 00:00:00,0.011806375442739103
2018-05-25 00:00:00,-0.010501750291715295
2018-05-28 00:00:00,-0.004569575471698117
2018-05-29 00:00:00,0.02087960906263886
2018-05-30 00:00:00,0.011024078909196433
2018-05-31 00:00:00,-0.0022955523672884004
2018-06-01 00:00:00,-0.000719010641357487
2018-06-04 00:00:00,-0.0033098287523384284
2018-06-05 00:00:00,-0.015593416113196645
2018-06-06 00:00:00,-0.0016133763567028891
2018-06-07 00:00:00,-0.0014690759512266949
2018-06-08 00:00:00,-0.011622774753567766
