2009-01-05 00:00:00,0.005115982370992311
2009-01-06 00:00:00,0.013041840730418697
2009-01-07 00:00:00,-0.006582814803323789
2009-01-08 00:00:00,-0.0017242605980877235
2009-01-09 00:00:00,0.01531380436564489
2009-01-12 00:00:00,0.024591305806459518
2009-01-13 00:00:00,-0.03164018941410374
2009-01-14 00:00:00,0.020259629007669533
2009-01-15 00:00:00,-0.011202846682904277
2009-01-16 00:00:00,0.015222330608361645
2009-01-19 00:00:00,0.004340629344953717
2009-01-20 00:00:00,-0.01054705265488709
2009-01-21 00:00:00,-0.00646630515381974
2009-01-22 00:00:00,0.002950378267441156
2009-01-23 00:00:00,0.006703691225299346
2009-02-02 00:00:00,-0.008814652168173343
2009-02-03 00:00:00,0.013660388671084878
2009-02-04 00:00:00,0.0027559012726887655
2009-02-05 00:00:00,0.00481267215879666
2009-02-06 00:00:00,0.0093578214280432
2009-02-09 00:00:00,0.011083069420814828
2009-02-10 00:00:00,-4.646429863675028e-05
2009-02-11 00:00:00,-0.013772054882471463
2009-02-12 00:00:00,0.010529908750851913
2009-02-13 00:00:00,-0.0020700497157692954
2009-02-16 00:00:00,-0.018458567680535
2009-02-17 00:00:00,-0.001859507081445222
2009-02-18 00:00:00,-0.037677473056055844
2009-02-19 00:00:00,0.004374793785439479
2009-02-20 00:00:00,0.019922405062345216
2009-02-23 00:00:00,0.01993532222468586
2009-02-24 00:00:00,-0.007140009203315811
2009-02-25 00:00:00,0.002664780306561365
2009-02-26 00:00:00,-0.004590564282617171
2009-02-27 00:00:00,-0.02097775956278336
2009-03-02 00:00:00,0.00013700313702802447
2009-03-03 00:00:00,-0.0008280753622609272
2009-03-04 00:00:00,0.013416130309978236
2009-03-05 00:00:00,-0.0038663702956182044
2009-03-06 00:00:00,0.006209073384554564
2009-03-09 00:00:00,-0.00020397456023024674
2009-03-10 00:00:00,0.0002351382670622293
2009-03-11 00:00:00,-0.01000766986475432
2009-03-12 00:00:00,0.004071045912784843
2009-03-13 00:00:00,0.003160470670779736
2009-03-16 00:00:00,0.012250284646317278
2009-03-17 00:00:00,-5.6919901540331e-05
2009-03-18 00:00:00,-0.0034605255362374354
2009-03-19 00:00:00,0.005831559854493573
2009-03-20 00:00:00,0.007252651804279697
2009-03-23 00:00:00,0.030895218590495377
2009-03-24 00:00:00,-0.01649217149477855
2009-03-25 00:00:00,-0.010217917775934504
2009-03-26 00:00:00,0.004789129239580303
2009-03-27 00:00:00,-0.014832531949667938
2009-03-30 00:00:00,-0.0067493626786918615
2009-03-31 00:00:00,-0.001909663129183059
2009-04-01 00:00:00,0.012999929683339184
2009-04-02 00:00:00,0.005677507290492434
2009-04-03 00:00:00,-0.0022526840599352838
2009-04-07 00:00:00,0.01261697060307787
2009-04-08 00:00:00,-0.01117428204699833
2009-04-09 00:00:00,0.009354919793233663
2009-04-10 00:00:00,-0.00019899889629726442
2009-04-13 00:00:00,-0.004086607584130708
2009-04-14 00:00:00,9.076382623640633e-05
2009-04-15 00:00:00,0.00474026675207484
2009-04-16 00:00:00,0.0011270301991002096
2009-04-17 00:00:00,0.0006584039447505852
2009-04-20 00:00:00,-0.025305235116556246
2009-04-21 00:00:00,-0.004590935919038697
2009-04-22 00:00:00,0.004843852805816562
2009-04-23 00:00:00,0.004875149865872341
2009-04-24 00:00:00,-0.011887358302237305
2009-04-27 00:00:00,-0.04554244729552548
2009-04-28 00:00:00,0.008160029108725153
2009-04-29 00:00:00,0.011103292610976201
2009-04-30 00:00:00,0.020319094029347173
2009-05-04 00:00:00,0.04007080558757603
2009-05-05 00:00:00,-0.010133401521602137
2009-05-06 00:00:00,0.0060675210148486425
2009-05-07 00:00:00,-0.003973425023817145
2009-05-08 00:00:00,0.002375290939164554
2009-05-11 00:00:00,-0.016997814963280455
2009-05-12 00:00:00,0.012830326122151403
2009-05-13 00:00:00,0.0015061314148707705
2009-05-14 00:00:00,-0.006566337669921096
2009-05-15 00:00:00,0.0063206026543050076
2009-05-18 00:00:00,-0.010881485433324012
2009-05-19 00:00:00,0.008814763773770551
2009-05-20 00:00:00,0.02079328214640519
2009-05-21 00:00:00,-0.003592755558120664
2009-05-22 00:00:00,0.013138421757294072
2009-05-25 00:00:00,0.010380956639471028
2009-05-26 00:00:00,-0.007026997750232855
2009-05-27 00:00:00,0.010803873334492398
2009-06-01 00:00:00,0.021330668876429648
2009-06-02 00:00:00,-0.0024728799366995347
2009-06-03 00:00:00,0.004716318362521843
2009-06-04 00:00:00,-0.0045768491458144656
2009-06-05 00:00:00,0.0038443163135781777
2009-06-08 00:00:00,-0.011823486176695375
2009-06-09 00:00:00,0.0020010225373794377
2009-06-10 00:00:00,-0.006716783946162819
2009-06-11 00:00:00,0.006449516084124696
2009-06-12 00:00:00,-0.01043299517215246
2009-06-15 00:00:00,-0.00633822797727579
2009-06-16 00:00:00,-0.0010214306500886394
2009-06-17 00:00:00,-0.0007540957896059464
2009-06-18 00:00:00,-0.0016025952809773925
2009-06-19 00:00:00,0.0006560383749105725
2009-06-22 00:00:00,-0.013260827129968233
2009-06-23 00:00:00,0.014322625310965398
2009-06-24 00:00:00,-0.006803474032882062
2009-06-25 00:00:00,0.0002281573540603432
2009-06-26 00:00:00,0.005526197252089027
2009-06-29 00:00:00,-0.006989375752194049
2009-06-30 00:00:00,0.00536917001980175
2009-07-01 00:00:00,0.009049293095122701
2009-07-02 00:00:00,-0.004052779089777303
2009-07-03 00:00:00,-0.010960984604117763
2009-07-06 00:00:00,-0.009495715108009062
2009-07-07 00:00:00,7.112577368739714e-05
2009-07-08 00:00:00,-0.022949506960297406
2009-07-09 00:00:00,0.0003178465399129582
2009-07-10 00:00:00,0.0036647373307281406
2009-07-13 00:00:00,-0.008680087875523657
2009-07-14 00:00:00,0.0037067350256494436
2009-07-15 00:00:00,0.010134712245108757
2009-07-16 00:00:00,-0.008924576118152672
2009-07-17 00:00:00,-0.002099122163556899
2009-07-20 00:00:00,0.015634289697516346
2009-07-21 00:00:00,-0.008079141585102811
2009-07-22 00:00:00,0.009024960458187126
2009-07-23 00:00:00,-0.002239074020331522
2009-07-24 00:00:00,-0.008790693434205687
2009-07-27 00:00:00,-0.007043312518988709
2009-07-28 00:00:00,0.010915586840352542
2009-07-29 00:00:00,-0.0058821542324350995
2009-07-30 00:00:00,0.007657145402829135
2009-07-31 00:00:00,0.017188793701514715
2009-08-03 00:00:00,0.025332847986613283
2009-08-04 00:00:00,-0.0013754049288245973
2009-08-05 00:00:00,0.007953960152313977
2009-08-06 00:00:00,-0.008829184850581373
2009-08-07 00:00:00,-0.005984250935819113
2009-08-10 00:00:00,0.02261250936430237
2009-08-11 00:00:00,0.012110675080885924
2009-08-12 00:00:00,0.004208418501606914
2009-08-13 00:00:00,0.0058781263298561814
2009-08-14 00:00:00,-0.016125336755557385
2009-08-17 00:00:00,-0.033426305430113934
2009-08-18 00:00:00,0.004839214140709647
2009-08-19 00:00:00,-0.017689676212449212
2009-08-20 00:00:00,0.010223637788356443
2009-08-21 00:00:00,-0.002913483486969737
2009-08-24 00:00:00,0.02650256721273525
2009-08-25 00:00:00,-0.0010178513125747024
2009-08-26 00:00:00,0.0010800157764057072
2009-08-27 00:00:00,-0.0044429786355881795
2009-08-28 00:00:00,0.007746318054201229
2009-08-31 00:00:00,-0.01702917867482434
2009-09-01 00:00:00,-0.0011146672531653357
2009-09-02 00:00:00,-0.025319183442126025
2009-09-03 00:00:00,0.017126928481274284
2009-09-04 00:00:00,-0.017878277225006345
2009-09-07 00:00:00,-0.005836876068614827
2009-09-08 00:00:00,0.01289076369711073
2009-09-09 00:00:00,-0.0016139625983234707
2009-09-10 00:00:00,0.005933920758846467
2009-09-11 00:00:00,-0.009458900130790093
2009-09-14 00:00:00,-0.0077864028059323465
2009-09-15 00:00:00,0.00541377303807411
2009-09-16 00:00:00,0.01890423514341011
2009-09-17 00:00:00,0.019954659266999242
2009-09-18 00:00:00,0.0003219838542045661
2009-09-21 00:00:00,-0.007657966779287317
2009-09-22 00:00:00,0.00277199746257506
2009-09-23 00:00:00,-0.008395769286341892
2009-09-24 00:00:00,-0.018254874241588892
2009-09-25 00:00:00,0.0027060995641141616
2009-09-28 00:00:00,-0.01650933171136504
2009-09-29 00:00:00,-2.071465854192045e-05
2009-09-30 00:00:00,-0.004097043581637538
2009-10-09 00:00:00,0.01623812554657489
2009-10-12 00:00:00,0.020045202371939297
2009-10-13 00:00:00,-0.00374589356581867
2009-10-14 00:00:00,0.005800437870165931
2009-10-15 00:00:00,-0.0006253589293435668
2009-10-16 00:00:00,0.009495095277723076
2009-10-19 00:00:00,0.0021586549896028817
2009-10-20 00:00:00,-0.0010259622055395212
2009-10-21 00:00:00,0.005284940926125303
2009-10-22 00:00:00,-0.004917146700138542
2009-10-23 00:00:00,0.009941376596213525
2009-10-26 00:00:00,0.003223679842933258
2009-10-27 00:00:00,-0.010477786532882227
2009-10-28 00:00:00,-0.009262791480361687
2009-10-29 00:00:00,-0.0035446894372023197
2009-10-30 00:00:00,0.003908440092269538
2009-11-02 00:00:00,0.008554042552266328
2009-11-03 00:00:00,0.004032812172788169
2009-11-04 00:00:00,0.003927784626042596
2009-11-05 00:00:00,-0.004078153719816013
2009-11-06 00:00:00,-0.0002620766146786968
2009-11-09 00:00:00,0.00014549011388109712
2009-11-10 00:00:00,-0.0038260561813485694
2009-11-11 00:00:00,0.003067712640417275
2009-11-12 00:00:00,0.002701618012978857
2009-11-13 00:00:00,0.009619167516973004
2009-11-16 00:00:00,0.003043162674911226
2009-11-17 00:00:00,-0.004525059864391556
2009-11-18 00:00:00,0.011399898608625891
2009-11-19 00:00:00,-0.0011706087646453645
2009-11-20 00:00:00,0.005138294011462374
2009-11-23 00:00:00,0.02215288439230334
2009-11-24 00:00:00,-0.016127012234001592
2009-11-25 00:00:00,0.01606618391103276
2009-11-26 00:00:00,0.01622546215926568
2009-11-27 00:00:00,-0.017691228770275957
2009-11-30 00:00:00,0.0400757433054697
2009-12-01 00:00:00,-0.008345503118585063
2009-12-02 00:00:00,-0.001501722569978159
2009-12-03 00:00:00,-0.0054035384543473786
2009-12-04 00:00:00,0.006975760423721278
2009-12-07 00:00:00,0.015642171935795313
2009-12-08 00:00:00,0.008715361035091185
2009-12-09 00:00:00,-0.017077428855783117
2009-12-10 00:00:00,-0.011491932594984378
2009-12-11 00:00:00,0.004116310257088696
2009-12-14 00:00:00,-0.006074509304858311
2009-12-15 00:00:00,0.008440900524325778
2009-12-16 00:00:00,0.005077296263256592
2009-12-17 00:00:00,-0.004160819806617089
2009-12-18 00:00:00,-0.015903441218183545
2009-12-21 00:00:00,-0.0018603918755283333
2009-12-22 00:00:00,-0.001637598731404566
2009-12-23 00:00:00,-0.0006472338639396114
2009-12-24 00:00:00,0.008957297581271728
2009-12-25 00:00:00,-0.003122501013739565
2009-12-28 00:00:00,0.013360578925028399
2009-12-29 00:00:00,-0.0007909335037137311
2009-12-30 00:00:00,-0.00028707830449148375
2009-12-31 00:00:00,0.007227007143313147
2010-01-04 00:00:00,0.004712314052826461
2010-01-05 00:00:00,0.0022228563014274894
2010-01-06 00:00:00,0.020080703299487856
2010-01-07 00:00:00,-0.025381482408275313
2010-01-08 00:00:00,-0.014867223545897978
2010-01-11 00:00:00,0.011853294878253928
2010-01-12 00:00:00,-0.006618373339407624
2010-01-13 00:00:00,-0.022459463706410943
2010-01-14 00:00:00,0.0027255746073762133
2010-01-15 00:00:00,-0.0013288501250651175
2010-01-18 00:00:00,-0.0014490142192867816
2010-01-19 00:00:00,0.0025150162410245702
2010-01-20 00:00:00,-0.013996220078533517
2010-01-21 00:00:00,0.009344637242146181
2010-01-22 00:00:00,-0.0026055117612409084
2010-01-25 00:00:00,0.005056819034229276
2010-01-26 00:00:00,-0.006510061542600587
2010-01-27 00:00:00,0.008502555081657315
2010-01-28 00:00:00,-0.014377726894323706
2010-01-29 00:00:00,-0.0023665688437759513
2010-02-01 00:00:00,-0.021299925032219114
2010-02-02 00:00:00,-0.00895907162074061
2010-02-03 00:00:00,0.012556006235592054
2010-02-04 00:00:00,-0.007361252959151909
2010-02-05 00:00:00,0.007696362031998527
2010-02-08 00:00:00,0.008119192913414341
2010-02-09 00:00:00,0.0003970888505231418
2010-02-10 00:00:00,-0.01012553048123932
2010-02-11 00:00:00,0.007555064488183438
2010-02-12 00:00:00,-0.004595951216235572
2010-02-22 00:00:00,0.009952419575202542
2010-02-23 00:00:00,0.011760774465432666
2010-02-24 00:00:00,-0.0039350058649628705
2010-02-25 00:00:00,-0.0046986774538844145
2010-02-26 00:00:00,-0.0019739227343275045
2010-03-01 00:00:00,0.012112765716365104
2010-03-02 00:00:00,-0.0022171597912825636
2010-03-03 00:00:00,0.004388870597779926
2010-03-04 00:00:00,-0.012985242277649856
2010-03-05 00:00:00,0.0003682911046023474
2010-03-08 00:00:00,0.0023220978877775966
2010-03-09 00:00:00,0.0004652862260126067
2010-03-10 00:00:00,-0.0021290070689113927
2010-03-11 00:00:00,0.0025031508614481446
2010-03-12 00:00:00,-0.009209615052810927
2010-03-15 00:00:00,-0.0029605454504090245
2010-03-16 00:00:00,0.009871319416298485
2010-03-17 00:00:00,0.001511454617864283
2010-03-18 00:00:00,-0.0023694159749017007
2010-03-19 00:00:00,0.006368284011316616
2010-03-22 00:00:00,0.0015442581028659585
2010-03-23 00:00:00,-0.00011280205138475274
2010-03-24 00:00:00,-0.003623417936343909
2010-03-25 00:00:00,0.0010737115687418086
2010-03-26 00:00:00,-0.0036658583422761737
2010-03-29 00:00:00,0.004017416868691948
2010-03-30 00:00:00,0.004540823621980827
2010-03-31 00:00:00,-0.001325309711657896
2010-04-01 00:00:00,-0.004513041764154457
2010-04-02 00:00:00,0.0024775903209390826
2010-04-06 00:00:00,-0.0008793140839500335
2010-04-07 00:00:00,0.005411734289274772
2010-04-08 00:00:00,-0.003057527530289428
2010-04-09 00:00:00,0.003887151216883211
2010-04-12 00:00:00,0.006159876558253119
2010-04-13 00:00:00,0.00015501475011236998
2010-04-14 00:00:00,-0.0012646019488961047
2010-04-15 00:00:00,-0.003148713073731768
2010-04-16 00:00:00,0.005062477749432803
2010-04-19 00:00:00,-0.007496210471073406
2010-04-20 00:00:00,0.009358229335039603
2010-04-21 00:00:00,0.0030717970413218776
2010-04-22 00:00:00,0.0038627392754426726
2010-04-23 00:00:00,0.0050972827296307255
2010-04-26 00:00:00,0.0018591030127599328
2010-04-27 00:00:00,-0.005361152004250358
2010-04-28 00:00:00,-0.005754006592239014
2010-04-29 00:00:00,0.0014538581005481
2010-04-30 00:00:00,0.00854354624481446
2010-05-04 00:00:00,-0.006667127349419211
2010-05-05 00:00:00,0.01607404353399433
2010-05-06 00:00:00,-0.011076217598520843
2010-05-07 00:00:00,-0.019125588067732457
2010-05-10 00:00:00,0.011321663322976239
2010-05-11 00:00:00,-0.006896605243694287
2010-05-12 00:00:00,0.007792444520645869
2010-05-13 00:00:00,-0.00021647309306349616
2010-05-14 00:00:00,-0.0072581709230846725
2010-05-17 00:00:00,-0.02006044590535183
2010-05-18 00:00:00,0.0068281394376465965
2010-05-19 00:00:00,-0.009516300811115874
2010-05-20 00:00:00,0.0035381297201722006
2010-05-21 00:00:00,0.006709999274735257
2010-05-24 00:00:00,0.0031376223222372435
2010-05-25 00:00:00,-0.009574569743959538
2010-05-26 00:00:00,0.0059984018212428936
2010-05-27 00:00:00,-9.916769508200307e-05
2010-05-28 00:00:00,-0.0012789321594385283
2010-05-31 00:00:00,-0.009914546026071114
2010-06-01 00:00:00,-0.004499060897740215
2010-06-02 00:00:00,0.0037374534806153825
2010-06-03 00:00:00,0.0006849629857850204
2010-06-04 00:00:00,0.0031560371579089086
2010-06-07 00:00:00,-0.014266282939188302
2010-06-08 00:00:00,0.004913844303908954
2010-06-09 00:00:00,-0.0026392905344335693
2010-06-10 00:00:00,0.0005618759299574894
2010-06-11 00:00:00,-0.0012663940525214912
2010-06-17 00:00:00,0.006338202380141489
2010-06-18 00:00:00,0.002755687358342973
2010-06-21 00:00:00,0.014339978325955904
2010-06-22 00:00:00,-0.0035822253471053944
2010-06-23 00:00:00,-0.0017079495850713666
2010-06-24 00:00:00,-0.0005494855563777934
2010-06-25 00:00:00,-0.0035090541896972693
2010-06-28 00:00:00,0.0017554678701798831
2010-06-29 00:00:00,-0.0027455643823129927
2010-06-30 00:00:00,-0.005500090732638352
2010-07-01 00:00:00,-0.00173876547651175
2010-07-02 00:00:00,0.006092732207086726
2010-07-05 00:00:00,-0.0033308741147224374
2010-07-06 00:00:00,-0.0019182969321476229
2010-07-07 00:00:00,0.0012180807720991726
2010-07-08 00:00:00,0.009236386843773037
2010-07-09 00:00:00,0.0044103552690206715
2010-07-12 00:00:00,-0.003451033122939151
2010-07-13 00:00:00,-0.003978520040899269
2010-07-14 00:00:00,0.0032173413764651215
2010-07-15 00:00:00,0.00232607312712374
2010-07-16 00:00:00,0.011139950413377786
2010-07-19 00:00:00,0.0013541973428146115
2010-07-20 00:00:00,0.0028199118766019104
2010-07-21 00:00:00,-0.0008839576678382199
2010-07-22 00:00:00,-0.0015265356140764519
2010-07-23 00:00:00,0.003704839971069296
2010-07-26 00:00:00,0.003747218989355927
2010-07-27 00:00:00,-0.010517741164768335
2010-07-28 00:00:00,0.0028797512700595718
2010-07-29 00:00:00,0.00481423606939102
2010-07-30 00:00:00,0.0055449576661870115
2010-08-02 00:00:00,0.018492369361277294
2010-08-03 00:00:00,-0.010245713695681946
2010-08-04 00:00:00,0.004595330898172323
2010-08-05 00:00:00,-0.010837015595409838
2010-08-06 00:00:00,0.008331344002820318
2010-08-09 00:00:00,0.015606761156089721
2010-08-10 00:00:00,-0.010165890216375706
2010-08-11 00:00:00,-0.0014446744321461313
2010-08-12 00:00:00,0.004084190179827418
2010-08-13 00:00:00,0.01656706895112592
2010-08-16 00:00:00,0.010911354954020513
2010-08-17 00:00:00,-0.0025135613686885216
2010-08-18 00:00:00,-0.007015927267218225
2010-08-19 00:00:00,-0.0034589218234050145
2010-08-20 00:00:00,-0.017235215863778297
2010-08-23 00:00:00,-0.0005362274608706752
2010-08-24 00:00:00,-0.005119442291921961
2010-08-25 00:00:00,-0.0036127924406794687
2010-08-26 00:00:00,0.00670543920834632
2010-08-27 00:00:00,0.0043053140777415955
2010-08-30 00:00:00,0.007809276634726414
2010-08-31 00:00:00,-0.016252014644625223
2010-09-01 00:00:00,0.0028197657623700856
2010-09-02 00:00:00,0.00010617750869679199
2010-09-03 00:00:00,0.00872828284068472
2010-09-06 00:00:00,0.009181804072627697
2010-09-07 00:00:00,0.005495865762849217
2010-09-08 00:00:00,-0.0036619746237273043
2010-09-09 00:00:00,-0.012966043985603082
2010-09-10 00:00:00,0.003161498043314781
2010-09-13 00:00:00,-0.0010554080936522325
2010-09-14 00:00:00,-0.004482318060442747
2010-09-15 00:00:00,0.008038137317969207
2010-09-16 00:00:00,-0.0017926585506016224
2010-09-17 00:00:00,0.0027275909907442664
2010-09-20 00:00:00,0.025949958588452615
2010-09-21 00:00:00,-0.008069180339391413
2010-09-27 00:00:00,0.014607000988035468
2010-09-28 00:00:00,0.001932628594036645
2010-09-29 00:00:00,-0.014802374566411425
2010-09-30 00:00:00,0.0007940520488669556
2010-10-08 00:00:00,-0.006764476794223762
2010-10-11 00:00:00,0.044273337024539394
2010-10-12 00:00:00,-0.004351679751749993
2010-10-13 00:00:00,0.0068610248469076485
2010-10-14 00:00:00,0.0009714255349118073
2010-10-15 00:00:00,0.0057827375054650965
2010-10-18 00:00:00,-0.014304312971900601
2010-10-19 00:00:00,0.005169035907004682
2010-10-20 00:00:00,-0.00020670986824211646
2010-10-21 00:00:00,0.013174230231733919
2010-10-22 00:00:00,0.0038881583170946588
2010-10-25 00:00:00,0.02163408044003723
2010-10-26 00:00:00,-0.008377164863117459
2010-10-27 00:00:00,-0.02004877549704831
2010-10-28 00:00:00,0.009211164131074367
2010-10-29 00:00:00,-0.014606244195950469
2010-11-01 00:00:00,0.021721437691645917
2010-11-02 00:00:00,-0.001619037605234408
2010-11-03 00:00:00,-0.004899843521730007
2010-11-04 00:00:00,0.018927172799796832
2010-11-05 00:00:00,0.03389135207520022
2010-11-08 00:00:00,0.0009226776892132804
2010-11-09 00:00:00,0.006951532919394321
2010-11-10 00:00:00,0.012887560734558434
2010-11-11 00:00:00,0.005390813733641364
2010-11-12 00:00:00,-0.037827303484260555
2010-11-15 00:00:00,-0.010576400324213253
2010-11-16 00:00:00,-0.015033373799253402
2010-11-17 00:00:00,-0.02914339701441082
2010-11-18 00:00:00,0.0016003375028486033
2010-11-19 00:00:00,0.004485697543626932
2010-11-22 00:00:00,-0.011087220869823056
2010-11-23 00:00:00,0.008844327041813038
2010-11-24 00:00:00,0.0080450663197289
2010-11-25 00:00:00,-0.00418795517008641
2010-11-26 00:00:00,-0.010865023611913993
2010-11-29 00:00:00,0.0020962802284327786
2010-11-30 00:00:00,-0.005945686748064061
2010-12-01 00:00:00,0.005327116615244654
2010-12-02 00:00:00,0.013754659330113661
2010-12-03 00:00:00,0.0050278179841587445
2010-12-06 00:00:00,0.0007896219698282358
2010-12-07 00:00:00,0.0008901168566604056
2010-12-08 00:00:00,-0.01821155005481845
2010-12-09 00:00:00,0.00469909700720228
2010-12-10 00:00:00,0.0006156142198510128
2010-12-13 00:00:00,0.007865756421965076
2010-12-14 00:00:00,0.006721718795068776
2010-12-15 00:00:00,-0.004474915588330464
2010-12-16 00:00:00,0.0032559122522837214
2010-12-17 00:00:00,0.0006950521881541327
2010-12-20 00:00:00,0.0001050036838143864
2010-12-21 00:00:00,0.007834317287176207
2010-12-22 00:00:00,-0.0067287501807895556
2010-12-23 00:00:00,0.011548757636380858
2010-12-24 00:00:00,0.01603160251408342
2010-12-27 00:00:00,0.0031805060407490426
2010-12-28 00:00:00,0.003971337302759004
2010-12-29 00:00:00,-0.013332691665920327
2010-12-30 00:00:00,0.005618421082044023
2010-12-31 00:00:00,-0.0017469696386362976
2011-01-04 00:00:00,0.007332583912431856
2011-01-05 00:00:00,-0.012007936380918016
2011-01-06 00:00:00,0.01308634236632411
2011-01-07 00:00:00,-0.022440788999436023
2011-01-10 00:00:00,0.0022108600173171844
2011-01-11 00:00:00,0.002720464276219081
2011-01-12 00:00:00,-0.0025605043817747974
2011-01-13 00:00:00,0.011087684548975796
2011-01-14 00:00:00,0.005580105690375703
2011-01-17 00:00:00,0.002869992271818722
2011-01-18 00:00:00,0.010330795355547595
2011-01-19 00:00:00,0.0033508394568593225
2011-01-20 00:00:00,-0.008462019505317997
2011-01-21 00:00:00,-0.004401288252514957
2011-01-24 00:00:00,0.00745381168781889
2011-01-25 00:00:00,-0.01144764855110958
2011-01-26 00:00:00,-0.016728379121470627
2011-01-27 00:00:00,0.0014273986510529024
2011-01-28 00:00:00,-0.0014727328194535927
2011-01-31 00:00:00,0.008967608935978921
2011-02-01 00:00:00,0.0050582922065298686
2011-02-09 00:00:00,0.01631147829980728
2011-02-10 00:00:00,0.01174477430253984
2011-02-11 00:00:00,0.00370127113969021
2011-02-14 00:00:00,0.0029660475366817263
2011-02-15 00:00:00,-0.010325817421058092
2011-02-16 00:00:00,-0.00405386270522512
2011-02-17 00:00:00,-0.007399745019069037
2011-02-18 00:00:00,0.0015617402479424225
2011-02-21 00:00:00,-0.006487100123387379
2011-02-22 00:00:00,0.004534626224667937
2011-02-23 00:00:00,-0.030366483701986136
2011-02-24 00:00:00,-0.01197603976194761
2011-02-25 00:00:00,0.009926404601401151
2011-02-28 00:00:00,0.00840083326977803
2011-03-01 00:00:00,0.0003810827461723232
2011-03-02 00:00:00,0.022125088643408786
2011-03-03 00:00:00,-0.009930362592498243
2011-03-04 00:00:00,0.008396053653886515
2011-03-07 00:00:00,-0.0017542687633113063
2011-03-08 00:00:00,-0.017773288688401
2011-03-09 00:00:00,-0.0001733708066287143
2011-03-10 00:00:00,-0.009949068980238618
2011-03-11 00:00:00,-0.002005226933201598
2011-03-14 00:00:00,-0.0020753997921661993
2011-03-15 00:00:00,0.014932511310006502
2011-03-16 00:00:00,-0.006148027340637685
2011-03-17 00:00:00,0.008037485229628327
2011-03-18 00:00:00,0.00027131766240939825
2011-03-21 00:00:00,0.007768257792409861
2011-03-22 00:00:00,0.0017900347930694949
2011-03-23 00:00:00,0.009736841865432666
2011-03-24 00:00:00,-0.007571093806703066
2011-03-25 00:00:00,0.019945961148270852
2011-03-28 00:00:00,0.0069421396081916775
2011-03-29 00:00:00,0.002769175684169456
2011-03-30 00:00:00,-0.005246805123605314
2011-03-31 00:00:00,-0.0033876992141588236
2011-04-01 00:00:00,0.00502837672218015
2011-04-06 00:00:00,0.007103196083720009
2011-04-07 00:00:00,-0.004131545872312459
2011-04-08 00:00:00,0.0014036083870094807
2011-04-11 00:00:00,0.005646145495771693
2011-04-12 00:00:00,-0.01303333321133937
2011-04-13 00:00:00,-0.002645950632095606
2011-04-14 00:00:00,-0.013667459547840322
2011-04-15 00:00:00,-0.0006202054765984677
2011-04-18 00:00:00,0.006446309404102513
2011-04-19 00:00:00,-0.0035455335079391803
2011-04-20 00:00:00,0.006928642765495763
2011-04-21 00:00:00,-0.003207157079401446
2011-04-22 00:00:00,0.00268732920826964
2011-04-25 00:00:00,-0.004396601249076704
2011-04-26 00:00:00,-0.007102996144063178
2011-04-27 00:00:00,-0.0003030128644724295
2011-04-28 00:00:00,0.005919011775151306
2011-04-29 00:00:00,-0.018461913417667897
2011-05-03 00:00:00,0.00519710557014208
2011-05-04 00:00:00,-0.01123033765636483
2011-05-05 00:00:00,0.0016532651225600326
2011-05-06 00:00:00,-0.01680281234853076
2011-05-09 00:00:00,0.005532420504048563
2011-05-10 00:00:00,0.005300060091621761
2011-05-11 00:00:00,-0.0015211043838982974
2011-05-12 00:00:00,-0.007047378196207599
2011-05-13 00:00:00,0.010402474537962503
2011-05-16 00:00:00,-0.005202159013608765
2011-05-17 00:00:00,-0.0072542751603564826
2011-05-18 00:00:00,0.0031013101198458237
2011-05-19 00:00:00,0.004211515382067654
2011-05-20 00:00:00,0.005347906368343924
2011-05-23 00:00:00,0.00018558772371779497
2011-05-24 00:00:00,0.006523890030920354
2011-05-25 00:00:00,-0.0009030351731258435
2011-05-26 00:00:00,0.006127683766491421
2011-05-27 00:00:00,-0.0014708315660633131
2011-05-30 00:00:00,0.0012888202313114938
2011-05-31 00:00:00,-0.001360407132428021
2011-06-01 00:00:00,-0.0012506542964242362
2011-06-02 00:00:00,0.0063065077913211365
2011-06-03 00:00:00,0.009645451775232905
2011-06-07 00:00:00,-0.008487880400156467
2011-06-08 00:00:00,-0.0008392251711365484
2011-06-09 00:00:00,0.0004545098238450951
2011-06-10 00:00:00,-0.0028225593168459406
2011-06-13 00:00:00,0.0016528349590034797
2011-06-14 00:00:00,0.000501917282615949
2011-06-15 00:00:00,-0.001372638472790344
2011-06-16 00:00:00,-0.0054131495909842675
2011-06-17 00:00:00,-0.006808377016220835
2011-06-20 00:00:00,-0.0030968237719940506
2011-06-21 00:00:00,0.005813773546743395
2011-06-22 00:00:00,-0.00031756278056238596
2011-06-23 00:00:00,-0.004840961952520373
2011-06-24 00:00:00,0.004327815685440495
2011-06-27 00:00:00,-0.005526604804340862
2011-06-28 00:00:00,0.005191174982156266
2011-06-29 00:00:00,0.0019026729576674395
2011-06-30 00:00:00,0.003225040964595083
2011-07-01 00:00:00,-0.006044213563034084
2011-07-04 00:00:00,0.006597519503445337
2011-07-05 00:00:00,0.0023128844977324814
2011-07-06 00:00:00,-0.0021812668305676297
2011-07-07 00:00:00,0.0026084951608320583
2011-07-08 00:00:00,0.008744840802545228
2011-07-11 00:00:00,0.0005706485485510449
2011-07-12 00:00:00,-0.0031987436473696063
2011-07-13 00:00:00,0.012094864987145959
2011-07-14 00:00:00,0.0044453894034828245
2011-07-15 00:00:00,-0.002237390042209242
2011-07-18 00:00:00,-0.0036861790705641218
2011-07-19 00:00:00,0.0016980275914986187
2011-07-20 00:00:00,-4.8461653872067245e-05
2011-07-21 00:00:00,0.0013676278357581673
2011-07-22 00:00:00,0.0003754224871697076
2011-07-25 00:00:00,-0.00877094587074656
2011-07-26 00:00:00,0.004279864550351231
2011-07-27 00:00:00,0.00646508477080987
2011-07-28 00:00:00,-0.004360759609141729
2011-07-29 00:00:00,-0.0012660007359566183
2011-08-01 00:00:00,0.014299954416827187
2011-08-02 00:00:00,-9.092088953266408e-05
2011-08-03 00:00:00,0.0015329698246924206
2011-08-04 00:00:00,-0.007904741865184528
2011-08-05 00:00:00,-0.01857294005741361
2011-08-08 00:00:00,-0.003936227388732005
2011-08-09 00:00:00,-0.007150060671574754
2011-08-10 00:00:00,0.006435589758285731
2011-08-11 00:00:00,0.00834215587097531
2011-08-12 00:00:00,0.0010669470831259353
2011-08-15 00:00:00,0.013417303448492346
2011-08-16 00:00:00,-0.008544320294298635
2011-08-17 00:00:00,0.005674706059174861
2011-08-18 00:00:00,-0.0003291896622890089
2011-08-19 00:00:00,-0.003176034071338041
2011-08-22 00:00:00,0.003910470841913094
2011-08-23 00:00:00,0.009691139487733924
2011-08-24 00:00:00,-0.00308577866263271
2011-08-25 00:00:00,-0.0026792261996235744
2011-08-26 00:00:00,-0.0023322668020301363
2011-08-29 00:00:00,0.030797797442610797
2011-08-30 00:00:00,-0.0021912930703609224
2011-08-31 00:00:00,0.0033166050154371796
2011-09-01 00:00:00,-0.0016541013131763371
2011-09-02 00:00:00,0.0026001952812531037
2011-09-05 00:00:00,-0.002853974831825923
2011-09-06 00:00:00,-0.002538505214833897
2011-09-07 00:00:00,0.010868756380911115
2011-09-08 00:00:00,-0.004725568044272044
2011-09-09 00:00:00,0.006846613921480227
2011-09-13 00:00:00,-0.020871821270911806
2011-09-14 00:00:00,-0.009145162362804826
2011-09-15 00:00:00,0.0010604820014008531
2011-09-16 00:00:00,-0.0016926829744784433
2011-09-19 00:00:00,-0.017632487077918757
2011-09-20 00:00:00,0.005765547463128851
2011-09-21 00:00:00,-0.00021683942504890918
2011-09-22 00:00:00,-0.017300250358453284
2011-09-23 00:00:00,-0.032583123184042107
2011-09-26 00:00:00,-0.027633830447225338
2011-09-27 00:00:00,0.026697629991820238
2011-09-28 00:00:00,-0.011626547089335193
2011-09-29 00:00:00,-0.01626902459044066
2011-09-30 00:00:00,0.019029305147976183
2011-10-10 00:00:00,-0.009225884342423774
2011-10-11 00:00:00,-0.0003470347697130949
2011-10-12 00:00:00,0.020726090464882496
2011-10-13 00:00:00,0.0034284933686095087
2011-10-14 00:00:00,0.004110702351962869
2011-10-17 00:00:00,-0.005449979599954968
2011-10-18 00:00:00,-0.017728790052769283
2011-10-19 00:00:00,0.005929035418495987
2011-10-20 00:00:00,-0.015281547023442643
2011-10-21 00:00:00,0.012035920439268377
2011-10-24 00:00:00,0.01530477069207592
2011-10-25 00:00:00,0.0022378564511424948
2011-10-26 00:00:00,-0.00013122854320901656
2011-10-27 00:00:00,0.010390894482835256
2011-10-28 00:00:00,-0.005759784516211286
2011-10-31 00:00:00,-0.011442672536982612
2011-11-01 00:00:00,0.003795114674243205
2011-11-02 00:00:00,0.011531406111509268
2011-11-03 00:00:00,-0.009674961533741033
2011-11-04 00:00:00,0.006755355851967959
2011-11-07 00:00:00,-0.009208221491742608
2011-11-08 00:00:00,-0.002925991402842998
2011-11-09 00:00:00,-0.001238500464235348
2011-11-10 00:00:00,-0.017678467882783266
2011-11-11 00:00:00,0.0034739795809441976
2011-11-14 00:00:00,0.010516635121998075
2011-11-15 00:00:00,0.004840455681493383
2011-11-16 00:00:00,-0.007326724929280548
2011-11-17 00:00:00,0.003918656553267175
2011-11-18 00:00:00,-0.004759908349625364
2011-11-21 00:00:00,0.0028801621695455637
2011-11-22 00:00:00,-0.006246710938857536
2011-11-23 00:00:00,-0.009051217249405163
2011-11-24 00:00:00,-0.0037759185797238137
2011-11-25 00:00:00,-0.008156719821654446
2011-11-28 00:00:00,0.004149139340860142
2011-11-29 00:00:00,0.005143964251483002
2011-11-30 00:00:00,-0.008100675899124332
2011-12-01 00:00:00,0.01627891351867472
2011-12-02 00:00:00,-0.002519442258170579
2011-12-05 00:00:00,0.0028750177672611787
2011-12-06 00:00:00,-0.0035414575893619737
2011-12-07 00:00:00,0.0021786096107763164
2011-12-08 00:00:00,-0.005895170718276055
2011-12-09 00:00:00,0.0006399082130548184
2011-12-12 00:00:00,-0.0059154897555731
2011-12-13 00:00:00,0.0049041295918859085
2011-12-14 00:00:00,0.0027178445373052806
2011-12-15 00:00:00,0.007774055432198335
2011-12-16 00:00:00,0.003746011504697
2011-12-19 00:00:00,0.003181966939834524
2011-12-20 00:00:00,-0.0028906112748628976
2011-12-21 00:00:00,-0.003207651933773703
2011-12-22 00:00:00,0.001771720927320919
2011-12-23 00:00:00,0.0007047075153232552
2011-12-26 00:00:00,0.0013778299885904843
2011-12-27 00:00:00,-0.0034730307927988147
2011-12-28 00:00:00,0.007699510794524134
2011-12-29 00:00:00,6.135583635202835e-05
2011-12-30 00:00:00,0.0001418244570103866
2012-01-04 00:00:00,0.006650419644115058
2012-01-05 00:00:00,0.0009817396562228353
2012-01-06 00:00:00,-0.0014903220590897215
2012-01-09 00:00:00,0.0012097913684070427
2012-01-10 00:00:00,0.005050897634491847
2012-01-11 00:00:00,-2.995101370772968e-05
2012-01-12 00:00:00,-0.0029585704574014438
2012-01-13 00:00:00,-0.007089051493244458
2012-01-16 00:00:00,-0.011920205904356385
2012-01-17 00:00:00,0.0057878635214050345
2012-01-18 00:00:00,-0.0027227055459950744
2012-01-19 00:00:00,0.003445367150068046
2012-01-20 00:00:00,0.008694697635686532
2012-01-30 00:00:00,-0.002581887177758646
2012-01-31 00:00:00,0.00243444134481674
2012-02-01 00:00:00,0.01376235803460868
2012-02-02 00:00:00,0.005570085499603694
2012-02-03 00:00:00,-0.004145356320904847
2012-02-06 00:00:00,0.009116260632848538
2012-02-07 00:00:00,-0.003948516294847382
2012-02-08 00:00:00,0.00614675185141933
2012-02-09 00:00:00,-0.0030207901905349166
2012-02-10 00:00:00,-0.0060191191011776946
2012-02-13 00:00:00,0.007572738287347169
2012-02-14 00:00:00,-0.0002157978915970915
2012-02-15 00:00:00,-0.0013438429435915777
2012-02-16 00:00:00,-0.00346336763373134
2012-02-17 00:00:00,0.005033318317621216
2012-02-20 00:00:00,0.002057112155311014
2012-02-21 00:00:00,0.005454471759130719
2012-02-22 00:00:00,-0.004061225713365868
2012-02-23 00:00:00,-0.00010951670799541624
2012-02-24 00:00:00,0.0008005177133001418
2012-02-27 00:00:00,0.0025961597857906415
2012-02-28 00:00:00,0.006724749627206705
2012-02-29 00:00:00,-0.0020923755248711817
2012-03-01 00:00:00,-0.00482771885169786
2012-03-02 00:00:00,0.005431233599481722
2012-03-05 00:00:00,-0.00013831673143205325
2012-03-06 00:00:00,-0.003662974402235397
2012-03-07 00:00:00,-0.003074766943104046
2012-03-08 00:00:00,0.002626736066890567
2012-03-09 00:00:00,0.013012222814466456
2012-03-12 00:00:00,-0.005590413819475115
2012-03-13 00:00:00,0.004421204899938358
2012-03-14 00:00:00,-0.0003619556620545472
2012-03-15 00:00:00,0.00030436403192979355
2012-03-16 00:00:00,-0.0009206540382470374
2012-03-19 00:00:00,0.004511248280016256
2012-03-20 00:00:00,-0.01220327988039882
2012-03-21 00:00:00,0.0029219352204299387
2012-03-22 00:00:00,0.0011125490841092933
2012-03-23 00:00:00,0.007601802160115412
2012-03-26 00:00:00,0.008731737096454806
2012-03-27 00:00:00,0.000449266914099411
2012-03-28 00:00:00,-0.0036803007761272433
2012-03-29 00:00:00,-0.0028015578961402277
2012-03-30 00:00:00,-0.006161614588815811
2012-04-05 00:00:00,0.025592148956972816
2012-04-06 00:00:00,0.014000034732589928
2012-04-09 00:00:00,0.0018481770707390321
2012-04-10 00:00:00,0.006649248503971084
2012-04-11 00:00:00,-0.017061442938294036
2012-04-12 00:00:00,0.0012921357779815956
2012-04-13 00:00:00,0.0015676960464052758
2012-04-16 00:00:00,-0.004148423034117443
2012-04-17 00:00:00,-3.069219945861512e-06
2012-04-18 00:00:00,-0.0054012427159458865
2012-04-19 00:00:00,0.0013432715618746371
2012-04-20 00:00:00,-0.00031884336256804424
2012-04-23 00:00:00,0.005421570128030906
2012-04-24 00:00:00,-0.004277061893026901
2012-04-25 00:00:00,0.003643141592420296
2012-04-26 00:00:00,-0.003684456697812699
2012-04-27 00:00:00,0.0030269975908963076
2012-05-02 00:00:00,-0.003958255492365281
2012-05-03 00:00:00,-0.0066424716226414215
2012-05-04 00:00:00,0.004074357866479694
2012-05-07 00:00:00,-0.010996492220208043
2012-05-08 00:00:00,-7.464425218073334e-05
2012-05-09 00:00:00,-0.010474292554147668
2012-05-10 00:00:00,0.0066934895341899114
2012-05-11 00:00:00,-0.01313348208255849
2012-05-14 00:00:00,-0.019651164793930365
2012-05-15 00:00:00,-0.0008327851838021427
2012-05-16 00:00:00,-0.019489667484721807
2012-05-17 00:00:00,0.008359719404832822
2012-05-18 00:00:00,-0.0058414768128172145
2012-05-21 00:00:00,0.009700786854734966
2012-05-22 00:00:00,-0.003637435435949854
2012-05-23 00:00:00,-0.01383342597339765
2012-05-24 00:00:00,0.0088611622096606
2012-05-25 00:00:00,-0.0010706626014012066
2012-05-28 00:00:00,0.00612653285131004
2012-05-29 00:00:00,0.002869850980782518
2012-05-30 00:00:00,-0.0023866020731242443
2012-05-31 00:00:00,-0.00341019788530339
2012-06-01 00:00:00,-0.005522567369670828
2012-06-04 00:00:00,-0.003850288021070458
2012-06-05 00:00:00,0.010757777387462086
2012-06-06 00:00:00,0.0037008577709449764
2012-06-07 00:00:00,0.0037985028066649384
2012-06-08 00:00:00,-0.0017742809758289901
2012-06-11 00:00:00,0.01591290881111118
2012-06-12 00:00:00,0.002666195128412596
2012-06-13 00:00:00,-0.005620680802171152
2012-06-14 00:00:00,-0.012408380526798823
2012-06-15 00:00:00,0.006047969891495031
2012-06-18 00:00:00,0.002837161171686864
2012-06-19 00:00:00,0.017280792586165328
2012-06-20 00:00:00,0.006814283425218504
2012-06-21 00:00:00,-0.003107310169579547
2012-06-25 00:00:00,0.011159268967729341
2012-06-26 00:00:00,0.0030522784539654957
2012-06-27 00:00:00,-0.0010288231674504544
2012-06-28 00:00:00,-0.010848502434775753
2012-06-29 00:00:00,0.005580630623920779
2012-07-02 00:00:00,0.0011491724692613836
2012-07-03 00:00:00,0.007688155342443936
2012-07-04 00:00:00,0.013531132093707932
2012-07-05 00:00:00,0.004196962070134758
2012-07-06 00:00:00,-0.01033910977593222
2012-07-09 00:00:00,0.03877032915229206
2012-07-10 00:00:00,-0.01610934844614409
2012-07-11 00:00:00,-0.0049755420224335545
2012-07-12 00:00:00,-0.012237689515018357
2012-07-13 00:00:00,0.01803560886131228
2012-07-16 00:00:00,0.029276651057109637
2012-07-17 00:00:00,-0.020933037234256546
2012-07-18 00:00:00,-0.0031336864026351163
2012-07-19 00:00:00,0.009339547019086902
2012-07-20 00:00:00,0.001896837349649294
2012-07-23 00:00:00,-0.004514221280514041
2012-07-24 00:00:00,-0.03630007144199099
2012-07-25 00:00:00,-0.004336858031583901
2012-07-26 00:00:00,0.0019738788690861764
2012-07-27 00:00:00,0.006880413712786693
2012-07-30 00:00:00,0.024746166548168302
2012-07-31 00:00:00,-0.0028882238596138476
2012-08-01 00:00:00,-0.00925558637951196
2012-08-02 00:00:00,0.0014295841025493417
2012-08-03 00:00:00,0.002697708548405897
2012-08-06 00:00:00,-0.0009691002605417554
2012-08-07 00:00:00,0.006886370183453172
2012-08-08 00:00:00,-0.013346780248836398
2012-08-09 00:00:00,0.007127892095186494
2012-08-10 00:00:00,0.0048656954099970395
2012-08-13 00:00:00,-0.006062872357617377
2012-08-14 00:00:00,6.504857535927222e-05
2012-08-15 00:00:00,0.008694175414342142
2012-08-16 00:00:00,-0.004208307201332029
2012-08-17 00:00:00,0.0012566443315349396
2012-08-20 00:00:00,0.004175657424811519
2012-08-21 00:00:00,0.017089590349880668
2012-08-22 00:00:00,0.009564784259259218
2012-08-23 00:00:00,9.736491999912111e-05
2012-08-24 00:00:00,0.007104130956224086
2012-08-27 00:00:00,0.00828011452301003
2012-08-28 00:00:00,-0.013710830795970241
2012-08-29 00:00:00,0.008346843744388988
2012-08-30 00:00:00,0.0036273044657171294
2012-08-31 00:00:00,-0.006025496684302523
2012-09-03 00:00:00,0.018208290918683367
2012-09-04 00:00:00,0.008540922770837511
2012-09-05 00:00:00,-0.00609188623384338
2012-09-06 00:00:00,-0.0184149633012205
2012-09-07 00:00:00,-0.004918932072687676
2012-09-10 00:00:00,0.008620938619587681
2012-09-11 00:00:00,-0.009699271014456445
2012-09-12 00:00:00,0.0047233664489878535
2012-09-13 00:00:00,0.0035703730501406294
2012-09-14 00:00:00,0.0056053333440635456
2012-09-17 00:00:00,-0.018349458367518334
2012-09-18 00:00:00,-0.013755842144835828
2012-09-19 00:00:00,0.008222515838771871
2012-09-20 00:00:00,-0.0015325489001255521
2012-09-21 00:00:00,0.008067883847902912
2012-09-24 00:00:00,-0.001072241386637418
2012-09-25 00:00:00,0.015854317802829643
2012-09-26 00:00:00,-0.009932339119680944
2012-09-27 00:00:00,-0.004280589974366644
2012-09-28 00:00:00,0.0017511305529471777
2012-10-08 00:00:00,-0.027761347919106782
2012-10-09 00:00:00,0.00440120130761068
2012-10-10 00:00:00,-0.0035417869376584976
2012-10-11 00:00:00,0.0040740740350107
2012-10-12 00:00:00,-0.006180234024346309
2012-10-15 00:00:00,0.00017651293144305136
2012-10-16 00:00:00,-0.0008989791659772539
2012-10-17 00:00:00,0.0004249528020612292
2012-10-18 00:00:00,0.006750132477022053
2012-10-19 00:00:00,0.0002259588348285657
2012-10-22 00:00:00,0.008112269325426524
2012-10-23 00:00:00,-0.009224743058982576
2012-10-24 00:00:00,0.017730054576865717
2012-10-25 00:00:00,-0.0010992608388580294
2012-10-26 00:00:00,0.004452342550693489
2012-10-29 00:00:00,-0.010666035386160178
2012-10-30 00:00:00,-0.002263963473579489
2012-10-31 00:00:00,0.007188982534841681
2012-11-01 00:00:00,0.02032014778364588
2012-11-02 00:00:00,0.0016760808152713746
2012-11-05 00:00:00,-0.010637509565783243
2012-11-06 00:00:00,0.004295989342225637
2012-11-07 00:00:00,-0.00851299164868402
2012-11-08 00:00:00,-0.0008332747828545539
2012-11-09 00:00:00,-0.015976490671192556
2012-11-12 00:00:00,-0.010396969908763487
2012-11-13 00:00:00,0.0050774976187175636
2012-11-14 00:00:00,0.0014262523908108449
2012-11-15 00:00:00,-0.009141272306695924
2012-11-16 00:00:00,0.006490462628809812
2012-11-19 00:00:00,0.0005205504002319117
2012-11-20 00:00:00,-0.0012847019768202905
2012-11-21 00:00:00,0.0035005873161710888
2012-11-22 00:00:00,-0.0009979599754982305
2012-11-23 00:00:00,0.004318911307062301
2012-11-26 00:00:00,-0.0023623016578331324
2012-11-27 00:00:00,-0.003905164083636281
2012-11-28 00:00:00,0.0010318478571984535
2012-11-29 00:00:00,0.0046494187784626995
2012-11-30 00:00:00,-0.00040039361566146514
2012-12-03 00:00:00,0.002563683862990107
2012-12-04 00:00:00,-0.005135762776152353
2012-12-05 00:00:00,0.0021106279815190643
2012-12-06 00:00:00,0.00010016563177561721
2012-12-07 00:00:00,0.003666579535347436
2012-12-10 00:00:00,-0.0025872853495189085
2012-12-11 00:00:00,-0.0012795034910835223
2012-12-12 00:00:00,-0.0025169144699226376
2012-12-13 00:00:00,0.0026873408258909492
2012-12-14 00:00:00,0.002671501699025969
2012-12-17 00:00:00,0.013328337404651558
2012-12-18 00:00:00,-0.004567259355951481
2012-12-19 00:00:00,-0.00591395302091402
2012-12-20 00:00:00,-0.006785489813706969
2012-12-21 00:00:00,0.002877195927283527
2012-12-24 00:00:00,-0.0021661649575903663
2012-12-25 00:00:00,-0.0004487109629066621
2012-12-26 00:00:00,0.0011453457239309905
2012-12-27 00:00:00,0.0012741318593150197
2012-12-28 00:00:00,-0.005056125187900884
2012-12-31 00:00:00,-0.0010945166031252063
2013-01-04 00:00:00,0.0005606448743200598
2013-01-07 00:00:00,-0.0021037140722449665
2013-01-08 00:00:00,0.0020905318770085835
2013-01-09 00:00:00,-0.0005621091443396287
2013-01-10 00:00:00,0.002082393429908791
2013-01-11 00:00:00,0.001254197493766096
2013-01-14 00:00:00,0.010303052037160088
2013-01-15 00:00:00,-0.001681614477915705
2013-01-16 00:00:00,0.0033551549342827336
2013-01-17 00:00:00,-0.004027457392385081
2013-01-18 00:00:00,0.003680404556404948
2013-01-21 00:00:00,0.002242356571472426
2013-01-22 00:00:00,0.0016003273921239014
2013-01-23 00:00:00,-0.0022321935763628398
2013-01-24 00:00:00,-0.005606043862375509
2013-01-25 00:00:00,0.0013790662334385306
2013-01-28 00:00:00,0.005040574080479976
2013-01-29 00:00:00,-0.0013394919637210734
2013-01-30 00:00:00,0.0038618571215078834
2013-01-31 00:00:00,-0.0006082418400948919
2013-02-01 00:00:00,0.0023682757438596713
2013-02-04 00:00:00,-0.0020128284231849536
2013-02-05 00:00:00,-0.0013723779979903927
2013-02-06 00:00:00,0.0014706658423000452
2013-02-07 00:00:00,-0.0030866908405258187
2013-02-08 00:00:00,0.002880835934744308
2013-02-18 00:00:00,-0.009228590465161779
2013-02-19 00:00:00,0.0003860417705872088
2013-02-20 00:00:00,0.0060097091895849886
2013-02-21 00:00:00,-0.0033930672725162037
2013-02-22 00:00:00,0.00965994994346664
2013-02-25 00:00:00,-0.010030183051314312
2013-02-26 00:00:00,-0.008941245354656902
2013-02-27 00:00:00,-0.001969225535554675
2013-02-28 00:00:00,-0.0006948433057893943
2013-03-01 00:00:00,0.004038933314510551
2013-03-04 00:00:00,-0.002124937496289947
2013-03-05 00:00:00,0.0041321389657478225
2013-03-06 00:00:00,-1.2195501801204323e-05
2013-03-07 00:00:00,0.0005418174004445664
2013-03-08 00:00:00,0.002306280459417831
2013-03-11 00:00:00,-0.004062274497415808
2013-03-12 00:00:00,-0.005912507745250095
2013-03-13 00:00:00,0.0010006089573126875
2013-03-14 00:00:00,-0.0025994626166390145
2013-03-15 00:00:00,0.00856629992892377
2013-03-18 00:00:00,-0.006224716626501592
2013-03-19 00:00:00,0.0012063032217290992
2013-03-20 00:00:00,0.0008561427961730761
2013-03-21 00:00:00,0.006940670734488563
2013-03-22 00:00:00,0.004756816531757524
2013-03-25 00:00:00,0.005711600991721522
2013-03-26 00:00:00,0.0018335284145176711
2013-03-27 00:00:00,-0.004021136359762423
2013-03-28 00:00:00,-0.0010936547474386105
2013-03-29 00:00:00,-0.0034821005059179067
2013-04-01 00:00:00,-0.004342195383116421
2013-04-02 00:00:00,0.0008422499080928958
2013-04-03 00:00:00,-0.00430876731208607
2013-04-08 00:00:00,0.003851390140922506
2013-04-09 00:00:00,-0.0007773794620368202
2013-04-10 00:00:00,0.004881666826087816
2013-04-11 00:00:00,-0.0005402990634623128
2013-04-12 00:00:00,0.0007519938757269973
2013-04-15 00:00:00,-0.004667192794995834
2013-04-16 00:00:00,0.0003098739410254403
2013-04-17 00:00:00,3.3607985023387243e-05
2013-04-18 00:00:00,0.0012052545591978436
2013-04-19 00:00:00,-0.002676221929525102
2013-04-22 00:00:00,-0.003821222006700098
2013-04-23 00:00:00,0.002044341991848553
2013-04-24 00:00:00,-0.010813451768809768
2013-04-25 00:00:00,-0.004068928961586393
2013-04-26 00:00:00,0.0019450559324747374
2013-05-02 00:00:00,0.0015195236866820672
2013-05-03 00:00:00,0.002243786578123297
2013-05-06 00:00:00,0.005767871241319833
2013-05-07 00:00:00,-0.004230410151252584
2013-05-08 00:00:00,0.0031099567536643224
2013-05-09 00:00:00,-0.0020240548283134707
2013-05-10 00:00:00,0.0019386252459698827
2013-05-13 00:00:00,-0.00689208869419633
2013-05-14 00:00:00,-0.0003651808492686204
2013-05-15 00:00:00,0.0017590445162845025
2013-05-16 00:00:00,0.0030573822223924907
2013-05-17 00:00:00,0.002511833511060546
2013-05-20 00:00:00,0.00101199552818243
2013-05-21 00:00:00,-0.0003263832149235091
2013-05-22 00:00:00,0.001838943989762365
2013-05-23 00:00:00,-0.0038016988321565304
2013-05-24 00:00:00,-0.0029113000873073336
2013-05-27 00:00:00,0.0006213582255252259
2013-05-28 00:00:00,0.002158157745904221
2013-05-29 00:00:00,0.0003091854457386578
2013-05-30 00:00:00,-0.002878660168463054
2013-05-31 00:00:00,0.001054919705438806
2013-06-03 00:00:00,0.006311579492741526
2013-06-04 00:00:00,-0.0022920600633731247
2013-06-05 00:00:00,0.001024424559874948
2013-06-06 00:00:00,-0.0017142286034275145
2013-06-07 00:00:00,-0.0029183704112735187
2013-06-13 00:00:00,-0.0034086839098277366
2013-06-14 00:00:00,0.00026968115775161117
2013-06-17 00:00:00,-0.0026847423603587606
2013-06-18 00:00:00,0.0006374209915280815
2013-06-19 00:00:00,-0.0015395694061411946
2013-06-20 00:00:00,-0.0017890976937597891
2013-06-21 00:00:00,-0.006969913902803104
2013-06-24 00:00:00,-0.0035715047039572845
2013-06-25 00:00:00,0.00568366568141121
2013-06-26 00:00:00,-0.0015295112548669998
2013-06-27 00:00:00,-0.0010408283768241766
2013-06-28 00:00:00,-0.0019754310571644673
2013-07-01 00:00:00,-0.007563359168294093
2013-07-02 00:00:00,0.0037998417331335244
2013-07-03 00:00:00,0.00029136649073224774
2013-07-04 00:00:00,0.0022944112119738236
2013-07-05 00:00:00,0.00018223904503034127
2013-07-08 00:00:00,-0.004206772734043018
2013-07-09 00:00:00,0.005438789790252141
2013-07-10 00:00:00,0.0014424870455640448
2013-07-11 00:00:00,0.001849035561980239
2013-07-12 00:00:00,-0.002546241808473848
2013-07-15 00:00:00,-0.0038609982274058208
2013-07-16 00:00:00,0.0036835631307827743
2013-07-17 00:00:00,0.0008247437637081134
2013-07-18 00:00:00,-0.003509922597071724
2013-07-19 00:00:00,-0.005047038371801871
2013-07-22 00:00:00,0.0025465611853385806
2013-07-23 00:00:00,0.00343906298429264
2013-07-24 00:00:00,-0.008126857406159815
2013-07-25 00:00:00,-0.019245707177049876
2013-07-26 00:00:00,-0.03577474651439738
2013-07-29 00:00:00,-0.006355799629915504
2013-07-30 00:00:00,-0.007320663299083874
2013-07-31 00:00:00,0.02060828580707108
2013-08-01 00:00:00,-5.887969294038342e-05
2013-08-02 00:00:00,0.0008864807361443905
2013-08-05 00:00:00,-0.004234922540993558
2013-08-06 00:00:00,0.00155767866126455
2013-08-07 00:00:00,-0.018892893998965432
2013-08-08 00:00:00,0.007187526774169006
2013-08-09 00:00:00,-0.00046771255205124707
2013-08-12 00:00:00,0.009564105991071825
2013-08-13 00:00:00,0.010760411535207126
2013-08-14 00:00:00,-0.009021317200036183
2013-08-15 00:00:00,0.002638987400609638
2013-08-16 00:00:00,0.0032134012796749545
2013-08-19 00:00:00,0.003189167040593466
2013-08-20 00:00:00,-0.00011774012296850156
2013-08-21 00:00:00,1.908239356507302e-05
2013-08-22 00:00:00,0.002206860471725358
2013-08-23 00:00:00,-0.0004879934437315159
2013-08-26 00:00:00,0.03513950815141986
2013-08-27 00:00:00,-0.012261991343639478
2013-08-28 00:00:00,-0.007423090405506705
2013-08-29 00:00:00,-0.0008293504420547881
2013-08-30 00:00:00,-0.004154673403663378
2013-09-02 00:00:00,0.007104558048708576
2013-09-03 00:00:00,0.0003592945933919012
2013-09-04 00:00:00,-0.004461138176738877
2013-09-05 00:00:00,-3.995968155157126e-05
2013-09-06 00:00:00,0.0046510822589640455
2013-09-09 00:00:00,0.00018047013736710582
2013-09-10 00:00:00,-0.0006088380304317687
2013-09-11 00:00:00,0.008094331379579378
2013-09-12 00:00:00,-0.0002725478282759042
2013-09-13 00:00:00,-0.00014387287933836923
2013-09-16 00:00:00,-0.010517483081203816
2013-09-17 00:00:00,0.0029327950674351566
2013-09-18 00:00:00,0.005585659871380599
2013-09-23 00:00:00,-0.0024090914484113934
2013-09-24 00:00:00,0.006060916407016892
2013-09-25 00:00:00,-0.00162644571362347
2013-09-26 00:00:00,-0.0005104553151598079
2013-09-27 00:00:00,-0.0001272763695281398
2013-09-30 00:00:00,0.004305970740890341
2013-10-08 00:00:00,0.009728262017036915
2013-10-09 00:00:00,-0.0025580775379093756
2013-10-10 00:00:00,0.006585587286326744
2013-10-11 00:00:00,-0.004897811603596036
2013-10-14 00:00:00,0.0009797448473232162
2013-10-15 00:00:00,-0.002207517141752713
2013-10-16 00:00:00,-0.0008638573317715226
2013-10-17 00:00:00,-0.0036714634883834307
2013-10-18 00:00:00,0.0037983047455973917
2013-10-21 00:00:00,0.0007933900081216194
2013-10-22 00:00:00,-0.009008515367327607
2013-10-23 00:00:00,-0.002469782676506327
2013-10-24 00:00:00,-0.006019022878242408
2013-10-25 00:00:00,-0.003026193204149985
2013-10-28 00:00:00,-0.0020043698967465717
2013-10-29 00:00:00,-0.0075757982949336
2013-10-30 00:00:00,-0.00023174022639738112
2013-10-31 00:00:00,0.00462457237423064
2013-11-01 00:00:00,0.0005618263369955301
2013-11-04 00:00:00,-0.0015129486507593493
2013-11-05 00:00:00,0.0008269247579097971
2013-11-06 00:00:00,-0.004767084388969556
2013-11-07 00:00:00,0.006091709630815956
2013-11-08 00:00:00,-0.0003323217001891532
2013-11-11 00:00:00,0.0054719856142491086
2013-11-12 00:00:00,-0.0014826674388762617
2013-11-13 00:00:00,0.0005434543961910787
2013-11-14 00:00:00,0.002045270626863882
2013-11-15 00:00:00,-0.0022639484242188423
2013-11-18 00:00:00,-0.004304328453973882
2013-11-19 00:00:00,-0.006761790107891574
2013-11-20 00:00:00,-0.0033423619624969314
2013-11-21 00:00:00,-0.004317660594098882
2013-11-22 00:00:00,0.0019694977911053346
2013-11-25 00:00:00,-0.0033149276328179322
2013-11-26 00:00:00,-0.004694550439440337
2013-11-27 00:00:00,0.003460736968678324
2013-11-28 00:00:00,-0.010082971814270869
2013-11-29 00:00:00,0.0014192095472844724
2013-12-02 00:00:00,0.006360393435961953
2013-12-03 00:00:00,0.0017211736523248256
2013-12-04 00:00:00,0.0031355297098205615
2013-12-05 00:00:00,0.0006976966075966651
2013-12-06 00:00:00,-0.0026775128231041334
2013-12-09 00:00:00,0.005362287819155931
2013-12-10 00:00:00,-0.0012257986829706802
2013-12-11 00:00:00,0.0013645705493976479
2013-12-12 00:00:00,-0.0012702315071576598
2013-12-13 00:00:00,-0.00020160420086401398
2013-12-16 00:00:00,0.007217151607408656
2013-12-17 00:00:00,0.0027965961463154443
2013-12-18 00:00:00,-0.0035808187643707745
2013-12-19 00:00:00,0.0005719468719709297
2013-12-20 00:00:00,0.0006135708049288535
2013-12-23 00:00:00,0.0023906319903326256
2013-12-24 00:00:00,-0.004922861276445478
2013-12-25 00:00:00,-0.0003381712416454796
2013-12-26 00:00:00,-0.002402609934664901
2013-12-27 00:00:00,0.001772975636543217
2013-12-30 00:00:00,-0.027589356965261214
2013-12-31 00:00:00,0.003503509897875068
2014-01-02 00:00:00,-0.0005516533287096559
2014-01-03 00:00:00,0.0022687489205035494
2014-01-06 00:00:00,0.002138340164193231
2014-01-07 00:00:00,0.004207641327998557
2014-01-08 00:00:00,-0.0007297938165148343
2014-01-09 00:00:00,0.00682403695435263
2014-01-10 00:00:00,0.017466226009369645
2014-01-13 00:00:00,-0.010735204047155222
2014-01-14 00:00:00,0.003392652678537056
2014-01-15 00:00:00,0.007647782183093366
2014-01-16 00:00:00,0.005124938709665017
2014-01-17 00:00:00,0.00292818294682351
2014-01-20 00:00:00,0.008290312775927955
2014-01-21 00:00:00,-0.0009502181202526438
2014-01-22 00:00:00,-0.004186400138550206
2014-01-23 00:00:00,0.002543453064014045
2014-01-24 00:00:00,-0.002035169288700178
2014-01-27 00:00:00,0.0021291767220219526
2014-01-28 00:00:00,-0.0026828971022881953
2014-01-29 00:00:00,-0.000921279334271996
2014-01-30 00:00:00,-0.0042801334134092706
2014-02-07 00:00:00,0.0062106049528520835
2014-02-10 00:00:00,0.00646928765975896
2014-02-11 00:00:00,-0.0005683926942385842
2014-02-12 00:00:00,0.0030448565936507244
2014-02-13 00:00:00,0.0015858170409239758
2014-02-14 00:00:00,-0.0014578314553010951
2014-02-17 00:00:00,-0.00436370374465056
2014-02-18 00:00:00,-0.00542162360803633
2014-02-19 00:00:00,-0.0038584288324978733
2014-02-20 00:00:00,0.0037726499819183967
2014-02-21 00:00:00,-0.000888077998917769
2014-02-24 00:00:00,0.00609598004087486
2014-02-25 00:00:00,-0.004098704976331136
2014-02-26 00:00:00,-0.0009810525247861968
2014-02-27 00:00:00,-0.003149595981433051
2014-02-28 00:00:00,-0.007515487708010027
2014-03-03 00:00:00,0.004131820564489352
2014-03-04 00:00:00,-0.0027294878285619717
2014-03-05 00:00:00,0.0036681935018316736
2014-03-06 00:00:00,-0.0013125695687359329
2014-03-07 00:00:00,-0.0023176351504526904
2014-03-10 00:00:00,-0.020247425289449783
2014-03-11 00:00:00,0.012982965396073576
2014-03-12 00:00:00,-0.0033608696662197346
2014-03-13 00:00:00,-0.0011708210735689173
2014-03-14 00:00:00,-0.002130810716595599
2014-03-17 00:00:00,-0.0018125106973685412
2014-03-18 00:00:00,-0.0013237119263408426
2014-03-19 00:00:00,-4.26227896076492e-05
2014-03-20 00:00:00,-0.004703574165314639
2014-03-21 00:00:00,0.00022600729819699517
2014-03-24 00:00:00,-0.0011968943771881735
2014-03-25 00:00:00,0.00014965962038715475
2014-03-26 00:00:00,-0.0033707922445306293
2014-03-27 00:00:00,-0.0024776630835563473
2014-03-28 00:00:00,-0.005816926750985663
2014-03-31 00:00:00,-0.003079930520238694
2014-04-01 00:00:00,0.006192834563504501
2014-04-02 00:00:00,-0.006758900418223246
2014-04-03 00:00:00,-0.002855984359707575
2014-04-04 00:00:00,0.004926092663108728
2014-04-08 00:00:00,0.0017074800325076467
2014-04-09 00:00:00,-0.0008206706886453308
2014-04-10 00:00:00,0.0004204629596691323
2014-04-11 00:00:00,-0.0019103983319221918
2014-04-14 00:00:00,0.011956694834418524
2014-04-15 00:00:00,0.004221648781526088
2014-04-16 00:00:00,0.0006400707364726532
2014-04-17 00:00:00,0.0014076834308187625
2014-04-18 00:00:00,0.00011873359061809197
2014-04-21 00:00:00,-0.01063074351930049
2014-04-22 00:00:00,0.0027192608520711925
2014-04-23 00:00:00,-0.0009528380169404604
2014-04-24 00:00:00,0.006054389447850639
2014-04-25 00:00:00,0.008588354743825022
2014-04-28 00:00:00,0.0034410331926106874
2014-04-29 00:00:00,0.003968579129132843
2014-04-30 00:00:00,-0.003244581547019343
2014-05-05 00:00:00,-0.0013219497159203675
2014-05-06 00:00:00,-0.01811292613301374
2014-05-07 00:00:00,-0.0035423233712782443
2014-05-08 00:00:00,0.0025879056136197676
2014-05-09 00:00:00,-0.0022488693189923747
2014-05-12 00:00:00,0.00013934349682309666
2014-05-13 00:00:00,0.012691241209273896
2014-05-14 00:00:00,0.015438110038714647
2014-05-15 00:00:00,0.010667417899068665
2014-05-16 00:00:00,0.0028154497168200177
2014-05-19 00:00:00,0.0050128557764146375
2014-05-20 00:00:00,0.0064439101464603965
2014-05-21 00:00:00,-0.0011780160647064664
2014-05-22 00:00:00,0.002639495498951705
2014-05-23 00:00:00,-0.004172565112497972
2014-05-26 00:00:00,-0.00033537316739662426
2014-05-27 00:00:00,-0.0019176407992356204
2014-05-28 00:00:00,0.019556042110068228
2014-05-29 00:00:00,-0.004731089573414726
2014-05-30 00:00:00,-0.013754104399958389
2014-06-03 00:00:00,0.0020326783913964253
2014-06-04 00:00:00,-0.0024007186572438943
2014-06-05 00:00:00,-0.010252780615330415
2014-06-06 00:00:00,-0.005098549145290843
2014-06-09 00:00:00,0.0084235532040835
2014-06-10 00:00:00,-0.008764015693430327
2014-06-11 00:00:00,0.001724238683900925
2014-06-12 00:00:00,0.0016440167228009006
2014-06-13 00:00:00,-0.001918749668672004
2014-06-16 00:00:00,0.00804269783020839
2014-06-17 00:00:00,-0.006203697113382534
2014-06-18 00:00:00,0.0009448737539599072
2014-06-19 00:00:00,0.00040621803672546974
2014-06-20 00:00:00,0.002035442491217232
2014-06-23 00:00:00,0.005843691027090925
2014-06-24 00:00:00,-0.005288705020109807
2014-06-25 00:00:00,-0.002997827673632658
2014-06-26 00:00:00,-0.0013865521953453364
2014-06-27 00:00:00,-0.0011630523797619974
2014-06-30 00:00:00,-0.004633312860927052
2014-07-01 00:00:00,-0.021240140466089352
2014-07-02 00:00:00,0.0013975685212896938
2014-07-03 00:00:00,-0.003108211236837133
2014-07-04 00:00:00,-0.0074975530610076335
2014-07-07 00:00:00,-0.003310642477832748
2014-07-08 00:00:00,0.011572343337792779
2014-07-09 00:00:00,-0.007438808792178397
2014-07-10 00:00:00,-0.0011675563168794811
2014-07-11 00:00:00,0.0010796703793563012
2014-07-14 00:00:00,0.0034053589399221096
2014-07-15 00:00:00,-0.0014153066510006473
2014-07-16 00:00:00,0.0018937722273280055
2014-07-17 00:00:00,-0.0020267857120283006
2014-07-18 00:00:00,-0.0009179742062581653
2014-07-21 00:00:00,-8.024296305986223e-05
2014-07-22 00:00:00,0.010416284842268864
2014-07-23 00:00:00,-0.003721614178707755
2014-07-24 00:00:00,0.0015675359206943629
2014-07-25 00:00:00,-0.001114933855435929
2014-07-28 00:00:00,0.011475936549631083
2014-07-29 00:00:00,0.004095842112497916
2014-07-30 00:00:00,-0.0007465968313326021
2014-07-31 00:00:00,0.004227305174546281
2014-08-01 00:00:00,0.005044238411774149
2014-08-04 00:00:00,0.011985153282927374
2014-08-05 00:00:00,0.006269858375608228
2014-08-06 00:00:00,-0.002748892462472896
2014-08-07 00:00:00,-0.0013011802784307358
2014-08-08 00:00:00,0.004500989055475246
2014-08-11 00:00:00,0.0076374473673492815
2014-08-12 00:00:00,-0.002664562133462667
2014-08-13 00:00:00,0.014434372280368368
2014-08-14 00:00:00,-0.01221254684984363
2014-08-15 00:00:00,0.006324624330502404
2014-08-18 00:00:00,-0.001911518384299482
2014-08-19 00:00:00,-0.007790411294651967
2014-08-20 00:00:00,-0.00570197038978093
2014-08-21 00:00:00,-0.008993235464012317
2014-08-22 00:00:00,0.004511868900252347
2014-08-25 00:00:00,0.0020698846774118707
2014-08-26 00:00:00,0.016903924119575198
2014-08-27 00:00:00,0.0024507901288601808
2014-08-28 00:00:00,-0.005361594656794089
2014-08-29 00:00:00,-0.0005419425709104475
2014-09-01 00:00:00,0.002943395226879808
2014-09-02 00:00:00,0.00594230414337682
2014-09-03 00:00:00,-0.0024708236357564584
2014-09-04 00:00:00,-0.009661915083802652
2014-09-05 00:00:00,0.0032900684718171203
2014-09-09 00:00:00,-0.008636826198256009
2014-09-10 00:00:00,0.003056844639435008
2014-09-11 00:00:00,-0.004498334144719007
2014-09-12 00:00:00,0.018668905225222687
2014-09-15 00:00:00,-0.0011704317592950986
2014-09-16 00:00:00,0.0017018795663210629
2014-09-17 00:00:00,0.0036579512614740572
2014-09-18 00:00:00,-0.0028719394006503363
2014-09-19 00:00:00,-0.009051843090703504
2014-09-22 00:00:00,-0.00613302463755705
2014-09-23 00:00:00,-0.005744181135608817
2014-09-24 00:00:00,0.003921890624729585
2014-09-25 00:00:00,0.007845565182366343
2014-09-26 00:00:00,0.0029622276035055073
2014-09-29 00:00:00,-0.000998256432518163
2014-09-30 00:00:00,-0.0030002569299376614
2014-10-08 00:00:00,-0.006223480131039794
2014-10-09 00:00:00,-0.0024127733555474595
2014-10-10 00:00:00,-0.026377526758914915
2014-10-13 00:00:00,-0.00718266550384794
2014-10-14 00:00:00,-0.0014065631833657388
2014-10-15 00:00:00,0.007888203341242184
2014-10-16 00:00:00,-0.004197502657847574
2014-10-17 00:00:00,0.0022805914896300017
2014-10-20 00:00:00,-0.006785469942798605
2014-10-21 00:00:00,0.006702659302076475
2014-10-22 00:00:00,0.0012413637832109359
2014-10-23 00:00:00,0.0016390390079272787
2014-10-24 00:00:00,0.002104602490651475
2014-10-27 00:00:00,-0.0029258438569674805
2014-10-28 00:00:00,-0.002876036523973835
2014-10-29 00:00:00,0.004709376179912184
2014-10-30 00:00:00,0.0025336803613738024
2014-10-31 00:00:00,0.016929193266917553
2014-11-03 00:00:00,-0.005961526273199014
2014-11-04 00:00:00,-0.0021900455312390266
2014-11-05 00:00:00,0.00023359255098109877
2014-11-06 00:00:00,-0.01298928192409643
2014-11-07 00:00:00,0.00859633980556973
2014-11-10 00:00:00,-0.0007614711309993361
2014-11-11 00:00:00,-0.008343570911174991
2014-11-12 00:00:00,-0.006738313143615837
2014-11-13 00:00:00,0.005371077415366798
2014-11-14 00:00:00,0.002188031557349257
2014-11-17 00:00:00,-0.001660707079979895
2014-11-18 00:00:00,-0.0008598746398164048
2014-11-19 00:00:00,-0.003732081400818932
2014-11-20 00:00:00,0.0018376231331427295
2014-11-21 00:00:00,0.0017855653243499248
2014-11-24 00:00:00,-0.012516097881451471
2014-11-25 00:00:00,0.0009213696824141859
2014-11-26 00:00:00,-0.0013943850085067488
2014-11-27 00:00:00,0.008408305899204604
2014-11-28 00:00:00,0.0011843055991056506
2014-12-01 00:00:00,2.5168667519004373e-05
2014-12-02 00:00:00,-0.0004992530041247889
2014-12-03 00:00:00,0.0005008420176526585
2014-12-04 00:00:00,0.0016558683311891365
2014-12-05 00:00:00,0.012750591603107875
2014-12-08 00:00:00,-0.0032986182769988437
2014-12-09 00:00:00,-0.005913268707087638
2014-12-10 00:00:00,0.006684748166965848
2014-12-11 00:00:00,-0.002869992339091021
2014-12-12 00:00:00,-0.0004605816474093638
2014-12-15 00:00:00,-5.7948048572953326e-05
2014-12-16 00:00:00,-0.00777467070716642
2014-12-17 00:00:00,-0.0024987343019934327
2014-12-18 00:00:00,0.0001498243809949784
2014-12-19 00:00:00,0.0018595083363561749
2014-12-22 00:00:00,-0.004255337979262475
2014-12-23 00:00:00,-0.0003563662330905437
2014-12-24 00:00:00,0.009531413219865836
2014-12-25 00:00:00,0.00661667433729618
2014-12-26 00:00:00,0.0038827619118897427
2014-12-29 00:00:00,0.013514780079024735
2014-12-30 00:00:00,-0.002996850367901094
2014-12-31 00:00:00,-0.001759296583911718
2015-01-05 00:00:00,-0.0026453127466806725
2015-01-06 00:00:00,0.00026583044513639464
2015-01-07 00:00:00,-0.0002796840392041977
2015-01-08 00:00:00,-0.0003161931359387804
2015-01-09 00:00:00,0.0007301363060354671
2015-01-12 00:00:00,-0.00015778693629864282
2015-01-13 00:00:00,-0.006753418316317705
2015-01-14 00:00:00,-0.004029741115846974
2015-01-15 00:00:00,0.005606099103928175
2015-01-16 00:00:00,0.0012912975448513553
2015-01-19 00:00:00,-0.0021110086149539464
2015-01-20 00:00:00,-0.008261727184460388
2015-01-21 00:00:00,-0.0005126264739784281
2015-01-22 00:00:00,-0.0040587777467494535
2015-01-23 00:00:00,-0.0036177123282499224
2015-01-26 00:00:00,-0.007281184560481546
2015-01-27 00:00:00,0.010422896090690248
2015-01-28 00:00:00,-0.004029402482157773
2015-01-29 00:00:00,-0.010111918736676828
2015-01-30 00:00:00,-0.0031268312124881348
2015-02-02 00:00:00,0.011038235511788841
2015-02-03 00:00:00,0.006389087500263901
2015-02-04 00:00:00,-0.003501810563325658
2015-02-05 00:00:00,7.224117836712729e-05
2015-02-06 00:00:00,0.0033074935071710776
2015-02-09 00:00:00,-0.0036031979808901493
2015-02-10 00:00:00,-0.0032089318121366617
2015-02-11 00:00:00,0.0012097003051294575
2015-02-12 00:00:00,0.001180976460481098
2015-02-13 00:00:00,-5.459665131324343e-06
2015-02-16 00:00:00,-0.009227635155885872
2015-02-17 00:00:00,0.0008901824993519103
2015-02-25 00:00:00,-0.01571427565337824
2015-02-26 00:00:00,-0.0007450131361993462
2015-02-27 00:00:00,0.0075148117792651625
2015-03-02 00:00:00,-0.006425352030836384
2015-03-03 00:00:00,0.0006839813324075461
2015-03-04 00:00:00,-8.405385258147824e-05
2015-03-05 00:00:00,-0.021331168209716367
2015-03-06 00:00:00,-0.0018935268899470392
2015-03-09 00:00:00,0.004056101405037982
2015-03-10 00:00:00,-0.015174902407542601
2015-03-11 00:00:00,0.015040337377766777
2015-03-12 00:00:00,-0.0026808448027769716
2015-03-13 00:00:00,-0.0039661702077498084
2015-03-16 00:00:00,0.005105792980225177
2015-03-17 00:00:00,-0.0020183216323630404
2015-03-18 00:00:00,-0.0006877368438000797
2015-03-19 00:00:00,0.001231851567002451
2015-03-20 00:00:00,-0.001231979758882784
2015-03-23 00:00:00,-0.0010710888886901193
2015-03-24 00:00:00,2.7029789120058823e-05
2015-03-25 00:00:00,-0.01797191231926243
2015-03-26 00:00:00,-6.827436754841543e-05
2015-03-27 00:00:00,-0.004760735862161969
2015-03-30 00:00:00,-0.0004485997876645387
2015-03-31 00:00:00,-0.004190000018821305
2015-04-01 00:00:00,0.005173319583633651
2015-04-02 00:00:00,-0.004591976387916974
2015-04-03 00:00:00,-0.004661905674858358
2015-04-07 00:00:00,-0.009510484987806045
2015-04-08 00:00:00,-0.0020672303368632905
2015-04-09 00:00:00,-0.0051747295656781045
2015-04-10 00:00:00,0.002592413980141428
2015-04-13 00:00:00,0.013707289503277265
2015-04-14 00:00:00,0.018000883945885837
2015-04-15 00:00:00,0.007756768763785171
2015-04-16 00:00:00,-0.001955728098839482
2015-04-17 00:00:00,-0.02256698085455433
2015-04-20 00:00:00,-0.018608682520694142
2015-04-21 00:00:00,0.012680812426144605
2015-04-22 00:00:00,0.02941822182145626
2015-04-23 00:00:00,-0.0013687785622867876
2015-04-24 00:00:00,0.015443466825795671
2015-04-27 00:00:00,0.0039635109294358095
2015-04-28 00:00:00,-0.0009724566362228071
2015-04-29 00:00:00,0.002004142091009964
2015-04-30 00:00:00,0.022951251693613894
2015-05-04 00:00:00,-0.010282866037279681
2015-05-05 00:00:00,0.0010500824254355834
2015-05-06 00:00:00,0.00836857337990038
2015-05-07 00:00:00,-0.002972073045406143
2015-05-08 00:00:00,-0.002053535982285526
2015-05-11 00:00:00,0.018091055895784747
2015-05-12 00:00:00,0.0008280214627145455
2015-05-13 00:00:00,0.0022133781082287474
2015-05-14 00:00:00,-0.0011382959470678244
2015-05-15 00:00:00,0.0010655343988845711
2015-05-18 00:00:00,-0.0006830053318120921
2015-05-19 00:00:00,-0.007522020422480402
2015-05-20 00:00:00,-0.005847702631693319
2015-05-21 00:00:00,0.0009565556719024482
2015-05-22 00:00:00,0.03420788042860923
2015-05-25 00:00:00,-0.007067819456913593
2015-05-26 00:00:00,-0.0009198513764540062
2015-05-27 00:00:00,-0.00496770171093186
2015-05-28 00:00:00,0.002396842443396663
2015-05-29 00:00:00,0.003087429414230458
2015-06-01 00:00:00,-0.017710334716590004
2015-06-02 00:00:00,0.00671170784156172
2015-06-03 00:00:00,0.0026033713902631206
2015-06-04 00:00:00,-0.00724802564021787
2015-06-05 00:00:00,-0.01637971250289505
2015-06-08 00:00:00,-0.0013927367787134326
2015-06-09 00:00:00,0.0011555973132189035
2015-06-10 00:00:00,0.0035843174221235063
2015-06-11 00:00:00,-0.001592043824252709
2015-06-12 00:00:00,-0.022257221309030184
2015-06-15 00:00:00,-0.004281744813203203
2015-06-16 00:00:00,0.011564806226521451
2015-06-17 00:00:00,0.012044019396433736
2015-06-18 00:00:00,0.0011169497791485572
2015-06-19 00:00:00,-0.0020065482164836057
2015-06-23 00:00:00,0.0061131565052476855
2015-06-24 00:00:00,-0.00897551240567196
2015-06-25 00:00:00,-0.0010867527516034148
2015-06-26 00:00:00,-0.005737302306467851
2015-06-29 00:00:00,-0.004109295358893039
2015-06-30 00:00:00,-0.010368025128555391
2015-07-01 00:00:00,0.012085782062489336
2015-07-02 00:00:00,-0.005048190095575555
2015-07-03 00:00:00,-0.0033361435380474536
2015-07-06 00:00:00,-0.013402520381949223
2015-07-07 00:00:00,-0.008450092370220208
2015-07-08 00:00:00,-0.0332569789144771
2015-07-09 00:00:00,0.04620177847099849
2015-07-10 00:00:00,0.022671430338667253
2015-07-13 00:00:00,-0.0017569043703216103
2015-07-14 00:00:00,0.001584168529983776
2015-07-15 00:00:00,-0.00909955094259507
2015-07-16 00:00:00,-0.005545451928315903
2015-07-17 00:00:00,-0.0005838894590940447
2015-07-20 00:00:00,-0.012605729679469158
2015-07-21 00:00:00,1.390732937989192e-05
2015-07-22 00:00:00,-0.0019621133882599118
2015-07-23 00:00:00,0.0015695640056976323
2015-07-24 00:00:00,0.003403572843299285
2015-07-27 00:00:00,-0.008260509239395364
2015-07-28 00:00:00,0.00998542365870314
2015-07-29 00:00:00,0.016446247906349853
2015-07-30 00:00:00,-0.0004769867488758628
2015-07-31 00:00:00,0.004023252597984417
2015-08-03 00:00:00,-0.006226377580385245
2015-08-04 00:00:00,0.007540888690070302
2015-08-05 00:00:00,-0.001505398417031456
2015-08-06 00:00:00,0.019961301686152844
2015-08-07 00:00:00,-0.0009023033491968313
2015-08-10 00:00:00,0.008501378276876581
2015-08-11 00:00:00,0.004391490762902572
2015-08-12 00:00:00,0.0022968374189096252
2015-08-13 00:00:00,-0.009635977181794653
2015-08-14 00:00:00,0.003683080085975954
2015-08-17 00:00:00,0.0031937085973208212
2015-08-18 00:00:00,-0.012888509972199702
2015-08-19 00:00:00,0.0017882479587518763
2015-08-20 00:00:00,-0.008680936410752627
2015-08-21 00:00:00,0.0012040545131235536
2015-08-24 00:00:00,-0.019476183675923964
2015-08-25 00:00:00,0.0032494386926422703
2015-08-26 00:00:00,-0.0008881751921249181
2015-08-27 00:00:00,0.0025108204421684377
2015-08-28 00:00:00,-0.014325166306835446
2015-08-31 00:00:00,0.0014902617524421569
2015-09-01 00:00:00,0.007067779134504404
2015-09-02 00:00:00,0.0020005158344669205
2015-09-07 00:00:00,-0.014596263372322005
2015-09-08 00:00:00,0.004840528025488178
2015-09-09 00:00:00,-0.005459666126469309
2015-09-10 00:00:00,0.00814667447808115
2015-09-11 00:00:00,0.003257220379641046
2015-09-14 00:00:00,-0.005881486910284672
2015-09-15 00:00:00,-0.0009766595093184671
2015-09-16 00:00:00,0.006272629594543888
2015-09-17 00:00:00,-0.003704555482643479
2015-09-18 00:00:00,-0.005321864345170901
2015-09-21 00:00:00,-0.007172622834444309
2015-09-22 00:00:00,-0.006963890748540202
2015-09-23 00:00:00,-0.0018200621776756076
2015-09-24 00:00:00,-0.004092500346920436
2015-09-25 00:00:00,-0.0031627682696468984
2015-09-28 00:00:00,-0.0033333993565077824
2015-09-29 00:00:00,0.014160282844236427
2015-09-30 00:00:00,-0.004608450072280168
2015-10-08 00:00:00,-0.03692376595790836
2015-10-09 00:00:00,-0.0035403408872184405
2015-10-12 00:00:00,0.016829676039687547
2015-10-13 00:00:00,-0.0020157264354081494
2015-10-14 00:00:00,0.004983098708124967
2015-10-15 00:00:00,-0.0010266554096970415
2015-10-16 00:00:00,-0.01152050304612473
2015-10-19 00:00:00,-0.003411281737194183
2015-10-20 00:00:00,-0.0033181690487309456
2015-10-21 00:00:00,-0.004349288613893942
2015-10-22 00:00:00,0.012413834854356098
2015-10-23 00:00:00,-0.0013478477615165296
2015-10-26 00:00:00,-0.015037229406729136
2015-10-27 00:00:00,-0.0013563203092702425
2015-10-28 00:00:00,-0.008834024721396383
2015-10-29 00:00:00,0.00015380075541737703
2015-10-30 00:00:00,-0.0009956451102657304
2015-11-02 00:00:00,0.00023935197420965615
2015-11-03 00:00:00,0.00021719117217866568
2015-11-04 00:00:00,0.006543170706613477
2015-11-05 00:00:00,-0.004605043882149773
2015-11-06 00:00:00,0.002471147461978962
2015-11-09 00:00:00,-0.004369661540421732
2015-11-10 00:00:00,-0.0028808209237287663
2015-11-11 00:00:00,0.0017802546276124431
2015-11-12 00:00:00,0.0051636453330135
2015-11-13 00:00:00,-8.728855672612834e-05
2015-11-16 00:00:00,-0.02634994354976572
2015-11-17 00:00:00,-0.001975705340833356
2015-11-18 00:00:00,0.002756280093785257
2015-11-19 00:00:00,-0.017155555340836348
2015-11-20 00:00:00,-0.00039032396294746974
2015-11-23 00:00:00,0.009340928727470166
2015-11-24 00:00:00,0.009587968987058604
2015-11-25 00:00:00,-0.004973949689856205
2015-11-26 00:00:00,0.0067644784805172
2015-11-27 00:00:00,-0.0050897586823174246
2015-11-30 00:00:00,0.005686893854571107
2015-12-01 00:00:00,0.0017084701551148829
2015-12-02 00:00:00,-0.006879107737257306
2015-12-03 00:00:00,0.009851166475571604
2015-12-04 00:00:00,-0.002184852676417437
2015-12-07 00:00:00,0.0031880688272418745
2015-12-08 00:00:00,-0.013024729250575962
2015-12-09 00:00:00,-0.002278912686927259
2015-12-10 00:00:00,-0.0017382590712047286
2015-12-11 00:00:00,0.00016700780930767323
2015-12-14 00:00:00,-0.012241145335113113
2015-12-15 00:00:00,-0.006442643822378358
2015-12-16 00:00:00,0.007045456292734897
2015-12-17 00:00:00,0.005319040072976788
2015-12-18 00:00:00,0.0054814979617634485
2015-12-21 00:00:00,0.005463265011632412
2015-12-22 00:00:00,-0.010034031526014786
2015-12-23 00:00:00,0.001589807709331037
2015-12-24 00:00:00,-0.0033177241115880385
2015-12-25 00:00:00,-0.008640867642934369
2015-12-28 00:00:00,-0.019703857329206653
2015-12-29 00:00:00,0.002750025494785424
2015-12-30 00:00:00,0.0013239461527745355
2015-12-31 00:00:00,-0.003979403380625524
2016-01-04 00:00:00,-0.005592696640197348
2016-01-05 00:00:00,0.0023879403240811836
2016-01-06 00:00:00,-0.006528225311272062
2016-01-07 00:00:00,0.00016741037048162433
2016-01-08 00:00:00,0.0029559588424219463
2016-01-11 00:00:00,-0.006899066390148589
2016-01-12 00:00:00,0.00037072974529639424
2016-01-13 00:00:00,0.0072241061728552936
2016-01-14 00:00:00,-0.006162203030687707
2016-01-15 00:00:00,-0.0011251604183830644
2016-01-18 00:00:00,0.0029209388519237933
2016-01-19 00:00:00,0.009659441294732174
2016-01-20 00:00:00,-0.008248832347021673
2016-01-21 00:00:00,-0.0023769915479241455
2016-01-22 00:00:00,0.004528977427232794
2016-01-25 00:00:00,-0.005943870009161301
2016-01-26 00:00:00,-0.006479867525480132
2016-01-27 00:00:00,0.0007438610539483026
2016-01-28 00:00:00,-0.009761555972108482
2016-01-29 00:00:00,-0.002748944322521596
2016-02-01 00:00:00,0.0004309998039557783
2016-02-02 00:00:00,-0.0015158285295727714
2016-02-03 00:00:00,0.001397173167526855
2016-02-04 00:00:00,-0.008207765813373014
2016-02-05 00:00:00,-0.004513315752262104
2016-02-15 00:00:00,-0.006774594341288798
2016-02-16 00:00:00,0.003614544068509362
2016-02-17 00:00:00,0.0035792644114376326
2016-02-18 00:00:00,-0.0010797551157329943
2016-02-19 00:00:00,0.0023118678977687157
2016-02-22 00:00:00,0.012710573281678572
2016-02-23 00:00:00,-0.0011624551159434837
2016-02-24 00:00:00,-0.006024369056203627
2016-02-25 00:00:00,-0.002682292194055913
2016-02-26 00:00:00,0.004459665901039633
2016-02-29 00:00:00,-0.008761191555132442
2016-03-01 00:00:00,0.004663935239283656
2016-03-02 00:00:00,0.007698712015851816
2016-03-03 00:00:00,0.017167636439117562
2016-03-04 00:00:00,0.005727770935749277
2016-03-07 00:00:00,-0.00997540128470742
2016-03-08 00:00:00,-0.0018333531203281739
2016-03-09 00:00:00,-0.006267080822522586
2016-03-10 00:00:00,-0.0023406798826945963
2016-03-11 00:00:00,-0.005318350421722684
2016-03-14 00:00:00,-0.003625462019864689
2016-03-15 00:00:00,-0.013990640794803832
2016-03-16 00:00:00,-0.008011473544560554
2016-03-17 00:00:00,0.00364998911426917
2016-03-18 00:00:00,0.010296851235088278
2016-03-21 00:00:00,-0.004420737565330346
2016-03-22 00:00:00,0.017267877718887936
2016-03-23 00:00:00,-0.0023440668273143617
2016-03-24 00:00:00,-0.002116402177243737
2016-03-25 00:00:00,0.011360334829950913
2016-03-28 00:00:00,-0.00869693350458911
2016-03-29 00:00:00,-0.006680468819569962
2016-03-30 00:00:00,0.0049816067378367634
2016-03-31 00:00:00,-0.007953525001071493
2016-04-01 00:00:00,-0.019423338280777247
2016-04-05 00:00:00,-0.001547395535118512
2016-04-06 00:00:00,-0.01450874083160747
2016-04-07 00:00:00,0.00204053806403115
2016-04-08 00:00:00,-0.0007248014816430004
2016-04-11 00:00:00,0.006793256400176917
2016-04-12 00:00:00,0.008969781543297639
2016-04-13 00:00:00,0.012288319661462266
2016-04-14 00:00:00,0.007305569887723573
2016-04-15 00:00:00,-0.005293198437604896
2016-04-18 00:00:00,0.015431607195262487
2016-04-19 00:00:00,0.00295853121773737
2016-04-20 00:00:00,0.03761194889337838
2016-04-21 00:00:00,0.034374566161416764
2016-04-22 00:00:00,-0.0149638404123692
2016-04-25 00:00:00,0.006477774114026502
2016-04-26 00:00:00,0.001336902171484855
2016-04-27 00:00:00,-0.006094939319225889
2016-04-28 00:00:00,-0.022042595428937273
2016-04-29 00:00:00,-0.0036821656956599336
2016-05-03 00:00:00,0.031732886168303276
2016-05-04 00:00:00,-0.018869714142809912
2016-05-05 00:00:00,-0.006122946463225087
2016-05-06 00:00:00,-0.025039000101956366
2016-05-09 00:00:00,0.002811642915298229
2016-05-10 00:00:00,-0.005800516608510553
2016-05-11 00:00:00,0.04511998576808529
2016-05-12 00:00:00,-0.005948453162264999
2016-05-13 00:00:00,-0.020228002747986862
2016-05-16 00:00:00,0.013412707721110362
2016-05-17 00:00:00,0.016129300129322566
2016-05-18 00:00:00,0.0029288397000792887
2016-05-19 00:00:00,0.012417167618204772
2016-05-20 00:00:00,-0.004951787589563383
2016-05-23 00:00:00,-0.01661626609530442
2016-05-24 00:00:00,-0.030911568446970517
2016-05-25 00:00:00,0.008573758010760102
2016-05-26 00:00:00,0.024270193301733967
2016-05-27 00:00:00,-0.00022202040911933896
2016-05-30 00:00:00,0.01636858685267306
2016-05-31 00:00:00,-0.0009691238812761238
2016-06-01 00:00:00,-0.0009713235383973506
2016-06-02 00:00:00,0.013255972513507075
2016-06-03 00:00:00,0.013076752788355073
2016-06-06 00:00:00,0.00038210534452542966
2016-06-07 00:00:00,0.0009803415514249014
2016-06-08 00:00:00,-0.001744587586055446
2016-06-13 00:00:00,0.031269676955338
2016-06-14 00:00:00,-0.017243399847532315
2016-06-15 00:00:00,-0.002296653605685761
2016-06-16 00:00:00,-0.014074988492495777
2016-06-17 00:00:00,0.008346309266888285
2016-06-20 00:00:00,0.0007978574562639285
2016-06-21 00:00:00,-0.000403521868395762
2016-06-22 00:00:00,0.003771485152581411
2016-06-23 00:00:00,-0.004363583588489983
2016-06-24 00:00:00,-0.00801126812586117
2016-06-27 00:00:00,0.023115193870560713
2016-06-28 00:00:00,0.019792957514879195
2016-06-29 00:00:00,-0.011777115269981375
2016-06-30 00:00:00,0.00634457490285123
2016-07-01 00:00:00,-0.0016581157988205808
2016-07-04 00:00:00,-0.0029516166331796656
2016-07-05 00:00:00,-0.011439531067423014
2016-07-06 00:00:00,-0.023345749801841897
2016-07-07 00:00:00,-0.010624604435965468
2016-07-08 00:00:00,-0.002261072461799074
2016-07-11 00:00:00,0.01096375177761666
2016-07-12 00:00:00,-0.0034998138965890435
2016-07-13 00:00:00,0.02353003671971532
2016-07-14 00:00:00,0.008396117913419765
2016-07-15 00:00:00,-0.014690186418096274
2016-07-18 00:00:00,-0.011721611283506572
2016-07-19 00:00:00,0.005662059097475414
2016-07-20 00:00:00,-0.010957549551065426
2016-07-21 00:00:00,-0.012626365490027491
2016-07-22 00:00:00,-0.021776506232323745
2016-07-25 00:00:00,-0.005541193342823547
2016-07-26 00:00:00,0.0026210001267017446
2016-07-27 00:00:00,-0.0015235878296115946
2016-07-28 00:00:00,0.0003782597602832727
2016-07-29 00:00:00,-0.011219186277170112
2016-08-01 00:00:00,0.010849475043387624
2016-08-02 00:00:00,-0.005610246650793238
2016-08-03 00:00:00,0.00014292324120024347
2016-08-04 00:00:00,0.003845679120603851
2016-08-05 00:00:00,0.007032509297119738
2016-08-08 00:00:00,0.0018690276346995383
2016-08-09 00:00:00,0.004143531197438488
2016-08-10 00:00:00,0.014654989118496609
2016-08-11 00:00:00,-0.001996061116785741
2016-08-12 00:00:00,0.0065508596562888766
2016-08-15 00:00:00,0.013393069320062345
2016-08-16 00:00:00,0.00467944950602206
2016-08-17 00:00:00,0.01899518057377514
2016-08-18 00:00:00,-0.002398039158189924
2016-08-19 00:00:00,-0.012273014680737382
2016-08-22 00:00:00,0.0018064916281748111
2016-08-23 00:00:00,-0.01038831484082281
2016-08-24 00:00:00,-0.002993036794201709
2016-08-25 00:00:00,0.0022786326714461236
2016-08-26 00:00:00,-0.010708150092014534
2016-08-29 00:00:00,0.004485319328767279
2016-08-30 00:00:00,-0.0005398123257254195
2016-08-31 00:00:00,-0.02144850193866199
2016-09-01 00:00:00,-0.005227075501183509
2016-09-02 00:00:00,-0.00804592366204493
2016-09-05 00:00:00,-0.011355308215273197
2016-09-06 00:00:00,0.00294758709747045
2016-09-07 00:00:00,0.009276219875422598
2016-09-08 00:00:00,-0.0005857155470552211
2016-09-09 00:00:00,0.0011027267640209004
2016-09-12 00:00:00,0.0035270229658495023
2016-09-13 00:00:00,0.0002818067107841493
2016-09-14 00:00:00,0.008123921311859794
2016-09-19 00:00:00,0.03288612163940785
2016-09-20 00:00:00,0.002623449412654244
2016-09-21 00:00:00,-0.010637085055623996
2016-09-22 00:00:00,0.001502204345470437
2016-09-23 00:00:00,-0.005954801423818545
2016-09-26 00:00:00,0.0006959700912567701
2016-09-27 00:00:00,-0.016885726620477826
2016-09-28 00:00:00,-0.006625266698721766
2016-09-29 00:00:00,0.005535100821142835
2016-09-30 00:00:00,0.016943757668824055
2016-10-10 00:00:00,0.0008161100045738223
2016-10-11 00:00:00,-0.009787247898028761
2016-10-12 00:00:00,-0.020543882227523014
2016-10-13 00:00:00,-0.0033975575942235547
2016-10-14 00:00:00,0.00983239710967343
2016-10-17 00:00:00,0.005845798917501144
2016-10-18 00:00:00,-0.0017410402849037387
2016-10-19 00:00:00,-0.0003309756516204354
2016-10-20 00:00:00,0.018206920620036593
2016-10-21 00:00:00,0.005265013588373835
2016-10-24 00:00:00,0.01135989138633331
2016-10-25 00:00:00,-0.010468782590708603
2016-10-26 00:00:00,0.030047521010922784
2016-10-27 00:00:00,-0.0021877199302989814
2016-10-28 00:00:00,-0.003013946870686235
2016-10-31 00:00:00,-0.006870340124998875
2016-11-01 00:00:00,0.004295365855867539
2016-11-02 00:00:00,-0.013422636876913474
2016-11-03 00:00:00,-0.004474340857633652
2016-11-04 00:00:00,-0.0019996384345545293
2016-11-07 00:00:00,0.01808628664543499
2016-11-08 00:00:00,0.0040635732953313575
2016-11-09 00:00:00,-0.008200444599800738
2016-11-10 00:00:00,0.018037684878069227
2016-11-11 00:00:00,0.015976476011144936
2016-11-14 00:00:00,-0.04903703587545927
2016-11-15 00:00:00,-0.013174859410875706
2016-11-16 00:00:00,0.007027040517644467
2016-11-17 00:00:00,0.0030805155232269676
2016-11-18 00:00:00,-0.0007093330878020776
2016-11-21 00:00:00,0.013271663523133803
2016-11-22 00:00:00,0.012465822083143507
2016-11-23 00:00:00,0.00599934655881551
2016-11-24 00:00:00,-0.0022840297939399345
2016-11-25 00:00:00,0.005445860948467551
2016-11-28 00:00:00,0.019016773230286388
2016-11-29 00:00:00,0.02061615596069344
2016-11-30 00:00:00,-0.01765973820882416
2016-12-01 00:00:00,0.01641291959956126
2016-12-02 00:00:00,0.03714601397810591
2016-12-05 00:00:00,0.011544872652471616
2016-12-06 00:00:00,-0.006066791646593739
2016-12-07 00:00:00,0.014726923840000072
2016-12-08 00:00:00,-0.012826639580926669
2016-12-09 00:00:00,-0.0011123368235721465
2016-12-12 00:00:00,0.00363479165361702
2016-12-13 00:00:00,0.0036354338345840898
2016-12-14 00:00:00,-0.005922820733245682
2016-12-15 00:00:00,0.0034447364535039604
2016-12-16 00:00:00,0.0295869051744444
2016-12-19 00:00:00,-0.0025847359549689974
2016-12-20 00:00:00,-0.015022347977702077
2016-12-21 00:00:00,0.0199788121759088
2016-12-22 00:00:00,-0.007040274020341797
2016-12-23 00:00:00,-0.0003474849328690688
2016-12-26 00:00:00,-0.04254721690488583
2016-12-27 00:00:00,0.00760228528304685
2016-12-28 00:00:00,0.0009583738720757573
2016-12-29 00:00:00,0.029662447534455127
2016-12-30 00:00:00,-0.008818044354780175
2017-01-03 00:00:00,-0.013842768022962249
2017-01-04 00:00:00,0.014258888370516365
2017-01-05 00:00:00,-0.004447110486955341
2017-01-06 00:00:00,0.0010502141311823365
2017-01-09 00:00:00,-0.01271830130787066
2017-01-10 00:00:00,-0.010597148340178109
2017-01-11 00:00:00,0.0010594712457072664
2017-01-12 00:00:00,-0.01430831914623032
2017-01-13 00:00:00,0.008182154633079142
2017-01-16 00:00:00,0.0189552526995862
2017-01-17 00:00:00,-0.0005650249999147317
2017-01-18 00:00:00,0.007915913103363259
2017-01-19 00:00:00,0.005210297014344389
2017-01-20 00:00:00,-0.015257950843214352
2017-01-23 00:00:00,-0.008458016867014861
2017-01-24 00:00:00,0.006907417682620265
2017-01-25 00:00:00,-0.005578888362562706
2017-01-26 00:00:00,0.010210492395311244
2017-02-03 00:00:00,0.01864254288566558
2017-02-06 00:00:00,0.0104138884856948
2017-02-07 00:00:00,-0.002250286087273956
2017-02-08 00:00:00,-0.0010095070647490045
2017-02-09 00:00:00,-0.004596306883280277
2017-02-10 00:00:00,0.0037344065010251892
2017-02-13 00:00:00,-0.0011584414226980533
2017-02-14 00:00:00,0.004319328510064002
2017-02-15 00:00:00,-0.014981979117758781
2017-02-16 00:00:00,-0.00040312791314678353
2017-02-17 00:00:00,-0.011482845709102407
2017-02-20 00:00:00,0.0003165088046239717
2017-02-21 00:00:00,0.0054422810137901845
2017-02-22 00:00:00,-0.013969709356679183
2017-02-23 00:00:00,-0.0038678734801294024
2017-02-24 00:00:00,-0.010419125539921192
2017-02-27 00:00:00,-0.0029236188731123214
2017-02-28 00:00:00,-0.001146566882853417
2017-03-01 00:00:00,0.00329509172981024
2017-03-02 00:00:00,-0.005441374316703551
2017-03-03 00:00:00,-0.01691565607016965
2017-03-06 00:00:00,-0.0024656873533431822
2017-03-07 00:00:00,-0.008903546134975349
2017-03-08 00:00:00,0.006963605107076942
2017-03-09 00:00:00,-0.003925306170020293
2017-03-10 00:00:00,-0.028520022142461188
2017-03-13 00:00:00,0.005712309506881397
2017-03-14 00:00:00,-0.010000084208325655
2017-03-15 00:00:00,-0.0024118211735700834
2017-03-16 00:00:00,-0.007041479500364267
2017-03-17 00:00:00,0.002309255380306352
2017-03-20 00:00:00,0.004325519036374681
2017-03-21 00:00:00,-0.008284522126378868
2017-03-22 00:00:00,0.011655893920980764
2017-03-23 00:00:00,-0.0019358844397754371
2017-03-24 00:00:00,0.0010825460526140418
2017-03-27 00:00:00,-0.026020182053254848
2017-03-28 00:00:00,0.0039046751922044987
2017-03-29 00:00:00,0.0011716555539005302
2017-03-30 00:00:00,-0.004125429480127396
2017-03-31 00:00:00,0.0003243208106959994
2017-04-05 00:00:00,0.0047562416222515225
2017-04-06 00:00:00,-0.0057080785716405735
2017-04-07 00:00:00,-0.004013127035169872
2017-04-10 00:00:00,0.021613090023069992
2017-04-11 00:00:00,0.0007934290537860988
2017-04-12 00:00:00,-0.005788386555098168
2017-04-13 00:00:00,0.009358261109676969
2017-04-14 00:00:00,0.001721791364476033
2017-04-17 00:00:00,-0.02216124502208794
2017-04-18 00:00:00,-0.01614679027561039
2017-04-19 00:00:00,0.008433260376058183
2017-04-20 00:00:00,0.0011157228570726208
2017-04-21 00:00:00,-0.002550517205122893
2017-04-24 00:00:00,-0.001878090702467139
2017-04-25 00:00:00,-0.0019361799553300196
2017-04-26 00:00:00,0.0002198810938296436
2017-04-27 00:00:00,0.0010708988045766699
2017-04-28 00:00:00,0.0070816062702170335
2017-05-02 00:00:00,0.022991257475598603
2017-05-03 00:00:00,-0.0027018455403631236
2017-05-04 00:00:00,-0.004732445112053174
2017-05-05 00:00:00,0.0011766964600550267
2017-05-08 00:00:00,0.004816391775841478
2017-05-09 00:00:00,0.0011666273407815453
2017-05-10 00:00:00,0.001027570536807243
2017-05-11 00:00:00,-0.00888262024957931
2017-05-12 00:00:00,-0.005874124309194539
2017-05-15 00:00:00,-0.0022309683582111273
2017-05-16 00:00:00,-0.0014086641117919685
2017-05-17 00:00:00,0.011039074564839213
2017-05-18 00:00:00,-0.009884585156887171
2017-05-19 00:00:00,-0.0024988892162733922
2017-05-22 00:00:00,0.014349703642488887
2017-05-23 00:00:00,0.003809862460307789
2017-05-24 00:00:00,0.008273321768096364
2017-05-25 00:00:00,-0.005614947879065135
2017-05-26 00:00:00,-0.0036166895422178325
2017-05-31 00:00:00,-0.024055774389429407
2017-06-01 00:00:00,0.003065116040051663
2017-06-02 00:00:00,0.004675647381635839
2017-06-05 00:00:00,0.016044270263923854
2017-06-06 00:00:00,0.0018109031396729147
2017-06-07 00:00:00,0.0029982337052865127
2017-06-08 00:00:00,0.00048413670949432053
2017-06-09 00:00:00,0.02256760347007436
2017-06-12 00:00:00,0.00849668970142381
2017-06-13 00:00:00,-0.003443315072023445
2017-06-14 00:00:00,-0.004808257026173046
2017-06-15 00:00:00,0.0040869019390772365
2017-06-16 00:00:00,-0.009148010147286612
2017-06-19 00:00:00,-0.006490891285737543
2017-06-20 00:00:00,0.0008741912651106798
2017-06-21 00:00:00,-0.009432947483379528
2017-06-22 00:00:00,-0.0032738089218838917
2017-06-23 00:00:00,-0.0008838348824224962
2017-06-26 00:00:00,0.0006503332525049643
2017-06-27 00:00:00,-0.0007144671133841873
2017-06-28 00:00:00,0.0032133907364084724
2017-06-29 00:00:00,0.00023762316205755418
2017-06-30 00:00:00,-3.51095313581018e-05
2017-07-03 00:00:00,0.013225080420647073
2017-07-04 00:00:00,-0.0020439329957759877
2017-07-05 00:00:00,-0.003517719496952898
2017-07-06 00:00:00,-0.008223663835553174
2017-07-07 00:00:00,-0.007811909020627228
2017-07-10 00:00:00,0.01571455996633153
2017-07-11 00:00:00,0.0023557629548409675
2017-07-12 00:00:00,0.004685182699682988
2017-07-13 00:00:00,-0.003666095225798749
2017-07-14 00:00:00,-0.017534412034157065
2017-07-17 00:00:00,-0.0010253068385722708
2017-07-18 00:00:00,0.0033040580411030085
2017-07-19 00:00:00,-0.002356315617246696
2017-07-20 00:00:00,-0.0010204022146176328
2017-07-21 00:00:00,0.0021556501061272826
2017-07-24 00:00:00,-0.007521900840311679
2017-07-25 00:00:00,0.0033975352510757784
2017-07-26 00:00:00,0.000215224173492512
2017-07-27 00:00:00,0.004066515545814164
2017-07-28 00:00:00,-0.002810551957470042
2017-07-31 00:00:00,0.0044649677591199755
2017-08-01 00:00:00,-0.005478037671006963
2017-08-02 00:00:00,-0.0001802215734607593
2017-08-03 00:00:00,-0.004632891086098545
2017-08-04 00:00:00,0.002825615089527611
2017-08-07 00:00:00,0.025560920834591938
2017-08-08 00:00:00,0.006760820327889938
2017-08-09 00:00:00,0.0077446701245522664
2017-08-10 00:00:00,0.00411845694530566
2017-08-11 00:00:00,-0.009145222397283437
2017-08-14 00:00:00,-0.014514496154202639
2017-08-15 00:00:00,-0.0014488345995736784
2017-08-16 00:00:00,-0.0018831679965953807
2017-08-17 00:00:00,0.006354287911657819
2017-08-18 00:00:00,-0.0029934251211636287
2017-08-21 00:00:00,0.005230635209608536
2017-08-22 00:00:00,0.0031741700186136423
2017-08-23 00:00:00,0.0011219747449868755
2017-08-24 00:00:00,-0.0024976255740294384
2017-08-25 00:00:00,0.0004975600284036208
2017-08-28 00:00:00,0.0014640878430220994
2017-08-29 00:00:00,-0.003696301713373207
2017-08-30 00:00:00,-0.004959132063542371
2017-08-31 00:00:00,-0.005095435902916834
2017-09-01 00:00:00,-0.0056720361524921215
2017-09-04 00:00:00,0.003994681874076589
2017-09-05 00:00:00,-0.0015245088980471166
2017-09-06 00:00:00,-0.004842560094601822
2017-09-07 00:00:00,-0.00396524248871577
2017-09-08 00:00:00,0.005785619303595002
2017-09-11 00:00:00,-0.00514276295811289
2017-09-12 00:00:00,-0.002876057818806843
2017-09-13 00:00:00,0.0038444050351031933
2017-09-14 00:00:00,-0.0007693450602516139
2017-09-15 00:00:00,-0.0018424660766602763
2017-09-18 00:00:00,-0.00018830564052307874
2017-09-19 00:00:00,-0.0007861045837586067
2017-09-20 00:00:00,-0.0014031105164451496
2017-09-21 00:00:00,-0.003935332969363214
2017-09-22 00:00:00,0.009973864579307268
2017-09-25 00:00:00,-0.0008427221783058325
2017-09-26 00:00:00,0.00030163489721046766
2017-09-27 00:00:00,0.0033683249893807776
2017-09-28 00:00:00,-0.0026702293334360805
2017-09-29 00:00:00,-0.0019224059445521746
2017-10-09 00:00:00,0.001765928832942354
2017-10-10 00:00:00,0.012843115032193708
2017-10-11 00:00:00,-0.00744440807593949
2017-10-12 00:00:00,-0.009679774081456483
2017-10-13 00:00:00,0.003526046528988802
2017-10-16 00:00:00,-0.0029736414545786793
2017-10-17 00:00:00,-0.014682478625879791
2017-10-18 00:00:00,-0.005641687359913328
2017-10-19 00:00:00,-0.004239585677985214
2017-10-20 00:00:00,0.0030939294871497047
2017-10-23 00:00:00,-0.011271966781410403
2017-10-24 00:00:00,-0.006759959918941738
2017-10-25 00:00:00,0.0026033104439111554
2017-10-26 00:00:00,-0.005376128617663678
2017-10-27 00:00:00,-0.0045364786631385545
2017-10-30 00:00:00,0.0003808389558763725
2017-10-31 00:00:00,0.0017981534131059629
2017-11-01 00:00:00,0.00025407163087054485
2017-11-02 00:00:00,0.0022445334471365985
2017-11-03 00:00:00,0.0016710896189742197
2017-11-06 00:00:00,0.0018723851977289208
2017-11-07 00:00:00,0.005364308473370327
2017-11-08 00:00:00,-0.0008252352331120649
2017-11-09 00:00:00,0.0051828646992748695
2017-11-10 00:00:00,-0.00500506785084498
2017-11-13 00:00:00,0.0014866198516554352
2017-11-14 00:00:00,-0.008848376226626264
2017-11-15 00:00:00,-0.004643578632536616
2017-11-16 00:00:00,0.0023160509361523918
2017-11-17 00:00:00,1.460057964020045e-05
2017-11-20 00:00:00,0.0037195597767627486
2017-11-21 00:00:00,0.012002711990668269
2017-11-22 00:00:00,0.001947735744050938
2017-11-23 00:00:00,0.0002579013302130839
2017-11-24 00:00:00,0.0015115170262209876
2017-11-27 00:00:00,-0.0022019103481215607
2017-11-28 00:00:00,-0.0012409544034210906
2017-11-29 00:00:00,-0.005395258245301071
2017-11-30 00:00:00,-0.018806120384726732
2017-12-01 00:00:00,0.002527850083146488
2017-12-04 00:00:00,0.008176100455619562
2017-12-05 00:00:00,-0.005068528979428444
2017-12-06 00:00:00,0.0013373780955319159
2017-12-07 00:00:00,-0.02552250530384803
2017-12-08 00:00:00,-0.004307078703077671
2017-12-11 00:00:00,0.005030091821025984
2017-12-12 00:00:00,0.004358612701807818
2017-12-13 00:00:00,0.00361403832142293
2017-12-14 00:00:00,0.0010778286876484966
2017-12-15 00:00:00,-0.0009041659889161835
2017-12-18 00:00:00,0.011304419436937163
2017-12-19 00:00:00,-0.001639842188161933
2017-12-20 00:00:00,-0.004000201551008442
2017-12-21 00:00:00,-0.0018811588895616405
2017-12-22 00:00:00,-0.013173356680716064
2017-12-25 00:00:00,0.018835965628258622
2017-12-26 00:00:00,0.0010551231100941472
2017-12-27 00:00:00,0.00033248791457807236
2017-12-28 00:00:00,-0.010427415910947091
2017-12-29 00:00:00,-0.004502563636601176
2018-01-02 00:00:00,0.00521849831914456
2018-01-03 00:00:00,0.01184593072909168
2018-01-04 00:00:00,0.003130704242540583
2018-01-05 00:00:00,0.0005308339929264161
2018-01-08 00:00:00,0.006149695233766517
2018-01-09 00:00:00,-0.0037180223224896336
2018-01-10 00:00:00,0.004638690286960623
2018-01-11 00:00:00,-0.00820719020855698
2018-01-12 00:00:00,-0.005349432676792998
2018-01-15 00:00:00,0.00812438300299445
2018-01-16 00:00:00,-0.015632078597109467
2018-01-17 00:00:00,-0.0010223930141026738
2018-01-18 00:00:00,0.0014799525525188706
2018-01-19 00:00:00,-0.01756870249686393
2018-01-22 00:00:00,-0.003110659001073879
2018-01-23 00:00:00,0.0028875752819030875
2018-01-24 00:00:00,-0.003107752845452394
2018-01-25 00:00:00,0.004188680264603839
2018-01-26 00:00:00,-0.0022417052657902614
2018-01-29 00:00:00,0.00040084915885807426
2018-01-30 00:00:00,0.0018641591232497756
2018-01-31 00:00:00,-0.0012011597412209252
2018-02-01 00:00:00,-0.01566535068690922
2018-02-02 00:00:00,-0.0009680462374341836
2018-02-05 00:00:00,0.007492713375591986
2018-02-06 00:00:00,0.0016756504712491793
2018-02-07 00:00:00,0.005104838185824745
2018-02-08 00:00:00,0.005257987639147865
2018-02-09 00:00:00,0.00586167919662528
2018-02-12 00:00:00,0.0004705098401343033
2018-02-13 00:00:00,2.033983995630706e-05
2018-02-14 00:00:00,0.0017823405516101953
2018-02-22 00:00:00,0.012720063343861998
2018-02-23 00:00:00,0.004267779590486853
2018-02-26 00:00:00,0.002201447562065084
2018-02-27 00:00:00,0.00527561013067257
2018-02-28 00:00:00,0.003117165998360427
2018-03-01 00:00:00,0.004783489054713375
2018-03-02 00:00:00,0.009180467766497058
2018-03-05 00:00:00,-0.0019929258383996062
2018-03-06 00:00:00,-0.0017186506268621615
2018-03-07 00:00:00,-0.004121378815064469
2018-03-08 00:00:00,0.005319163505017599
2018-03-09 00:00:00,-0.015773252478805788
2018-03-12 00:00:00,-0.005209535104628293
2018-03-13 00:00:00,0.0021130752876949987
2018-03-14 00:00:00,0.00252394878378559
2018-03-15 00:00:00,0.003188395431895419
2018-03-16 00:00:00,0.016770384479860567
2018-03-19 00:00:00,0.002345280904875624
2018-03-20 00:00:00,-0.0021499448894732875
2018-03-21 00:00:00,0.0011163588300002747
2018-03-22 00:00:00,0.0006588760571679675
2018-03-23 00:00:00,0.013580562079276826
2018-03-26 00:00:00,0.005764566946018235
2018-03-27 00:00:00,-0.00596744437395913
2018-03-28 00:00:00,-0.0027406283530172493
2018-03-29 00:00:00,0.0015670998875627618
2018-03-30 00:00:00,0.004057851571378945
2018-04-02 00:00:00,0.006064527835075939
2018-04-03 00:00:00,0.007066085445770476
2018-04-04 00:00:00,0.017065461539776505
2018-04-09 00:00:00,0.021416018470528098
2018-04-10 00:00:00,-0.009464470057106822
2018-04-11 00:00:00,-0.0032094399864175394
2018-04-12 00:00:00,-0.001107404574929638
2018-04-13 00:00:00,0.003945415420058218
2018-04-16 00:00:00,-0.01586009825409107
2018-04-17 00:00:00,0.005335136872040014
2018-04-18 00:00:00,-0.009475176889446657
2018-04-19 00:00:00,-0.008993305211966285
2018-04-20 00:00:00,0.004131375518958702
2018-04-23 00:00:00,-0.004921514977519692
2018-04-24 00:00:00,0.0011775201347119513
2018-04-25 00:00:00,0.00034629793168861056
2018-04-26 00:00:00,-0.008271596075279275
2018-04-27 00:00:00,-0.00521348068413352
2018-05-02 00:00:00,0.006049737482892947
2018-05-03 00:00:00,0.0077109785028857125
2018-05-04 00:00:00,-0.0020523781648876804
2018-05-07 00:00:00,0.004412728751825634
2018-05-08 00:00:00,-0.015239888966073867
2018-05-09 00:00:00,-0.001076789556992197
2018-05-10 00:00:00,0.0020769990769187174
2018-05-11 00:00:00,-0.007894633482494084
2018-05-14 00:00:00,-0.0005339090756114606
2018-05-15 00:00:00,-0.006648046702004029
2018-05-16 00:00:00,-0.010669772362407293
2018-05-17 00:00:00,-0.0023571807283685464
2018-05-18 00:00:00,0.002786048755446302
2018-05-21 00:00:00,0.0025334928709965787
2018-05-22 00:00:00,-0.0031443025517369216
2018-05-23 00:00:00,-0.008784615966501486
2018-05-24 00:00:00,0.006686983258205048
2018-05-25 00:00:00,-0.003562003265361824
2018-05-28 00:00:00,0.009252119794693758
2018-05-29 00:00:00,0.0047716887499140714
2018-05-30 00:00:00,-0.0009169925458575312
2018-05-31 00:00:00,-0.006359609963201729
2018-06-01 00:00:00,-0.0013213225787143124
2018-06-04 00:00:00,0.013549463603812484
2018-06-05 00:00:00,-0.00022855568838320295
2018-06-06 00:00:00,-0.014125661237034293
2018-06-07 00:00:00,-0.011144991271498372
2018-06-08 00:00:00,-0.018559088451039374
