2009-01-05 00:00:00,0.035967184156335374
2009-01-06 00:00:00,0.012666164138940061
2009-01-07 00:00:00,0.005117566056174194
2009-01-08 00:00:00,-0.03468500534649632
2009-01-09 00:00:00,0.024400114287187913
2009-01-12 00:00:00,-0.014294490073685773
2009-01-13 00:00:00,-0.018289926848850446
2009-01-14 00:00:00,0.02755779524827462
2009-01-15 00:00:00,-0.008420193784701935
2009-01-16 00:00:00,0.011035034777269193
2009-01-19 00:00:00,0.006410092876109497
2009-01-20 00:00:00,-0.043373357681874225
2009-01-21 00:00:00,-0.012500263772744935
2009-01-22 00:00:00,-0.002461362290889224
2009-01-23 00:00:00,0.020810777880463593
2009-02-02 00:00:00,-0.01570957076099888
2009-02-03 00:00:00,0.02679728760576916
2009-02-04 00:00:00,-0.0040738288223204355
2009-02-05 00:00:00,0.0013241551900635695
2009-02-06 00:00:00,0.010548683255584113
2009-02-09 00:00:00,0.030553406243683412
2009-02-10 00:00:00,-0.008935569820579303
2009-02-11 00:00:00,-0.027481434775765035
2009-02-12 00:00:00,0.025220877022436916
2009-02-13 00:00:00,-0.004072751641035821
2009-02-16 00:00:00,-0.00844368690768138
2009-02-17 00:00:00,0.015777581090576698
2009-02-18 00:00:00,-0.009566750714539052
2009-02-19 00:00:00,0.00032537330312054635
2009-02-20 00:00:00,-0.030533417492376147
2009-02-23 00:00:00,-0.0005248429305517721
2009-02-24 00:00:00,-0.010228063906709828
2009-02-25 00:00:00,0.024512006838447897
2009-02-26 00:00:00,-0.004125084102212018
2009-02-27 00:00:00,-0.004777041068157795
2009-03-02 00:00:00,0.0010379193581480095
2009-03-03 00:00:00,-0.0012816899515324387
2009-03-04 00:00:00,0.004735369674111256
2009-03-05 00:00:00,0.0025687937551412965
2009-03-06 00:00:00,-0.0019910997410939046
2009-03-09 00:00:00,-0.017856720665135772
2009-03-10 00:00:00,0.009796859144805437
2009-03-11 00:00:00,-0.00012332295350137024
2009-03-12 00:00:00,0.00785002656005962
2009-03-13 00:00:00,0.010439445151616544
2009-03-16 00:00:00,0.00975026117576161
2009-03-17 00:00:00,-0.0027642294133056744
2009-03-18 00:00:00,0.011142979789910523
2009-03-19 00:00:00,0.02740259675655099
2009-03-20 00:00:00,0.013341963850598493
2009-03-23 00:00:00,0.03203752360829948
2009-03-24 00:00:00,-0.01777800665712792
2009-03-25 00:00:00,0.0021206563430244962
2009-03-26 00:00:00,0.021027950470707157
2009-03-27 00:00:00,-0.013712393903747011
2009-03-30 00:00:00,-0.007677700156914824
2009-03-31 00:00:00,0.0030944168404969385
2009-04-01 00:00:00,-0.009941134818426178
2009-04-02 00:00:00,-0.0005660392728910058
2009-04-03 00:00:00,0.009497749899805674
2009-04-07 00:00:00,0.031940547829102384
2009-04-08 00:00:00,-0.020753265186731706
2009-04-09 00:00:00,0.022025676218864643
2009-04-10 00:00:00,0.019854586527635165
2009-04-13 00:00:00,-0.013110142695574534
2009-04-14 00:00:00,-0.02027291147813448
2009-04-15 00:00:00,-0.017946297454873417
2009-04-16 00:00:00,0.003571211138496899
2009-04-17 00:00:00,0.006473611015054503
2009-04-20 00:00:00,0.002065291253241508
2009-04-21 00:00:00,-0.027816882885108973
2009-04-22 00:00:00,0.011690157767954457
2009-04-23 00:00:00,0.01509426787098156
2009-04-24 00:00:00,-0.010308516842595705
2009-04-27 00:00:00,-0.015624654333433408
2009-04-28 00:00:00,-0.017223159429050616
2009-04-29 00:00:00,0.011154425665051537
2009-04-30 00:00:00,0.007655595570935425
2009-05-04 00:00:00,0.024379291368154643
2009-05-05 00:00:00,-0.01498121340833991
2009-05-06 00:00:00,0.008628291469342741
2009-05-07 00:00:00,0.0011753666445359912
2009-05-08 00:00:00,0.006973351848457154
2009-05-11 00:00:00,-0.013628229824058202
2009-05-12 00:00:00,0.00872764183428476
2009-05-13 00:00:00,0.0027162395316970844
2009-05-14 00:00:00,-0.010661940355799593
2009-05-15 00:00:00,0.000641010712645107
2009-05-18 00:00:00,-0.004499283266711118
2009-05-19 00:00:00,0.01195239940262538
2009-05-20 00:00:00,-0.009531752612158773
2009-05-21 00:00:00,0.0018568843764810161
2009-05-22 00:00:00,-0.006942709798250402
2009-05-25 00:00:00,0.0021215216095094025
2009-05-26 00:00:00,-0.0037686998581561992
2009-05-27 00:00:00,0.00328464834498976
2009-06-01 00:00:00,0.011200356322761396
2009-06-02 00:00:00,0.001362576750611355
2009-06-03 00:00:00,0.019237488866191255
2009-06-04 00:00:00,-0.005232595094650461
2009-06-05 00:00:00,0.03058885458425631
2009-06-08 00:00:00,-0.008667348901506777
2009-06-09 00:00:00,0.007479463109716811
2009-06-10 00:00:00,0.007708403664453245
2009-06-11 00:00:00,-0.004594774437432392
2009-06-12 00:00:00,0.0008789147944456843
2009-06-15 00:00:00,-0.012578719288225848
2009-06-16 00:00:00,0.0035681633698807502
2009-06-17 00:00:00,0.006669172039301952
2009-06-18 00:00:00,0.0010038582770821591
2009-06-19 00:00:00,-0.0008276802328329724
2009-06-22 00:00:00,-0.0018688923134569935
2009-06-23 00:00:00,-0.008321300315507485
2009-06-24 00:00:00,0.009322629126475634
2009-06-25 00:00:00,-0.00029873033247673764
2009-06-26 00:00:00,0.007253852648500869
2009-06-29 00:00:00,-0.007597278392143081
2009-06-30 00:00:00,0.000710594641805562
2009-07-01 00:00:00,-0.0002047927515136383
2009-07-02 00:00:00,0.003190106797257286
2009-07-03 00:00:00,0.0019133833485456275
2009-07-06 00:00:00,-0.0056985452392547264
2009-07-07 00:00:00,0.004925171263412409
2009-07-08 00:00:00,-0.0028751937625344226
2009-07-09 00:00:00,-0.0033859261903653737
2009-07-10 00:00:00,0.0005509573064939044
2009-07-13 00:00:00,-0.0053339843263155995
2009-07-14 00:00:00,0.003122029476337662
2009-07-15 00:00:00,0.009651428754811953
2009-07-16 00:00:00,0.0016717951462839054
2009-07-17 00:00:00,0.008490230874643512
2009-07-20 00:00:00,0.02110266768193725
2009-07-21 00:00:00,-0.007197679166803361
2009-07-22 00:00:00,-0.0008357718016636095
2009-07-23 00:00:00,0.005655746528193228
2009-07-24 00:00:00,0.021215066956725703
2009-07-27 00:00:00,0.044031649177920906
2009-07-28 00:00:00,-0.005864131278425777
2009-07-29 00:00:00,-0.03458410793685118
2009-07-30 00:00:00,0.02634738907664458
2009-07-31 00:00:00,0.03514333874623943
2009-08-03 00:00:00,-0.010076854371455113
2009-08-04 00:00:00,0.005555869725010876
2009-08-05 00:00:00,0.009929224419887417
2009-08-06 00:00:00,0.008761806239679926
2009-08-07 00:00:00,-0.023951252650001753
2009-08-10 00:00:00,0.02198939997997229
2009-08-11 00:00:00,-0.00893467087180877
2009-08-12 00:00:00,-0.01681075224893558
2009-08-13 00:00:00,0.024116424972748796
2009-08-14 00:00:00,-0.0007988371941527461
2009-08-17 00:00:00,-0.043427593729206015
2009-08-18 00:00:00,0.03385069084999914
2009-08-19 00:00:00,-0.015353773150591832
2009-08-20 00:00:00,0.008143577992138828
2009-08-21 00:00:00,-0.009956419624841062
2009-08-24 00:00:00,0.02292233476323413
2009-08-25 00:00:00,-0.011987618611176698
2009-08-26 00:00:00,0.0029051387439120724
2009-08-27 00:00:00,-0.005808765377898317
2009-08-28 00:00:00,0.005648147822155725
2009-08-31 00:00:00,-0.008788007460364344
2009-09-01 00:00:00,0.004146628288384191
2009-09-02 00:00:00,-0.010952199124653617
2009-09-03 00:00:00,0.008519899070866588
2009-09-04 00:00:00,0.007956795354686408
2009-09-07 00:00:00,-0.0032304217846099714
2009-09-08 00:00:00,0.009021746945393705
2009-09-09 00:00:00,-0.001195387369646972
2009-09-10 00:00:00,0.0002749124730316854
2009-09-11 00:00:00,-0.009060119897125185
2009-09-14 00:00:00,-0.011306741022740985
2009-09-15 00:00:00,0.004608600693150722
2009-09-16 00:00:00,0.0034967343326361977
2009-09-17 00:00:00,0.005743346417634632
2009-09-18 00:00:00,-0.00554561931316333
2009-09-21 00:00:00,0.0033149734921722462
2009-09-22 00:00:00,-0.003188386035148927
2009-09-23 00:00:00,-0.0034063608592457273
2009-09-24 00:00:00,-8.780332667923663e-05
2009-09-25 00:00:00,-0.008598724840677363
2009-09-28 00:00:00,-0.014669857641964823
2009-09-29 00:00:00,0.011964034488598285
2009-09-30 00:00:00,0.009195769133744314
2009-10-09 00:00:00,-0.0006797647657682537
2009-10-12 00:00:00,0.004305010003963439
2009-10-13 00:00:00,0.002157453030608991
2009-10-14 00:00:00,0.0019092590100326934
2009-10-15 00:00:00,-0.0036620758344491078
2009-10-16 00:00:00,0.0014265802306900888
2009-10-19 00:00:00,0.0029797355302492168
2009-10-20 00:00:00,0.003459865525819117
2009-10-21 00:00:00,-0.00413270313600167
2009-10-22 00:00:00,0.0005706622482024581
2009-10-23 00:00:00,0.007291924403215466
2009-10-26 00:00:00,0.010258181268486766
2009-10-27 00:00:00,-0.003182437071338029
2009-10-28 00:00:00,0.005269355965781486
2009-10-29 00:00:00,-0.009491736741330525
2009-10-30 00:00:00,0.006823508399576683
2009-11-02 00:00:00,-0.0026024848172667703
2009-11-03 00:00:00,-0.0005240005309588014
2009-11-04 00:00:00,0.002659996100701223
2009-11-05 00:00:00,-0.0020723840334212484
2009-11-06 00:00:00,0.0016253791147846641
2009-11-09 00:00:00,-0.0005980713039162033
2009-11-10 00:00:00,-0.003681625104091424
2009-11-11 00:00:00,0.0009050435651023481
2009-11-12 00:00:00,0.0011179931614186955
2009-11-13 00:00:00,0.0010152709566133566
2009-11-16 00:00:00,0.008943963532814347
2009-11-17 00:00:00,0.0019194875002319645
2009-11-18 00:00:00,0.008141991058514542
2009-11-19 00:00:00,0.005127085496746897
2009-11-20 00:00:00,0.0037624357720151824
2009-11-23 00:00:00,0.014997950212513933
2009-11-24 00:00:00,-0.017274161615178807
2009-11-25 00:00:00,0.006392224519859768
2009-11-26 00:00:00,5.521719258028135e-05
2009-11-27 00:00:00,-0.012096025952906375
2009-11-30 00:00:00,0.008059504059505507
2009-12-01 00:00:00,0.002939567437195034
2009-12-02 00:00:00,0.004964313189288472
2009-12-03 00:00:00,0.007461025520407505
2009-12-04 00:00:00,-0.0008187976898449412
2009-12-07 00:00:00,0.013743962653215203
2009-12-08 00:00:00,0.006115036529322326
2009-12-09 00:00:00,-0.011634381752071987
2009-12-10 00:00:00,0.012347267196876066
2009-12-11 00:00:00,0.0051343128135430405
2009-12-14 00:00:00,0.017631765944581046
2009-12-15 00:00:00,-0.006323017479528792
2009-12-16 00:00:00,0.0004350269512809479
2009-12-17 00:00:00,-0.0016309885809926428
2009-12-18 00:00:00,-0.0052139598634556306
2009-12-21 00:00:00,-0.001973873146944416
2009-12-22 00:00:00,0.0017976615241159788
2009-12-23 00:00:00,0.0007096696675052971
2009-12-24 00:00:00,0.008409440537386459
2009-12-25 00:00:00,0.004230902053978802
2009-12-28 00:00:00,0.017974939788455657
2009-12-29 00:00:00,0.01453121460875928
2009-12-30 00:00:00,0.0021862715237281893
2009-12-31 00:00:00,0.010217684524550963
2010-01-04 00:00:00,-0.008486297722240743
2010-01-05 00:00:00,0.018561302375847077
2010-01-06 00:00:00,0.035904819947683464
2010-01-07 00:00:00,-0.017656220464857375
2010-01-08 00:00:00,-0.015760916761147215
2010-01-11 00:00:00,0.04123058262189683
2010-01-12 00:00:00,-0.0008446550360572402
2010-01-13 00:00:00,-0.04383115980141916
2010-01-14 00:00:00,0.010442102645794149
2010-01-15 00:00:00,0.00165087360631766
2010-01-18 00:00:00,0.005721550468410053
2010-01-19 00:00:00,0.00539078145131322
2010-01-20 00:00:00,-0.01715309299810741
2010-01-21 00:00:00,0.0022235286293497136
2010-01-22 00:00:00,-0.02284761635955279
2010-01-25 00:00:00,0.008686692242035665
2010-01-26 00:00:00,-0.013019757780190488
2010-01-27 00:00:00,0.001549492620328996
2010-01-28 00:00:00,-0.04008025427936557
2010-01-29 00:00:00,-0.017450667045948665
2010-02-01 00:00:00,0.00999808945523184
2010-02-02 00:00:00,0.0028182362521942395
2010-02-03 00:00:00,0.022574470684475267
2010-02-04 00:00:00,-0.01204265785636216
2010-02-05 00:00:00,-0.013962127363919663
2010-02-08 00:00:00,0.00229314190700447
2010-02-09 00:00:00,0.009117311244300375
2010-02-10 00:00:00,0.010610770214247722
2010-02-11 00:00:00,0.0013790522328647192
2010-02-12 00:00:00,0.011111769853944464
2010-02-22 00:00:00,0.009711587354012119
2010-02-23 00:00:00,0.0029203055057869243
2010-02-24 00:00:00,-0.010726517564749294
2010-02-25 00:00:00,0.0009357041944471067
2010-02-26 00:00:00,-0.005903564174477904
2010-03-01 00:00:00,0.007322847747469385
2010-03-02 00:00:00,-0.01696201913903983
2010-03-03 00:00:00,0.007098763901002503
2010-03-04 00:00:00,0.0005730409632827005
2010-03-05 00:00:00,0.0037383458984421303
2010-03-08 00:00:00,0.010958178754195913
2010-03-09 00:00:00,-0.007501761129097173
2010-03-10 00:00:00,0.007639882396925257
2010-03-11 00:00:00,-0.008846721494669363
2010-03-12 00:00:00,0.000417583839342095
2010-03-15 00:00:00,-0.013486175968289604
2010-03-16 00:00:00,0.0030098495879271603
2010-03-17 00:00:00,0.007213895781780666
2010-03-18 00:00:00,-0.008308192115305646
2010-03-19 00:00:00,0.010510195396132627
2010-03-22 00:00:00,-0.009721966197289711
2010-03-23 00:00:00,-0.00426037321683892
2010-03-24 00:00:00,-0.004457810702832021
2010-03-25 00:00:00,-0.008295111748718997
2010-03-26 00:00:00,0.010558555289848837
2010-03-29 00:00:00,0.003678293009836464
2010-03-30 00:00:00,0.0025487978230274155
2010-03-31 00:00:00,-0.005090178825098768
2010-04-01 00:00:00,0.006572441372512561
2010-04-02 00:00:00,0.003023231848440444
2010-04-06 00:00:00,0.007471367219206382
2010-04-07 00:00:00,-0.0016348415591103116
2010-04-08 00:00:00,-0.009529913300997617
2010-04-09 00:00:00,0.004543357977868201
2010-04-12 00:00:00,0.012605855103203778
2010-04-13 00:00:00,-0.0016349718902094468
2010-04-14 00:00:00,0.004632441805500154
2010-04-15 00:00:00,-0.0013053348497694683
2010-04-16 00:00:00,-0.0005165909834069504
2010-04-19 00:00:00,-0.026005568425754855
2010-04-20 00:00:00,0.00708460050371329
2010-04-21 00:00:00,-0.0001943310401152365
2010-04-22 00:00:00,-0.0030326233461880348
2010-04-23 00:00:00,-0.004277615689426417
2010-04-26 00:00:00,0.003907835113798441
2010-04-27 00:00:00,-0.009795465904908651
2010-04-28 00:00:00,-0.020759881142815906
2010-04-29 00:00:00,0.0030424824317674126
2010-04-30 00:00:00,0.005311549461919141
2010-05-04 00:00:00,-0.007278299168135383
2010-05-05 00:00:00,-0.010500012938792103
2010-05-06 00:00:00,-0.006526727172412317
2010-05-07 00:00:00,-0.02022565297258616
2010-05-10 00:00:00,0.016124414208720683
2010-05-11 00:00:00,-0.0034922567310512465
2010-05-12 00:00:00,-0.003405493859281683
2010-05-13 00:00:00,0.005789909602470722
2010-05-14 00:00:00,-0.0015870028746584053
2010-05-17 00:00:00,-0.04069042864485484
2010-05-18 00:00:00,0.0063910570631648955
2010-05-19 00:00:00,-0.004128148831157752
2010-05-20 00:00:00,0.0029208973435528307
2010-05-21 00:00:00,-0.004177250395705934
2010-05-24 00:00:00,0.01335314955401845
2010-05-25 00:00:00,-0.007800604340813866
2010-05-26 00:00:00,0.003804093317340662
2010-05-27 00:00:00,0.001965146381843086
2010-05-28 00:00:00,0.007574424540039093
2010-05-31 00:00:00,-0.005303404332594797
2010-06-01 00:00:00,-0.008820075431127394
2010-06-02 00:00:00,-0.014220188331512729
2010-06-03 00:00:00,0.001799736532476448
2010-06-04 00:00:00,-0.012733281407284802
2010-06-07 00:00:00,-0.05069016344176436
2010-06-08 00:00:00,0.012881864644432861
2010-06-09 00:00:00,0.027662858323033834
2010-06-10 00:00:00,-0.009994214373998611
2010-06-11 00:00:00,0.011816822586274922
2010-06-17 00:00:00,-0.005004136501168155
2010-06-18 00:00:00,-0.0021273357824717065
2010-06-21 00:00:00,0.031612355900595634
2010-06-22 00:00:00,-0.014553334886977076
2010-06-23 00:00:00,0.0032009017492360403
2010-06-24 00:00:00,0.004990119250886105
2010-06-25 00:00:00,-0.0044951135067183845
2010-06-28 00:00:00,0.006013774715038389
2010-06-29 00:00:00,-0.007801870510869668
2010-06-30 00:00:00,-0.005337838300121356
2010-07-01 00:00:00,-0.005851194566214302
2010-07-02 00:00:00,0.01228741407154299
2010-07-05 00:00:00,0.001811264788051048
2010-07-06 00:00:00,0.0007503976438056892
2010-07-07 00:00:00,-0.00024367986014728338
2010-07-08 00:00:00,0.0054536085434233605
2010-07-09 00:00:00,0.0001724169926311525
2010-07-12 00:00:00,-0.005253707599428892
2010-07-13 00:00:00,-0.0058444046703099994
2010-07-14 00:00:00,0.006616987197653135
2010-07-15 00:00:00,-4.6989707160771665e-05
2010-07-16 00:00:00,0.007149199613787127
2010-07-19 00:00:00,-0.005559929018895016
2010-07-20 00:00:00,0.008282319806866889
2010-07-21 00:00:00,-0.0005902814178024851
2010-07-22 00:00:00,0.0019152023610262692
2010-07-23 00:00:00,0.015598078810019622
2010-07-26 00:00:00,0.008363069665886291
2010-07-27 00:00:00,-0.005580795416755491
2010-07-28 00:00:00,0.012233558830248459
2010-07-29 00:00:00,-0.005715505840339086
2010-07-30 00:00:00,-0.0024102223653250654
2010-08-02 00:00:00,0.018583851617843372
2010-08-03 00:00:00,-0.0016248708059315442
2010-08-04 00:00:00,-0.00043110982812422094
2010-08-05 00:00:00,-0.00109266674865105
2010-08-06 00:00:00,0.0012907821377619033
2010-08-09 00:00:00,0.004345236150091525
2010-08-10 00:00:00,-0.012869890567660969
2010-08-11 00:00:00,-0.003496208767371445
2010-08-12 00:00:00,-0.007670749525317211
2010-08-13 00:00:00,0.012580975788279547
2010-08-16 00:00:00,-0.001477931578285796
2010-08-17 00:00:00,0.0027749164325578946
2010-08-18 00:00:00,-0.001463022331232855
2010-08-19 00:00:00,0.0005383544321675426
2010-08-20 00:00:00,-0.01187950088617118
2010-08-23 00:00:00,0.0008743495997012296
2010-08-24 00:00:00,-0.0012659560706846928
2010-08-25 00:00:00,0.0009390122290164893
2010-08-26 00:00:00,0.0010405657653451694
2010-08-27 00:00:00,9.046301131077072e-05
2010-08-30 00:00:00,0.01381888395954367
2010-08-31 00:00:00,-0.009967422124652736
2010-09-01 00:00:00,0.006865358526817245
2010-09-02 00:00:00,0.004493643073970377
2010-09-03 00:00:00,0.0026564069923311617
2010-09-06 00:00:00,0.008704052461440126
2010-09-07 00:00:00,0.0026746075862567054
2010-09-08 00:00:00,-0.0024954850759311142
2010-09-09 00:00:00,-0.014079965625966251
2010-09-10 00:00:00,0.012677006487083586
2010-09-13 00:00:00,-0.00047704293696537725
2010-09-14 00:00:00,-0.007919001001415626
2010-09-15 00:00:00,-0.0013636493230421154
2010-09-16 00:00:00,0.0013458558612693405
2010-09-17 00:00:00,0.004183681830470354
2010-09-20 00:00:00,0.004940276550289724
2010-09-21 00:00:00,-0.0027993159231645137
2010-09-27 00:00:00,0.015419645971030738
2010-09-28 00:00:00,-0.002527564100525903
2010-09-29 00:00:00,0.004215057522903631
2010-09-30 00:00:00,-0.004850364162208076
2010-10-08 00:00:00,0.006655382596480797
2010-10-11 00:00:00,0.03396798465755935
2010-10-12 00:00:00,-0.010100419377584324
2010-10-13 00:00:00,0.00828135371052885
2010-10-14 00:00:00,0.0007244166848987543
2010-10-15 00:00:00,-0.0009025399712848658
2010-10-18 00:00:00,-0.009899438191841137
2010-10-19 00:00:00,0.006075286249260348
2010-10-20 00:00:00,-0.009166114622899513
2010-10-21 00:00:00,0.00014048414551948163
2010-10-22 00:00:00,0.013326189126731336
2010-10-25 00:00:00,0.014428406140241323
2010-10-26 00:00:00,-0.005583068863924123
2010-10-27 00:00:00,-0.012717318438718928
2010-10-28 00:00:00,-0.00020469133695555364
2010-10-29 00:00:00,-4.322720626470655e-05
2010-11-01 00:00:00,0.009957915936028128
2010-11-02 00:00:00,-0.002156551752963587
2010-11-03 00:00:00,0.0014964612660748333
2010-11-04 00:00:00,0.008932757840620864
2010-11-05 00:00:00,0.021387624394031857
2010-11-08 00:00:00,-0.009174161557989668
2010-11-09 00:00:00,0.004929155095252602
2010-11-10 00:00:00,-0.0008255005893323952
2010-11-11 00:00:00,0.005402210028619958
2010-11-12 00:00:00,-0.027331290170651057
2010-11-15 00:00:00,0.006050307735759652
2010-11-16 00:00:00,-0.0057450159823631
2010-11-17 00:00:00,-0.04167026198770163
2010-11-18 00:00:00,0.027851002201348285
2010-11-19 00:00:00,0.006693260952358671
2010-11-22 00:00:00,-0.00551095111454003
2010-11-23 00:00:00,-0.013264453027335477
2010-11-24 00:00:00,0.0075557824579692845
2010-11-25 00:00:00,-0.0031290987399050785
2010-11-26 00:00:00,-0.0034945163899984255
2010-11-29 00:00:00,0.0029648687541532492
2010-11-30 00:00:00,-0.0005433264909293634
2010-12-01 00:00:00,0.00032759108041657825
2010-12-02 00:00:00,0.00935706407269854
2010-12-03 00:00:00,-0.0016922260909436604
2010-12-06 00:00:00,0.001915099627004313
2010-12-07 00:00:00,-0.0002147824671350218
2010-12-08 00:00:00,-0.007282241825917635
2010-12-09 00:00:00,0.005570213626472809
2010-12-10 00:00:00,0.00010683047991544292
2010-12-13 00:00:00,0.003465337325258444
2010-12-14 00:00:00,0.0004059052058449364
2010-12-15 00:00:00,0.0025043775809518998
2010-12-16 00:00:00,0.0021055033440324777
2010-12-17 00:00:00,0.0015848434935039624
2010-12-20 00:00:00,-0.0009730248720237755
2010-12-21 00:00:00,0.004656286233261309
2010-12-22 00:00:00,0.0035606852003504663
2010-12-23 00:00:00,0.0056726714015948865
2010-12-24 00:00:00,-0.001929272506756452
2010-12-27 00:00:00,-0.0023255638493338004
2010-12-28 00:00:00,0.0008473393539492058
2010-12-29 00:00:00,0.003067867831318516
2010-12-30 00:00:00,0.003831414834420066
2010-12-31 00:00:00,0.002243734716620205
2011-01-04 00:00:00,0.0049965276264685166
2011-01-05 00:00:00,-0.0032813848473962626
2011-01-06 00:00:00,0.006616714221667985
2011-01-07 00:00:00,-0.004725700404016764
2011-01-10 00:00:00,0.002466382667564604
2011-01-11 00:00:00,-0.0017303124764772582
2011-01-12 00:00:00,0.001947860713408911
2011-01-13 00:00:00,-0.0007466730626785045
2011-01-14 00:00:00,-0.003247262714772048
2011-01-17 00:00:00,-0.004718990716006566
2011-01-18 00:00:00,-0.0020513879329737694
2011-01-19 00:00:00,0.005767110253259711
2011-01-20 00:00:00,-0.003672908434467992
2011-01-21 00:00:00,0.0016082961603063328
2011-01-24 00:00:00,0.0007571158899886132
2011-01-25 00:00:00,-0.003496117730927395
2011-01-26 00:00:00,-0.0036869617297125012
2011-01-27 00:00:00,0.0030739411323637
2011-01-28 00:00:00,0.001334993240488025
2011-01-31 00:00:00,0.0084342737385954
2011-02-01 00:00:00,0.011759928982707946
2011-02-09 00:00:00,-0.00683367958722747
2011-02-10 00:00:00,0.0033803944812342834
2011-02-11 00:00:00,0.002853055284299577
2011-02-14 00:00:00,0.0028371831114264445
2011-02-15 00:00:00,-0.003748850861837405
2011-02-16 00:00:00,0.003473295367204088
2011-02-17 00:00:00,-0.0037475290588638854
2011-02-18 00:00:00,-0.0017832037789701216
2011-02-21 00:00:00,0.012885984954723817
2011-02-22 00:00:00,-0.008702777188653532
2011-02-23 00:00:00,-0.008442369833446928
2011-02-24 00:00:00,0.002976504631142296
2011-02-25 00:00:00,0.0028659395599022197
2011-02-28 00:00:00,0.0017505479591102269
2011-03-01 00:00:00,-0.006939761276034795
2011-03-02 00:00:00,-0.0004029916881812534
2011-03-03 00:00:00,-0.0022980157181630156
2011-03-04 00:00:00,0.0025255952111253865
2011-03-07 00:00:00,-0.005608042335862429
2011-03-08 00:00:00,-0.009633422257979696
2011-03-09 00:00:00,0.008492334187139683
2011-03-10 00:00:00,-0.0016058706710599946
2011-03-11 00:00:00,-0.0013540399999992792
2011-03-14 00:00:00,-0.005367294151184754
2011-03-15 00:00:00,-0.012468747392539892
2011-03-16 00:00:00,0.0057841087678160985
2011-03-17 00:00:00,-0.006373693555727922
2011-03-18 00:00:00,0.005741130352421964
2011-03-21 00:00:00,0.003981934086392247
2011-03-22 00:00:00,0.003551805924830509
2011-03-23 00:00:00,0.0035139458770589993
2011-03-24 00:00:00,0.0015390214285655457
2011-03-25 00:00:00,0.0031139854449615534
2011-03-28 00:00:00,-0.007558065494776334
2011-03-29 00:00:00,0.004943706248637492
2011-03-30 00:00:00,0.000310862083912955
2011-03-31 00:00:00,-0.002996003655827084
2011-04-01 00:00:00,-0.000717698507421094
2011-04-06 00:00:00,0.0038660401967995917
2011-04-07 00:00:00,0.0006772675425983365
2011-04-08 00:00:00,0.002390087362022175
2011-04-11 00:00:00,0.00032189746830435517
2011-04-12 00:00:00,-0.005481660842746039
2011-04-13 00:00:00,0.0005969760775550448
2011-04-14 00:00:00,-0.0033581058987449675
2011-04-15 00:00:00,-0.0009487856183538756
2011-04-18 00:00:00,0.0044507070499737456
2011-04-19 00:00:00,-0.008462255154466636
2011-04-20 00:00:00,0.008189193377072135
2011-04-21 00:00:00,-0.001752668620280895
2011-04-22 00:00:00,-0.0005521858671460045
2011-04-25 00:00:00,0.0003600128792684565
2011-04-26 00:00:00,0.0012158866868441365
2011-04-27 00:00:00,-0.0011845419543016211
2011-04-28 00:00:00,0.0018918590859282602
2011-04-29 00:00:00,-0.00010188056710247473
2011-05-03 00:00:00,0.00013434941465284567
2011-05-04 00:00:00,0.00038885520868547907
2011-05-05 00:00:00,-0.005691400367479171
2011-05-06 00:00:00,-0.00745124181202006
2011-05-09 00:00:00,0.005247661850578789
2011-05-10 00:00:00,0.0003998107308342824
2011-05-11 00:00:00,0.00037853543715504756
2011-05-12 00:00:00,-0.005038781671850234
2011-05-13 00:00:00,0.00620126350619965
2011-05-16 00:00:00,-0.0048191387182248135
2011-05-17 00:00:00,0.000814040078785716
2011-05-18 00:00:00,-0.005828496872281819
2011-05-19 00:00:00,0.0029540110583787804
2011-05-20 00:00:00,0.00011851218646086181
2011-05-23 00:00:00,-0.0034908590502426007
2011-05-24 00:00:00,0.008094105171286836
2011-05-25 00:00:00,7.888249078202847e-05
2011-05-26 00:00:00,0.0024429370698915154
2011-05-27 00:00:00,-0.000687383466723035
2011-05-30 00:00:00,0.0015920423261126526
2011-05-31 00:00:00,0.004872861317484656
2011-06-01 00:00:00,9.070827431556516e-05
2011-06-02 00:00:00,-0.0004082125588231733
2011-06-03 00:00:00,0.006274961126657708
2011-06-07 00:00:00,0.016079499521670204
2011-06-08 00:00:00,-0.004258425103704666
2011-06-09 00:00:00,-0.0005582448261748363
2011-06-10 00:00:00,9.333018002211091e-05
2011-06-13 00:00:00,-0.0036956341289349215
2011-06-14 00:00:00,0.0014432795208580984
2011-06-15 00:00:00,-0.0005668591532508316
2011-06-16 00:00:00,-0.01029577204308385
2011-06-17 00:00:00,0.0019471149235201768
2011-06-20 00:00:00,-0.002551514851736769
2011-06-21 00:00:00,0.0077104047784219976
2011-06-22 00:00:00,-0.0009684241355665257
2011-06-23 00:00:00,0.0013433352530078935
2011-06-24 00:00:00,0.0012866990307194293
2011-06-27 00:00:00,-0.00348556428094704
2011-06-28 00:00:00,0.0036953709922935563
2011-06-29 00:00:00,0.003320742582028524
2011-06-30 00:00:00,0.00448164533810913
2011-07-01 00:00:00,0.0037827166266308776
2011-07-04 00:00:00,0.006422908014960482
2011-07-05 00:00:00,-0.0035456748049600417
2011-07-06 00:00:00,0.004970520478217999
2011-07-07 00:00:00,-0.001457946314540104
2011-07-08 00:00:00,0.0008258756655550314
2011-07-11 00:00:00,-0.0037827593358531475
2011-07-12 00:00:00,-0.004532013257814271
2011-07-13 00:00:00,0.007938330208399735
2011-07-14 00:00:00,-0.0013140700221588864
2011-07-15 00:00:00,0.005956094015957092
2011-07-18 00:00:00,0.01112213103459947
2011-07-19 00:00:00,-0.00022417363404159119
2011-07-20 00:00:00,-0.001340837720278043
2011-07-21 00:00:00,-0.00646312688872408
2011-07-22 00:00:00,0.007028113803255076
2011-07-25 00:00:00,-0.001777121554745631
2011-07-26 00:00:00,0.02240503062308985
2011-07-27 00:00:00,0.014420709587117608
2011-07-28 00:00:00,0.002026440397651097
2011-07-29 00:00:00,-0.005092393286020402
2011-08-01 00:00:00,0.014454885311198318
2011-08-02 00:00:00,-0.009512858695243875
2011-08-03 00:00:00,0.010934620399758455
2011-08-04 00:00:00,-0.020786645872392318
2011-08-05 00:00:00,-0.035675347827350934
2011-08-08 00:00:00,-0.024955954169418315
2011-08-09 00:00:00,0.009316775368989783
2011-08-10 00:00:00,0.01975425351007809
2011-08-11 00:00:00,0.0026478181490896535
2011-08-12 00:00:00,-0.01010192281083766
2011-08-15 00:00:00,0.0004448919107482574
2011-08-16 00:00:00,-0.010843712877418588
2011-08-17 00:00:00,0.007646795280636276
2011-08-18 00:00:00,-0.006103122107845804
2011-08-19 00:00:00,0.003413989185506505
2011-08-22 00:00:00,-0.0027520088170897017
2011-08-23 00:00:00,0.0044883109935029974
2011-08-24 00:00:00,-0.0004934632546365059
2011-08-25 00:00:00,0.001953839492727205
2011-08-26 00:00:00,0.003400776356270452
2011-08-29 00:00:00,-0.0006406546104008592
2011-08-30 00:00:00,0.004353524091399663
2011-08-31 00:00:00,0.0018280283997567093
2011-09-01 00:00:00,-0.0005951369781668214
2011-09-02 00:00:00,-0.0009288428115986624
2011-09-05 00:00:00,-0.005026508504275329
2011-09-06 00:00:00,-0.0031003446177839677
2011-09-07 00:00:00,0.006245436659989556
2011-09-08 00:00:00,0.0007682828463508873
2011-09-09 00:00:00,0.002627899439173298
2011-09-13 00:00:00,-0.005480166755119087
2011-09-14 00:00:00,-0.006889973990293674
2011-09-15 00:00:00,0.0026930500779405175
2011-09-16 00:00:00,-0.0005718266318277543
2011-09-19 00:00:00,-0.014465983844802022
2011-09-20 00:00:00,0.00467134315768436
2011-09-21 00:00:00,0.005401819551430709
2011-09-22 00:00:00,-0.01031853442616959
2011-09-23 00:00:00,-0.03042454578975151
2011-09-26 00:00:00,-0.02721664983932648
2011-09-27 00:00:00,0.031770295595030085
2011-09-28 00:00:00,0.0035653607341916693
2011-09-29 00:00:00,-0.008508124657576777
2011-09-30 00:00:00,0.009571404068705158
2011-10-10 00:00:00,0.001416845686538215
2011-10-11 00:00:00,0.0006225942487447789
2011-10-12 00:00:00,0.002465482517838069
2011-10-13 00:00:00,-0.005154583708828708
2011-10-14 00:00:00,0.0015519595272242004
2011-10-17 00:00:00,-0.0036204493204241572
2011-10-18 00:00:00,-0.01385158498922845
2011-10-19 00:00:00,0.0015221417467907727
2011-10-20 00:00:00,-0.018654803819356136
2011-10-21 00:00:00,0.007194656281054312
2011-10-24 00:00:00,0.01711843524259593
2011-10-25 00:00:00,-0.0070129649528722915
2011-10-26 00:00:00,-0.00027540971188300123
2011-10-27 00:00:00,0.0035592164067821397
2011-10-28 00:00:00,0.003220282444196698
2011-10-31 00:00:00,-0.006625229694504742
2011-11-01 00:00:00,-0.002635622004524496
2011-11-02 00:00:00,-0.003690653242860331
2011-11-03 00:00:00,-0.008142971013716305
2011-11-04 00:00:00,0.014333484181090927
2011-11-07 00:00:00,-0.005930533031302643
2011-11-08 00:00:00,-0.0025375709631374477
2011-11-09 00:00:00,0.0022511004999492545
2011-11-10 00:00:00,-0.019159304090641815
2011-11-11 00:00:00,0.011472611180419978
2011-11-14 00:00:00,0.010485245371915308
2011-11-15 00:00:00,-0.005426428225244306
2011-11-16 00:00:00,-0.005975755594522236
2011-11-17 00:00:00,0.0017059858916144144
2011-11-18 00:00:00,-0.008908987291909809
2011-11-21 00:00:00,-9.216296753233877e-05
2011-11-22 00:00:00,-0.0027461031697499916
2011-11-23 00:00:00,-0.00534219196259722
2011-11-24 00:00:00,0.0002825450453616263
2011-11-25 00:00:00,-0.004863126688893549
2011-11-28 00:00:00,0.0019113754040809283
2011-11-29 00:00:00,0.004181452163038335
2011-11-30 00:00:00,-0.004331212477547419
2011-12-01 00:00:00,0.022082735574488144
2011-12-02 00:00:00,0.002806738470491288
2011-12-05 00:00:00,-0.0019671460468214663
2011-12-06 00:00:00,-0.003032081775196649
2011-12-07 00:00:00,0.0012645131041317814
2011-12-08 00:00:00,-0.0025564949798567715
2011-12-09 00:00:00,-0.001125903560102559
2011-12-12 00:00:00,-0.0007819102674548883
2011-12-13 00:00:00,-0.00695840855605856
2011-12-14 00:00:00,-0.008745380298233019
2011-12-15 00:00:00,-0.011501066941162152
2011-12-16 00:00:00,0.011517340203761162
2011-12-19 00:00:00,-0.007021949615247602
2011-12-20 00:00:00,0.0009379098594188839
2011-12-21 00:00:00,0.005373839695118399
2011-12-22 00:00:00,-0.0027097763917632856
2011-12-23 00:00:00,0.006819280797264238
2011-12-26 00:00:00,-0.00598254209279403
2011-12-27 00:00:00,0.0034902565239085526
2011-12-28 00:00:00,0.0028930463510501436
2011-12-29 00:00:00,-0.0034271774718798165
2011-12-30 00:00:00,-4.123594858107538e-05
2012-01-04 00:00:00,0.0031964881834030123
2012-01-05 00:00:00,0.0023890379001918483
2012-01-06 00:00:00,-0.001915537452439331
2012-01-09 00:00:00,0.0011585111080736343
2012-01-10 00:00:00,0.008739086694720788
2012-01-11 00:00:00,0.009555089727745658
2012-01-12 00:00:00,-0.0019208437600866102
2012-01-13 00:00:00,-0.00013088544031236715
2012-01-16 00:00:00,5.514448348420409e-05
2012-01-17 00:00:00,0.010210763430651859
2012-01-18 00:00:00,0.00022420715834847726
2012-01-19 00:00:00,-5.4205402967411054e-05
2012-01-20 00:00:00,0.0005238449789006783
2012-01-30 00:00:00,-0.00625132950752616
2012-01-31 00:00:00,0.001876504121003597
2012-02-01 00:00:00,-0.0050568096883946145
2012-02-02 00:00:00,0.0029306055774036555
2012-02-03 00:00:00,-0.00425217215545981
2012-02-06 00:00:00,0.001752123279671558
2012-02-07 00:00:00,-0.004057545162075793
2012-02-08 00:00:00,0.006535294972721539
2012-02-09 00:00:00,-0.004089699823165094
2012-02-10 00:00:00,0.0026513586533192246
2012-02-13 00:00:00,-0.0017498803035274069
2012-02-14 00:00:00,-0.003787546372197692
2012-02-15 00:00:00,0.0005770836947727176
2012-02-16 00:00:00,-0.004126552125795713
2012-02-17 00:00:00,0.002848150357656287
2012-02-20 00:00:00,-0.001991922166433402
2012-02-21 00:00:00,0.002859337794812955
2012-02-22 00:00:00,0.004254246323287525
2012-02-23 00:00:00,-0.0019536316419171973
2012-02-24 00:00:00,-0.0029512650648515493
2012-02-27 00:00:00,0.00533828443165274
2012-02-28 00:00:00,0.000607703530643322
2012-02-29 00:00:00,-0.0007566783831650659
2012-03-01 00:00:00,-0.0035432660402636706
2012-03-02 00:00:00,0.004914687782435756
2012-03-05 00:00:00,-0.0024548019421398726
2012-03-06 00:00:00,-0.0028813994201570825
2012-03-07 00:00:00,-0.0009131907787101046
2012-03-08 00:00:00,-0.000466118072709909
2012-03-09 00:00:00,0.0030136888336569356
2012-03-12 00:00:00,-0.00652660214274059
2012-03-13 00:00:00,0.007433333742056014
2012-03-14 00:00:00,-0.0020441281368860365
2012-03-15 00:00:00,0.0005291135168370431
2012-03-16 00:00:00,0.00130797930890858
2012-03-19 00:00:00,0.0008634305970394163
2012-03-20 00:00:00,7.265902975439609e-05
2012-03-21 00:00:00,3.788030703244516e-05
2012-03-22 00:00:00,-0.0032556289622139856
2012-03-23 00:00:00,0.00040384791328285097
2012-03-26 00:00:00,0.0019330473823511163
2012-03-27 00:00:00,0.0004865388861809983
2012-03-28 00:00:00,-0.0027625252823905155
2012-03-29 00:00:00,-0.000809079885487396
2012-03-30 00:00:00,-0.00019615967931385647
2012-04-05 00:00:00,-0.004189411163652679
2012-04-06 00:00:00,0.0062099942132443076
2012-04-09 00:00:00,-0.0009032047068306959
2012-04-10 00:00:00,-0.0017765686566059147
2012-04-11 00:00:00,-0.0049624814840604214
2012-04-12 00:00:00,0.0017476435681906821
2012-04-13 00:00:00,0.0014387732202900683
2012-04-16 00:00:00,-0.0050689658531978266
2012-04-17 00:00:00,0.0007789802119704259
2012-04-18 00:00:00,0.003936305854034261
2012-04-19 00:00:00,-0.002165758899369985
2012-04-20 00:00:00,0.0004105042400335268
2012-04-23 00:00:00,0.00032140680048242665
2012-04-24 00:00:00,0.0034944766416629136
2012-04-25 00:00:00,8.76429830651837e-05
2012-04-26 00:00:00,0.001699915489264292
2012-04-27 00:00:00,-8.671356908918071e-05
2012-05-02 00:00:00,0.0075103110088394764
2012-05-03 00:00:00,0.0005646845161810798
2012-05-04 00:00:00,-0.0004290014659891206
2012-05-07 00:00:00,-0.003051215774388938
2012-05-08 00:00:00,-0.001881917669672717
2012-05-09 00:00:00,-0.004506311758910031
2012-05-10 00:00:00,-0.00046509222408341877
2012-05-11 00:00:00,-0.004132303691398942
2012-05-14 00:00:00,-0.004318872463528689
2012-05-15 00:00:00,0.0014029533200781152
2012-05-16 00:00:00,-0.006334579439648991
2012-05-17 00:00:00,0.007979932951851287
2012-05-18 00:00:00,-0.0014844099988834403
2012-05-21 00:00:00,0.006729862755678662
2012-05-22 00:00:00,-0.004294587458055887
2012-05-23 00:00:00,-0.0037179197606130865
2012-05-24 00:00:00,-0.0021438046889070694
2012-05-25 00:00:00,0.003658043014574508
2012-05-28 00:00:00,0.0011361893054111505
2012-05-29 00:00:00,-0.0005875949850780993
2012-05-30 00:00:00,-0.0030389430008641583
2012-05-31 00:00:00,-0.0010187007375208612
2012-06-01 00:00:00,-0.001660447054383507
2012-06-04 00:00:00,-0.0046922085516527545
2012-06-05 00:00:00,0.004867341214735532
2012-06-06 00:00:00,-0.0019447908495053845
2012-06-07 00:00:00,-0.0012428892676878966
2012-06-08 00:00:00,-0.001158461122196086
2012-06-11 00:00:00,0.003161190899907851
2012-06-12 00:00:00,-0.003682477570185916
2012-06-13 00:00:00,0.0015030139825880084
2012-06-14 00:00:00,-0.0015966055054977835
2012-06-15 00:00:00,0.000855594867197329
2012-06-18 00:00:00,-0.002754965904032014
2012-06-19 00:00:00,-0.009827731467112799
2012-06-20 00:00:00,0.004985121375483015
2012-06-21 00:00:00,-0.012034484187099626
2012-06-25 00:00:00,-0.0023541788931841223
2012-06-26 00:00:00,-0.02756226927712857
2012-06-27 00:00:00,-0.0006861477562268847
2012-06-28 00:00:00,0.020034986094110696
2012-06-29 00:00:00,0.0009654499529991867
2012-07-02 00:00:00,0.0030354982452924784
2012-07-03 00:00:00,0.004609593169648818
2012-07-04 00:00:00,0.008886643941794059
2012-07-05 00:00:00,0.0014480221191470743
2012-07-06 00:00:00,-0.004462569334109601
2012-07-09 00:00:00,-0.005124793084709478
2012-07-10 00:00:00,-0.0003431347466651413
2012-07-11 00:00:00,-0.0014391071347137352
2012-07-12 00:00:00,-0.0016566058723538335
2012-07-13 00:00:00,0.0025726525153695334
2012-07-16 00:00:00,0.004991437789579889
2012-07-17 00:00:00,-0.0011590355910606753
2012-07-18 00:00:00,-0.0012004436451185097
2012-07-19 00:00:00,0.0031562433356675523
2012-07-20 00:00:00,-0.0015556585274386636
2012-07-23 00:00:00,-0.014108198848952536
2012-07-24 00:00:00,0.0017340701519479307
2012-07-25 00:00:00,-0.008677133514584656
2012-07-26 00:00:00,0.005569735322221492
2012-07-27 00:00:00,0.0079688319298159
2012-07-30 00:00:00,-0.0024260629488928043
2012-07-31 00:00:00,0.002830072502629788
2012-08-01 00:00:00,-0.004650924816839042
2012-08-02 00:00:00,-0.004307373070345011
2012-08-03 00:00:00,-0.0009469602873395377
2012-08-06 00:00:00,0.0015180488289794347
2012-08-07 00:00:00,0.00017733585826129605
2012-08-08 00:00:00,0.003660677501060583
2012-08-09 00:00:00,0.004765967685034012
2012-08-10 00:00:00,-0.004426331057761246
2012-08-13 00:00:00,-0.0019128949407344331
2012-08-14 00:00:00,-0.0005086551940266526
2012-08-15 00:00:00,-0.0012228625871487653
2012-08-16 00:00:00,-0.008984652350005562
2012-08-17 00:00:00,0.005161927114373688
2012-08-20 00:00:00,-0.00409749807330595
2012-08-21 00:00:00,0.0012236548408743886
2012-08-22 00:00:00,0.0014166079377782026
2012-08-23 00:00:00,0.005661172689866989
2012-08-24 00:00:00,-8.625267976147821e-05
2012-08-27 00:00:00,0.001139913777778112
2012-08-28 00:00:00,0.0014640628960687074
2012-08-29 00:00:00,0.0013323263268218977
2012-08-30 00:00:00,-0.0005437887621132509
2012-08-31 00:00:00,-0.0035848686780208805
2012-09-03 00:00:00,0.004941134407434822
2012-09-04 00:00:00,0.003668872209098062
2012-09-05 00:00:00,0.0009287362914489616
2012-09-06 00:00:00,0.007824652949419919
2012-09-07 00:00:00,1.5670117500032887e-05
2012-09-10 00:00:00,0.008340705417052341
2012-09-11 00:00:00,-0.001385310916515059
2012-09-12 00:00:00,0.00052851680974908
2012-09-13 00:00:00,-0.004501024253013353
2012-09-14 00:00:00,0.011399957487374213
2012-09-17 00:00:00,-0.0033228887486875802
2012-09-18 00:00:00,-0.003353645201998545
2012-09-19 00:00:00,0.004844581080247101
2012-09-20 00:00:00,-0.008594953055400811
2012-09-21 00:00:00,0.0021470402926173637
2012-09-24 00:00:00,-0.004841925455317364
2012-09-25 00:00:00,-0.0019167584293491302
2012-09-26 00:00:00,0.003377895165051603
2012-09-27 00:00:00,0.00036835216947306293
2012-09-28 00:00:00,0.004595765662377849
2012-10-08 00:00:00,-0.007025298042595884
2012-10-09 00:00:00,-0.002490877264870406
2012-10-10 00:00:00,-0.003898992352359909
2012-10-11 00:00:00,-0.0034433985935021783
2012-10-12 00:00:00,-0.0010853375973334245
2012-10-15 00:00:00,-0.0006052153506692637
2012-10-16 00:00:00,0.0014078462647335588
2012-10-17 00:00:00,-0.0009267479739967222
2012-10-18 00:00:00,0.0038079062535461006
2012-10-19 00:00:00,-0.001962923339693279
2012-10-22 00:00:00,-0.003446398765943881
2012-10-23 00:00:00,-0.00368758465732133
2012-10-24 00:00:00,0.0019443513442294336
2012-10-25 00:00:00,-0.0018083825784933616
2012-10-26 00:00:00,-0.004011388416547135
2012-10-29 00:00:00,0.002462114005197691
2012-10-30 00:00:00,-0.005384844374705211
2012-10-31 00:00:00,0.0035979572112412317
2012-11-01 00:00:00,-0.0005255703477708984
2012-11-02 00:00:00,0.001598313665911899
2012-11-05 00:00:00,-0.004304635962310122
2012-11-06 00:00:00,0.0005064080197476617
2012-11-07 00:00:00,0.0016888516775632745
2012-11-08 00:00:00,-0.003217536524115716
2012-11-09 00:00:00,-0.0024578595244459933
2012-11-12 00:00:00,-0.0003967534756903479
2012-11-13 00:00:00,0.002232794144862549
2012-11-14 00:00:00,0.0041022470569820335
2012-11-15 00:00:00,0.004754552765776854
2012-11-16 00:00:00,0.00022394225274391388
2012-11-19 00:00:00,-0.002832914921841456
2012-11-20 00:00:00,-0.0015852187576407273
2012-11-21 00:00:00,-0.0021696906811029537
2012-11-22 00:00:00,0.0010866155553694856
2012-11-23 00:00:00,9.856909249084111e-05
2012-11-26 00:00:00,0.002665892007119419
2012-11-27 00:00:00,0.0005683339583610891
2012-11-28 00:00:00,-0.000175709398041346
2012-11-29 00:00:00,-0.00017316103369757752
2012-11-30 00:00:00,0.007559059223701814
2012-12-03 00:00:00,-0.0027148748207506124
2012-12-04 00:00:00,-0.003758828373658152
2012-12-05 00:00:00,0.0001081946572207837
2012-12-06 00:00:00,-0.0047258694023805115
2012-12-07 00:00:00,0.000489023731589544
2012-12-10 00:00:00,0.0014369551504485045
2012-12-11 00:00:00,-0.003915120139008743
2012-12-12 00:00:00,1.4706603810754615e-05
2012-12-13 00:00:00,0.0021684224499367577
2012-12-14 00:00:00,0.0002011363461658089
2012-12-17 00:00:00,0.00011988245950944609
2012-12-18 00:00:00,-0.00418509789378696
2012-12-19 00:00:00,-0.0003547833196653194
2012-12-20 00:00:00,-0.0018020109943551743
2012-12-21 00:00:00,0.0005913425434098674
2012-12-24 00:00:00,0.0008780935946415269
2012-12-25 00:00:00,0.001961285951614933
2012-12-26 00:00:00,-0.000768467769678427
2012-12-27 00:00:00,0.0024713716810012
2012-12-28 00:00:00,0.0003601888299133993
2012-12-31 00:00:00,0.001386012521861879
2013-01-04 00:00:00,-0.0018329018220758497
2013-01-07 00:00:00,-0.0031722534929087276
2013-01-08 00:00:00,-0.0014976391854518711
2013-01-09 00:00:00,8.445911078602819e-05
2013-01-10 00:00:00,0.0015466517380529066
2013-01-11 00:00:00,-0.0005909006717595977
2013-01-14 00:00:00,-0.0009113334486785529
2013-01-15 00:00:00,-0.006115316652298586
2013-01-16 00:00:00,0.00402189946615672
2013-01-17 00:00:00,0.00017987980045597318
2013-01-18 00:00:00,0.0027405908943307633
2013-01-21 00:00:00,-0.0017821313755331802
2013-01-22 00:00:00,0.0008813794725330837
2013-01-23 00:00:00,-0.0007378974824325812
2013-01-24 00:00:00,-0.001812529615698888
2013-01-25 00:00:00,0.0002762555191544447
2013-01-28 00:00:00,-0.003234534528474331
2013-01-29 00:00:00,0.0005568543315008778
2013-01-30 00:00:00,0.0028598964220267753
2013-01-31 00:00:00,0.003736470927309332
2013-02-01 00:00:00,-0.0030754795218319586
2013-02-04 00:00:00,0.0018913640125903797
2013-02-05 00:00:00,-0.0035484373012972803
2013-02-06 00:00:00,-0.0019068734539434695
2013-02-07 00:00:00,-0.0018030121043339786
2013-02-08 00:00:00,0.002480186215934266
2013-02-18 00:00:00,-0.0063629872221118156
2013-02-19 00:00:00,-0.0009752940782644659
2013-02-20 00:00:00,0.00011172415883820008
2013-02-21 00:00:00,-0.007527683238458094
2013-02-22 00:00:00,0.0002238783362660257
2013-02-25 00:00:00,-0.007555071852739292
2013-02-26 00:00:00,-0.0012829566185210695
2013-02-27 00:00:00,0.002897895091023006
2013-02-28 00:00:00,-0.002469233764728518
2013-03-01 00:00:00,-0.008468903299429287
2013-03-04 00:00:00,-0.006563944982337477
2013-03-05 00:00:00,0.006675381622484933
2013-03-06 00:00:00,0.008596577489281776
2013-03-07 00:00:00,0.006385133355040207
2013-03-08 00:00:00,0.001134578961343946
2013-03-11 00:00:00,-0.005963942802152733
2013-03-12 00:00:00,-0.004361770831148859
2013-03-13 00:00:00,0.0067412920805303145
2013-03-14 00:00:00,-0.003009577834442334
2013-03-15 00:00:00,-0.0022612685693186307
2013-03-18 00:00:00,-0.008178899643053184
2013-03-19 00:00:00,-0.0017378001739328797
2013-03-20 00:00:00,0.004301872299415699
2013-03-21 00:00:00,0.0016708406217502692
2013-03-22 00:00:00,-0.002155245264974237
2013-03-25 00:00:00,0.0013340266889738661
2013-03-26 00:00:00,-0.0008758561359309969
2013-03-27 00:00:00,-0.0033340433353789
2013-03-28 00:00:00,-0.001829811271390147
2013-03-29 00:00:00,-0.0009483244714154626
2013-04-01 00:00:00,-0.004184697207188615
2013-04-02 00:00:00,0.004733107319256025
2013-04-03 00:00:00,-0.00354311708305155
2013-04-08 00:00:00,0.0052555116324732865
2013-04-09 00:00:00,0.0012739740442380132
2013-04-10 00:00:00,0.00126823304563084
2013-04-11 00:00:00,0.003875466256304083
2013-04-12 00:00:00,-0.0008453405475755682
2013-04-15 00:00:00,-0.014203174958950293
2013-04-16 00:00:00,0.005485268467914528
2013-04-17 00:00:00,-0.0014836032749868666
2013-04-18 00:00:00,-0.0019889550231463327
2013-04-19 00:00:00,0.004321108055948875
2013-04-22 00:00:00,-0.005375300748371892
2013-04-23 00:00:00,0.0028518185865880064
2013-04-24 00:00:00,0.002655125831010352
2013-04-25 00:00:00,0.0019857356565866624
2013-04-26 00:00:00,0.0007881752774190343
2013-05-02 00:00:00,-0.011985322675795995
2013-05-03 00:00:00,0.0043210641051008025
2013-05-06 00:00:00,0.0046862951587545165
2013-05-07 00:00:00,-0.0027017731987747373
2013-05-08 00:00:00,0.004577886378266394
2013-05-09 00:00:00,-3.7771233649896985e-05
2013-05-10 00:00:00,0.0013144079226397043
2013-05-13 00:00:00,-0.0037013055645613857
2013-05-14 00:00:00,-0.0012501097834682895
2013-05-15 00:00:00,-0.00200806189827496
2013-05-16 00:00:00,-0.0009187039939100305
2013-05-17 00:00:00,0.0025999743975380074
2013-05-20 00:00:00,-0.0010712521586332402
2013-05-21 00:00:00,0.003466462043619334
2013-05-22 00:00:00,0.004129842125233152
2013-05-23 00:00:00,-0.003273909486948723
2013-05-24 00:00:00,0.002679041539560334
2013-05-27 00:00:00,-0.0025248360906976464
2013-05-28 00:00:00,0.0004489751511569384
2013-05-29 00:00:00,0.0016728926344149464
2013-05-30 00:00:00,0.0029748111236611585
2013-05-31 00:00:00,0.009412196739638556
2013-06-03 00:00:00,0.004672696120880504
2013-06-04 00:00:00,-0.003154114464989921
2013-06-05 00:00:00,0.006938483555629427
2013-06-06 00:00:00,-0.003353312595117175
2013-06-07 00:00:00,0.0021265723842043283
2013-06-13 00:00:00,-0.014312255079161229
2013-06-14 00:00:00,-0.002703572430310719
2013-06-17 00:00:00,0.0006515867491252436
2013-06-18 00:00:00,-0.010764732912141417
2013-06-19 00:00:00,0.0011726365965876173
2013-06-20 00:00:00,-0.011633286632717343
2013-06-21 00:00:00,-0.00019305367666566653
2013-06-24 00:00:00,-0.007420899782986323
2013-06-25 00:00:00,0.002949321512250913
2013-06-26 00:00:00,-0.004571657354433545
2013-06-27 00:00:00,0.003430717780823267
2013-06-28 00:00:00,-0.004368626345157223
2013-07-01 00:00:00,0.0064029914218157735
2013-07-02 00:00:00,0.00324795818718826
2013-07-03 00:00:00,0.0014815933956024985
2013-07-04 00:00:00,-0.003959613682261498
2013-07-05 00:00:00,-0.001974889403913327
2013-07-08 00:00:00,-0.00659698311047352
2013-07-09 00:00:00,0.002040373399865958
2013-07-10 00:00:00,0.001843251021302894
2013-07-11 00:00:00,0.009294385860358911
2013-07-12 00:00:00,-0.004379641162353565
2013-07-15 00:00:00,9.605534617307399e-05
2013-07-16 00:00:00,3.9399961726527266e-05
2013-07-17 00:00:00,-0.0020611042283944503
2013-07-18 00:00:00,-0.0009858140525906833
2013-07-19 00:00:00,0.002945649371340231
2013-07-22 00:00:00,0.0021688271385142954
2013-07-23 00:00:00,0.0020862569505089024
2013-07-24 00:00:00,-0.0020422823113807054
2013-07-25 00:00:00,0.0017638217833606529
2013-07-26 00:00:00,-0.003046313644337051
2013-07-29 00:00:00,-0.006794621241006715
2013-07-30 00:00:00,-0.00038632329286891753
2013-07-31 00:00:00,-0.006052204773580816
2013-08-01 00:00:00,0.007527527008941437
2013-08-02 00:00:00,-0.0022387316605647634
2013-08-05 00:00:00,0.00013882167527334843
2013-08-06 00:00:00,-0.0006170571477700504
2013-08-07 00:00:00,-0.0026343362424066097
2013-08-08 00:00:00,0.00397027336383915
2013-08-09 00:00:00,0.005062354691820259
2013-08-12 00:00:00,0.006022627757493293
2013-08-13 00:00:00,0.00031113757844591916
2013-08-14 00:00:00,-0.004000957821174933
2013-08-15 00:00:00,0.004411910361322935
2013-08-16 00:00:00,0.003323531409540559
2013-08-19 00:00:00,0.0020916460772777423
2013-08-20 00:00:00,-0.006493608228819725
2013-08-21 00:00:00,0.0016647451003912739
2013-08-22 00:00:00,0.0003957615911220902
2013-08-23 00:00:00,0.0005501579365478904
2013-08-26 00:00:00,0.0023221556348738126
2013-08-27 00:00:00,-0.0020872924198667153
2013-08-28 00:00:00,-0.0015066520584438026
2013-08-29 00:00:00,-0.005038358386227126
2013-08-30 00:00:00,-0.006015102295522712
2013-09-02 00:00:00,0.0022578154315224808
2013-09-03 00:00:00,-0.0012123657332712146
2013-09-04 00:00:00,-0.0018843794545198023
2013-09-05 00:00:00,-0.005154255566570121
2013-09-06 00:00:00,0.002732793143303658
2013-09-09 00:00:00,0.002123390742037712
2013-09-10 00:00:00,-0.0037225292610999494
2013-09-11 00:00:00,0.001126427328269397
2013-09-12 00:00:00,-0.0008611873965344019
2013-09-13 00:00:00,0.004468178283467239
2013-09-16 00:00:00,-0.0031630133048659026
2013-09-17 00:00:00,-0.004138311943324369
2013-09-18 00:00:00,0.0010965363847301735
2013-09-23 00:00:00,0.0008326024008866728
2013-09-24 00:00:00,0.002771416176934549
2013-09-25 00:00:00,9.052648297869226e-06
2013-09-26 00:00:00,0.0022453878738273314
2013-09-27 00:00:00,0.001119470424205904
2013-09-30 00:00:00,0.002505869936723304
2013-10-08 00:00:00,0.0034482151208081735
2013-10-09 00:00:00,0.0002388962824630969
2013-10-10 00:00:00,-0.0003188699966870656
2013-10-11 00:00:00,0.006615473485762413
2013-10-14 00:00:00,-0.0017548868819619035
2013-10-15 00:00:00,-0.006627584715175439
2013-10-16 00:00:00,-0.0011405973877772757
2013-10-17 00:00:00,0.0019361911467630222
2013-10-18 00:00:00,0.0010206573744249159
2013-10-21 00:00:00,0.0016329493965145936
2013-10-22 00:00:00,0.000808045127106638
2013-10-23 00:00:00,0.0010402239253237688
2013-10-24 00:00:00,-0.00027613555812444623
2013-10-25 00:00:00,-0.0024608335359577183
2013-10-28 00:00:00,0.0044624963058927936
2013-10-29 00:00:00,0.002251873081426492
2013-10-30 00:00:00,-0.0003268092425441349
2013-10-31 00:00:00,-0.0034843667422876923
2013-11-01 00:00:00,0.001719146568527341
2013-11-04 00:00:00,-0.004169057805293308
2013-11-05 00:00:00,-0.0025876521546450704
2013-11-06 00:00:00,-0.001695723917453762
2013-11-07 00:00:00,0.0002454400302092097
2013-11-08 00:00:00,-4.105144411525874e-05
2013-11-11 00:00:00,-0.0003147639394422974
2013-11-12 00:00:00,-0.003589262678255656
2013-11-13 00:00:00,-0.0022001031162924845
2013-11-14 00:00:00,0.0001615161904608975
2013-11-15 00:00:00,-0.0023652802944128526
2013-11-18 00:00:00,0.0012404393175691197
2013-11-19 00:00:00,-0.0021847126693225194
2013-11-20 00:00:00,0.00521969675619105
2013-11-21 00:00:00,-0.005101260626521831
2013-11-22 00:00:00,-0.001388738852093785
2013-11-25 00:00:00,-0.0030080130533715055
2013-11-26 00:00:00,0.0001321067371464757
2013-11-27 00:00:00,-0.0005618325102174637
2013-11-28 00:00:00,-0.007157052379350715
2013-11-29 00:00:00,0.0005694750745008914
2013-12-02 00:00:00,-0.0010439116062391784
2013-12-03 00:00:00,-0.0011890376521001
2013-12-04 00:00:00,0.0009100358970235423
2013-12-05 00:00:00,0.003673129458551916
2013-12-06 00:00:00,-0.0015379314748044104
2013-12-09 00:00:00,0.003355608284992595
2013-12-10 00:00:00,0.0036234651066135992
2013-12-11 00:00:00,-0.0011988649134379026
2013-12-12 00:00:00,0.000364372156204551
2013-12-13 00:00:00,-0.005330174698702117
2013-12-16 00:00:00,0.0006238200468904331
2013-12-17 00:00:00,-0.0031852362059182626
2013-12-18 00:00:00,0.0008513777952712243
2013-12-19 00:00:00,0.0002312101154529067
2013-12-20 00:00:00,-0.00017598561443432637
2013-12-23 00:00:00,-0.0035741792317350862
2013-12-24 00:00:00,-0.002110566039077777
2013-12-25 00:00:00,0.0023786835328469813
2013-12-26 00:00:00,-0.002568419345331363
2013-12-27 00:00:00,0.003475039181567663
2013-12-30 00:00:00,0.004248951002987278
2013-12-31 00:00:00,-0.0023571924725509508
2014-01-02 00:00:00,0.0026820973036958407
2014-01-03 00:00:00,-0.0035089205956525538
2014-01-06 00:00:00,-0.00571677546771443
2014-01-07 00:00:00,-0.0005668182545724987
2014-01-08 00:00:00,-0.0038058759747516824
2014-01-09 00:00:00,-0.003626100840373958
2014-01-10 00:00:00,-0.001413953548707103
2014-01-13 00:00:00,-0.0030951557452620904
2014-01-14 00:00:00,-0.000775511472609125
2014-01-15 00:00:00,-0.004551494512521459
2014-01-16 00:00:00,0.00420636884907899
2014-01-17 00:00:00,0.0010087348191558654
2014-01-20 00:00:00,0.005356592491378764
2014-01-21 00:00:00,-0.0023181186178088398
2014-01-22 00:00:00,-0.0020703630811648166
2014-01-23 00:00:00,-0.004032985863547944
2014-01-24 00:00:00,-0.0033706310491160574
2014-01-27 00:00:00,-0.00652277206262053
2014-01-28 00:00:00,0.0024184116426038127
2014-01-29 00:00:00,-0.001897580236071006
2014-01-30 00:00:00,-0.0006966672582442435
2014-02-07 00:00:00,-0.013364173702062332
2014-02-10 00:00:00,0.0017636966333340887
2014-02-11 00:00:00,-0.008763769541962674
2014-02-12 00:00:00,0.005257451534525837
2014-02-13 00:00:00,0.003140729701348599
2014-02-14 00:00:00,0.005790347300822951
2014-02-17 00:00:00,0.005545254333701788
2014-02-18 00:00:00,-0.00820092569220876
2014-02-19 00:00:00,0.003289582633376087
2014-02-20 00:00:00,-0.0022417812471901
2014-02-21 00:00:00,0.0007045323597842934
2014-02-24 00:00:00,-0.007454346572796422
2014-02-25 00:00:00,-0.004244949314076485
2014-02-26 00:00:00,0.003802092284888925
2014-02-27 00:00:00,-0.0006607074894584564
2014-02-28 00:00:00,-0.0023407198102195492
2014-03-03 00:00:00,-0.007620818097748616
2014-03-04 00:00:00,0.002397299839873801
2014-03-05 00:00:00,0.002659431224400599
2014-03-06 00:00:00,-0.0041886890497323526
2014-03-07 00:00:00,-0.0009079664985418567
2014-03-10 00:00:00,-0.010707585554523558
2014-03-11 00:00:00,0.007390702872765775
2014-03-12 00:00:00,-0.001476077866761516
2014-03-13 00:00:00,-0.002112883378867836
2014-03-14 00:00:00,-0.004925349137079982
2014-03-17 00:00:00,-0.0033619899060320924
2014-03-18 00:00:00,-0.004049397958293843
2014-03-19 00:00:00,-0.008022902711882662
2014-03-20 00:00:00,-0.005799728287781858
2014-03-21 00:00:00,-0.003677254560947363
2014-03-24 00:00:00,-0.0013867143548915717
2014-03-25 00:00:00,0.010301948260853955
2014-03-26 00:00:00,0.005645999811319413
2014-03-27 00:00:00,-0.0023659566633619233
2014-03-28 00:00:00,0.009299421615807546
2014-03-31 00:00:00,-0.0017324916610790275
2014-04-01 00:00:00,0.0008521829140486492
2014-04-02 00:00:00,0.005059639991391807
2014-04-03 00:00:00,0.002624898908411666
2014-04-04 00:00:00,0.003231252937689888
2014-04-08 00:00:00,-0.0020690834598163788
2014-04-09 00:00:00,-0.005057442768702014
2014-04-10 00:00:00,0.008859439989550966
2014-04-11 00:00:00,0.006549495588116017
2014-04-14 00:00:00,-0.0009889384138759283
2014-04-15 00:00:00,-0.0020058901869781653
2014-04-16 00:00:00,-0.0003336290098368
2014-04-17 00:00:00,0.00436182751980585
2014-04-18 00:00:00,-0.001490004718079474
2014-04-21 00:00:00,-0.0014503920885180488
2014-04-22 00:00:00,0.0031886399635179252
2014-04-23 00:00:00,0.015394539409759211
2014-04-24 00:00:00,0.01403951184008534
2014-04-25 00:00:00,-0.007824961203289016
2014-04-28 00:00:00,-0.003363759545984224
2014-04-29 00:00:00,-0.0075560050533132195
2014-04-30 00:00:00,-0.006152955829112461
2014-05-05 00:00:00,-0.00894358911332882
2014-05-06 00:00:00,-0.0019280280469617939
2014-05-07 00:00:00,-0.007226872369603732
2014-05-08 00:00:00,-0.0028112365435009057
2014-05-09 00:00:00,0.008815920069187522
2014-05-12 00:00:00,0.0013647289172917798
2014-05-13 00:00:00,-0.0014150857657827531
2014-05-14 00:00:00,-0.0019411912065477877
2014-05-15 00:00:00,-0.0022796213478889493
2014-05-16 00:00:00,-0.001478257404737171
2014-05-19 00:00:00,0.005458952314980614
2014-05-20 00:00:00,-0.001391194192104095
2014-05-21 00:00:00,-0.004424853646527338
2014-05-22 00:00:00,0.004594992760002414
2014-05-23 00:00:00,0.02429871990261212
2014-05-26 00:00:00,0.0014891533371979015
2014-05-27 00:00:00,-0.006051066854029896
2014-05-28 00:00:00,0.003908239774292888
2014-05-29 00:00:00,-0.006032635384554674
2014-05-30 00:00:00,0.008867097174966032
2014-06-03 00:00:00,-0.002419354982114319
2014-06-04 00:00:00,-0.008040744497809782
2014-06-05 00:00:00,0.002575880961576571
2014-06-06 00:00:00,0.0020764974286087146
2014-06-09 00:00:00,0.01739277765018743
2014-06-10 00:00:00,-0.0030439757631717246
2014-06-11 00:00:00,0.002242807940492808
2014-06-12 00:00:00,-0.012910396212867603
2014-06-13 00:00:00,0.0008138401230808334
2014-06-16 00:00:00,-0.0016380893597616186
2014-06-17 00:00:00,0.0024423483918911693
2014-06-18 00:00:00,-0.005003806299299862
2014-06-19 00:00:00,0.005267552196983161
2014-06-20 00:00:00,0.007240315948796372
2014-06-23 00:00:00,-0.0028448124656748064
2014-06-24 00:00:00,-0.002863173454369039
2014-06-25 00:00:00,0.003627611292648991
2014-06-26 00:00:00,5.9970358667449375e-05
2014-06-27 00:00:00,-0.0032086753578181026
2014-06-30 00:00:00,-0.004321450295153184
2014-07-01 00:00:00,0.008982509638883807
2014-07-02 00:00:00,-0.004220510674227906
2014-07-03 00:00:00,0.00953598515784182
2014-07-04 00:00:00,0.000982375426448634
2014-07-07 00:00:00,-0.0082234293236233
2014-07-08 00:00:00,0.007261714241048711
2014-07-09 00:00:00,0.00015896141089211113
2014-07-10 00:00:00,-0.0007291269874170059
2014-07-11 00:00:00,-0.002313670578797389
2014-07-14 00:00:00,0.0020135888203973717
2014-07-15 00:00:00,0.0030662631376237037
2014-07-16 00:00:00,0.005839785165384193
2014-07-17 00:00:00,0.003837747561282079
2014-07-18 00:00:00,0.004509076654071409
2014-07-21 00:00:00,0.007791372448620715
2014-07-22 00:00:00,0.009116751758418973
2014-07-23 00:00:00,0.004347497634222819
2014-07-24 00:00:00,-0.007650066151056456
2014-07-25 00:00:00,0.010078522934782175
2014-07-28 00:00:00,-0.0031177538430009477
2014-07-29 00:00:00,-0.0030315513172978203
2014-07-30 00:00:00,-0.008986792045909908
2014-07-31 00:00:00,0.00988216987543633
2014-08-01 00:00:00,-0.007072435710061997
2014-08-04 00:00:00,-0.0034735883105906362
2014-08-05 00:00:00,0.008973378302443713
2014-08-06 00:00:00,-0.004795308804094955
2014-08-07 00:00:00,0.0038271358369894592
2014-08-08 00:00:00,-0.0007342802759948697
2014-08-11 00:00:00,0.0038253242267374254
2014-08-12 00:00:00,0.0031884983649899112
2014-08-13 00:00:00,-0.0008730293343569562
2014-08-14 00:00:00,-0.0033894341864062483
2014-08-15 00:00:00,-0.006554988590135369
2014-08-18 00:00:00,0.0008515302257086077
2014-08-19 00:00:00,0.008460624990481724
2014-08-20 00:00:00,0.001065730601614856
2014-08-21 00:00:00,0.012572856312917047
2014-08-22 00:00:00,-0.0007842805898294891
2014-08-25 00:00:00,-0.0026528600665323143
2014-08-26 00:00:00,0.0054927285585510965
2014-08-27 00:00:00,0.004473505114318099
2014-08-28 00:00:00,-0.0011360320239808264
2014-08-29 00:00:00,0.0047501672371284
2014-09-01 00:00:00,0.00666418476881292
2014-09-02 00:00:00,0.01891859959452913
2014-09-03 00:00:00,-0.0010527462192208015
2014-09-04 00:00:00,0.0008521960382250615
2014-09-05 00:00:00,0.002502872215158103
2014-09-09 00:00:00,-0.008983924692226641
2014-09-10 00:00:00,-0.011878529011661532
2014-09-11 00:00:00,-0.005453460907115404
2014-09-12 00:00:00,0.0014542307437870328
2014-09-15 00:00:00,-0.010956905622733881
2014-09-16 00:00:00,-0.0076198874935323735
2014-09-17 00:00:00,0.008692458054061047
2014-09-18 00:00:00,-0.011004084902499045
2014-09-19 00:00:00,-0.001218853926004182
2014-09-22 00:00:00,-0.015715351468507333
2014-09-23 00:00:00,0.006240752319408349
2014-09-24 00:00:00,0.000623976917676794
2014-09-25 00:00:00,-0.002193953576832719
2014-09-26 00:00:00,-0.0011896849100290208
2014-09-29 00:00:00,-0.008036489150110682
2014-09-30 00:00:00,0.005304596587791366
2014-10-08 00:00:00,-0.004094760607089354
2014-10-09 00:00:00,-0.004320100981691777
2014-10-10 00:00:00,-0.010779984638823459
2014-10-13 00:00:00,0.005971677244096529
2014-10-14 00:00:00,-0.0005587651215539502
2014-10-15 00:00:00,-0.0002876859360915196
2014-10-16 00:00:00,-0.009119063043292464
2014-10-17 00:00:00,-0.00432045538212944
2014-10-20 00:00:00,0.014787011447242815
2014-10-21 00:00:00,-0.002778885922495422
2014-10-22 00:00:00,0.0014581833559166313
2014-10-23 00:00:00,0.003497068531874259
2014-10-24 00:00:00,0.00022530734685122233
2014-10-27 00:00:00,-0.0030398271733987903
2014-10-28 00:00:00,0.00012540667300342534
2014-10-29 00:00:00,0.0017733904032872783
2014-10-30 00:00:00,0.0012174653796426238
2014-10-31 00:00:00,0.009991864923915239
2014-11-03 00:00:00,-0.0011777213647444773
2014-11-04 00:00:00,0.010519673625709824
2014-11-05 00:00:00,-0.021339018398838117
2014-11-06 00:00:00,0.0037869742759490954
2014-11-07 00:00:00,-0.0011286291986268848
2014-11-10 00:00:00,-0.008197384715253664
2014-11-11 00:00:00,-0.0012697357747315507
2014-11-12 00:00:00,0.0015979997439425908
2014-11-13 00:00:00,0.0023643973498372883
2014-11-14 00:00:00,-0.006715302493452757
2014-11-17 00:00:00,0.005706879379305363
2014-11-18 00:00:00,-0.0019859409488708346
2014-11-19 00:00:00,-0.0014126282372382004
2014-11-20 00:00:00,0.0011567307236184377
2014-11-21 00:00:00,0.004613154651186502
2014-11-24 00:00:00,0.001823563030752151
2014-11-25 00:00:00,0.00025054533753143815
2014-11-26 00:00:00,-0.0029705541963244153
2014-11-27 00:00:00,0.0011586481081542477
2014-11-28 00:00:00,-0.003250228191420068
2014-12-01 00:00:00,-0.014293047282262106
2014-12-02 00:00:00,-0.002153831003664397
2014-12-03 00:00:00,-0.009600480031021097
2014-12-04 00:00:00,0.006372074642122305
2014-12-05 00:00:00,-0.002270134020100456
2014-12-08 00:00:00,-0.004478880777787575
2014-12-09 00:00:00,-0.005404089198304596
2014-12-10 00:00:00,0.001290039817388955
2014-12-11 00:00:00,0.0007279192687954517
2014-12-12 00:00:00,0.0049239551703812445
2014-12-15 00:00:00,0.004353492073532861
2014-12-16 00:00:00,-0.007539893662410924
2014-12-17 00:00:00,-0.007540794625435443
2014-12-18 00:00:00,-0.01835920384777412
2014-12-19 00:00:00,0.010061735036636321
2014-12-22 00:00:00,0.008387536512653782
2014-12-23 00:00:00,-0.008829870434132747
2014-12-24 00:00:00,-0.001803716474190753
2014-12-25 00:00:00,-0.0017818674374977528
2014-12-26 00:00:00,0.0030779662442426137
2014-12-29 00:00:00,-0.004447485467949708
2014-12-30 00:00:00,-0.0017874289943952126
2014-12-31 00:00:00,0.00011861915759325825
2015-01-05 00:00:00,-0.012711559120022309
2015-01-06 00:00:00,-0.003429676547406668
2015-01-07 00:00:00,-0.0062554363734734775
2015-01-08 00:00:00,0.0036802216278897237
2015-01-09 00:00:00,0.004392953230496932
2015-01-12 00:00:00,-0.007174643768140587
2015-01-13 00:00:00,-0.0014576130263957987
2015-01-14 00:00:00,-0.008968456856397689
2015-01-15 00:00:00,0.018138454457012676
2015-01-16 00:00:00,-0.0022188062740440273
2015-01-19 00:00:00,0.003154278224368534
2015-01-20 00:00:00,-0.005269313874297077
2015-01-21 00:00:00,-0.000571947344954804
2015-01-22 00:00:00,0.003958203787792103
2015-01-23 00:00:00,-0.0006843235250172386
2015-01-26 00:00:00,-0.0035516148590409857
2015-01-27 00:00:00,0.005835316320170314
2015-01-28 00:00:00,-0.0022529648953486525
2015-01-29 00:00:00,-0.0024007411553454983
2015-01-30 00:00:00,-0.0016272129195616936
2015-02-02 00:00:00,0.006352153278456285
2015-02-03 00:00:00,0.02205532943766575
2015-02-04 00:00:00,0.004367867201901854
2015-02-05 00:00:00,0.0004620208871886078
2015-02-06 00:00:00,0.009101654842764706
2015-02-09 00:00:00,-0.00820556408995421
2015-02-10 00:00:00,-0.006996445696526354
2015-02-11 00:00:00,-0.008187969915669835
2015-02-12 00:00:00,-0.0037880237320654375
2015-02-13 00:00:00,0.006878934425969208
2015-02-16 00:00:00,-0.0011915743640670273
2015-02-17 00:00:00,0.00010238309247734279
2015-02-25 00:00:00,-0.0054908487205656
2015-02-26 00:00:00,0.0003865993234231091
2015-02-27 00:00:00,-0.00405457659528996
2015-03-02 00:00:00,0.009946952181514979
2015-03-03 00:00:00,-0.005640504046278139
2015-03-04 00:00:00,-0.004145304870985078
2015-03-05 00:00:00,0.0012426738442481433
2015-03-06 00:00:00,-0.002313238551004848
2015-03-09 00:00:00,7.034681668183218e-05
2015-03-10 00:00:00,-0.001537749254104659
2015-03-11 00:00:00,-0.000754511927012147
2015-03-12 00:00:00,0.017164875457596596
2015-03-13 00:00:00,-0.0012557445219542052
2015-03-16 00:00:00,-0.0014008959942072297
2015-03-17 00:00:00,-0.0006507609375592249
2015-03-18 00:00:00,0.00426175208688262
2015-03-19 00:00:00,0.01107469893745261
2015-03-20 00:00:00,-0.001943655158086921
2015-03-23 00:00:00,0.001374980262174752
2015-03-24 00:00:00,0.002343959008408225
2015-03-25 00:00:00,-0.0006642558785241448
2015-03-26 00:00:00,0.00024473865240226544
2015-03-27 00:00:00,0.001979055031586574
2015-03-30 00:00:00,-0.0009548924632761802
2015-03-31 00:00:00,0.0027552820653196086
2015-04-01 00:00:00,0.0010490505042328735
2015-04-02 00:00:00,0.00014735691787559624
2015-04-03 00:00:00,0.00029833268011714154
2015-04-07 00:00:00,0.002277317376034871
2015-04-08 00:00:00,-0.0018723864473826346
2015-04-09 00:00:00,-0.00948245902559719
2015-04-10 00:00:00,1.4914696306878028e-05
2015-04-13 00:00:00,-0.010930092528249613
2015-04-14 00:00:00,-0.00625266117483636
2015-04-15 00:00:00,0.0026155422204581225
2015-04-16 00:00:00,0.008860993880133616
2015-04-17 00:00:00,0.001582045229174156
2015-04-20 00:00:00,-0.005929212629903868
2015-04-21 00:00:00,-0.00143239876807999
2015-04-22 00:00:00,0.003845475302866719
2015-04-23 00:00:00,0.0037229731938102084
2015-04-24 00:00:00,0.0016420198018574084
2015-04-27 00:00:00,0.009478032945183568
2015-04-28 00:00:00,-0.0028388485174389855
2015-04-29 00:00:00,-0.0011404887425084942
2015-04-30 00:00:00,0.0031401975994072018
2015-05-04 00:00:00,0.005839590946112194
2015-05-05 00:00:00,-0.004064738635408127
2015-05-06 00:00:00,0.014947851042185878
2015-05-07 00:00:00,-0.007976670733626179
2015-05-08 00:00:00,-0.0008574508807436265
2015-05-11 00:00:00,0.0012796392975829018
2015-05-12 00:00:00,-0.009784260714877813
2015-05-13 00:00:00,0.0037873907929037998
2015-05-14 00:00:00,-0.0040928972985860845
2015-05-15 00:00:00,0.0011701719494563445
2015-05-18 00:00:00,-0.002806369672529896
2015-05-19 00:00:00,-0.004002270195310409
2015-05-20 00:00:00,-0.004474190626481911
2015-05-21 00:00:00,0.0051444956319750546
2015-05-22 00:00:00,-0.0015875427669624909
2015-05-25 00:00:00,-0.0023393530266836438
2015-05-26 00:00:00,0.001676247181157331
2015-05-27 00:00:00,-0.004113500265267356
2015-05-28 00:00:00,-0.0016970260982036578
2015-05-29 00:00:00,0.0036951808439915634
2015-06-01 00:00:00,-0.0032885935017382684
2015-06-02 00:00:00,-0.0012006350329896165
2015-06-03 00:00:00,-0.0011594762194061525
2015-06-04 00:00:00,-0.003163516873175398
2015-06-05 00:00:00,-0.0066236308064261396
2015-06-08 00:00:00,-0.0035625919355395386
2015-06-09 00:00:00,-0.00036168728147289997
2015-06-10 00:00:00,-0.0015878239209445866
2015-06-11 00:00:00,-0.006868516976209271
2015-06-12 00:00:00,-0.005723236290746225
2015-06-15 00:00:00,-0.006003189018672583
2015-06-16 00:00:00,0.0035429903773942506
2015-06-17 00:00:00,-0.0022792846764586594
2015-06-18 00:00:00,-0.0005575888853046607
2015-06-19 00:00:00,0.0007636281349963081
2015-06-23 00:00:00,0.005428096005640981
2015-06-24 00:00:00,0.0015950442956169653
2015-06-25 00:00:00,-0.0037549429982933757
2015-06-26 00:00:00,0.0005140314113558642
2015-06-29 00:00:00,-0.002125961843979729
2015-06-30 00:00:00,-0.007702740235257188
2015-07-01 00:00:00,-0.009860077368920916
2015-07-02 00:00:00,0.012984746935910563
2015-07-03 00:00:00,0.00010575369559395753
2015-07-06 00:00:00,-0.013455949822790303
2015-07-07 00:00:00,-0.00496846560239117
2015-07-08 00:00:00,-0.031075403968248705
2015-07-09 00:00:00,0.028756194713016825
2015-07-10 00:00:00,0.0017178561750477161
2015-07-13 00:00:00,-0.0010652035763543122
2015-07-14 00:00:00,0.000744742578352442
2015-07-15 00:00:00,0.002716204116385512
2015-07-16 00:00:00,0.008437379300287429
2015-07-17 00:00:00,-0.0012769412415308823
2015-07-20 00:00:00,-0.004859247569808045
2015-07-21 00:00:00,-0.0012805055215890926
2015-07-22 00:00:00,-0.008771362551949768
2015-07-23 00:00:00,-0.00032204559775772523
2015-07-24 00:00:00,-0.0064749823674638
2015-07-27 00:00:00,-0.0017397494172022299
2015-07-28 00:00:00,0.0033742323524030837
2015-07-29 00:00:00,0.0039832302738227465
2015-07-30 00:00:00,-0.005705002680912008
2015-07-31 00:00:00,-0.0028054552728336013
2015-08-03 00:00:00,-0.011361429460128858
2015-08-04 00:00:00,0.004403484205642849
2015-08-05 00:00:00,-0.0027626674513611116
2015-08-06 00:00:00,-0.007085768387308233
2015-08-07 00:00:00,-0.00533594495520362
2015-08-10 00:00:00,0.0013379201985292966
2015-08-11 00:00:00,0.005285220585166339
2015-08-12 00:00:00,0.00789134479969511
2015-08-13 00:00:00,9.696941096226652e-05
2015-08-14 00:00:00,-0.0017475950066599966
2015-08-17 00:00:00,-0.003415666354002922
2015-08-18 00:00:00,-0.005847104963417671
2015-08-19 00:00:00,-0.003230536232015746
2015-08-20 00:00:00,0.006589207416531018
2015-08-21 00:00:00,-0.004061132387317312
2015-08-24 00:00:00,-0.01365832208381379
2015-08-25 00:00:00,0.003274788932078776
2015-08-26 00:00:00,-0.0011665495015460436
2015-08-27 00:00:00,0.0019447545468522787
2015-08-28 00:00:00,0.004350192220203386
2015-08-31 00:00:00,-0.003670730914152265
2015-09-01 00:00:00,-0.006448587756009538
2015-09-02 00:00:00,0.0029882298818026953
2015-09-07 00:00:00,0.0035634887007383043
2015-09-08 00:00:00,0.0009649536563032246
2015-09-09 00:00:00,0.012972686126381916
2015-09-10 00:00:00,-0.004647120763202062
2015-09-11 00:00:00,0.002990116148707145
2015-09-14 00:00:00,-0.0022673563311313982
2015-09-15 00:00:00,-0.010472471382679038
2015-09-16 00:00:00,0.005367074399237559
2015-09-17 00:00:00,0.001969280051537625
2015-09-18 00:00:00,0.0041966138111515505
2015-09-21 00:00:00,-0.009406337869161785
2015-09-22 00:00:00,-0.002293200859754263
2015-09-23 00:00:00,-0.006668850909263835
2015-09-24 00:00:00,-0.00014361366262105602
2015-09-25 00:00:00,0.002545082326171455
2015-09-28 00:00:00,-0.007081817389679945
2015-09-29 00:00:00,-0.006873859230156043
2015-09-30 00:00:00,0.001370504947557194
2015-10-08 00:00:00,-0.01594612858077271
2015-10-09 00:00:00,0.009623226434550824
2015-10-12 00:00:00,0.001003896598908982
2015-10-13 00:00:00,-0.009756408605978817
2015-10-14 00:00:00,-0.013855585809862014
2015-10-15 00:00:00,-0.003605838621881574
2015-10-16 00:00:00,-0.008812304733265108
2015-10-19 00:00:00,-0.008711325129701963
2015-10-20 00:00:00,-0.007777219651966094
2015-10-21 00:00:00,-0.017270496747546882
2015-10-22 00:00:00,-0.009864935994351454
2015-10-23 00:00:00,-0.008036646412991844
2015-10-26 00:00:00,-0.015217388156638534
2015-10-27 00:00:00,0.005937403026863075
2015-10-28 00:00:00,-0.0210574059440779
2015-10-29 00:00:00,0.004361575853043753
2015-10-30 00:00:00,0.0009355919377345145
2015-11-02 00:00:00,-0.003697737112962063
2015-11-03 00:00:00,0.005170296741487723
2015-11-04 00:00:00,0.013194642512639021
2015-11-05 00:00:00,0.004779482498638021
2015-11-06 00:00:00,-0.0010700031287608214
2015-11-09 00:00:00,0.0008089798620756206
2015-11-10 00:00:00,-0.025230995214178265
2015-11-11 00:00:00,-0.023474655778012887
2015-11-12 00:00:00,0.008468311079821378
2015-11-13 00:00:00,0.0012642513136169597
2015-11-16 00:00:00,-0.004720772905009385
2015-11-17 00:00:00,-0.004556212389168368
2015-11-18 00:00:00,-0.0037094611026554647
2015-11-19 00:00:00,-0.019020812690097588
2015-11-20 00:00:00,0.00805682235088323
2015-11-23 00:00:00,-0.007665638284845899
2015-11-24 00:00:00,-0.010012191216721922
2015-11-25 00:00:00,0.009106262939325704
2015-11-26 00:00:00,0.033335581350246946
2015-11-27 00:00:00,0.019287357686609052
2015-11-30 00:00:00,-0.029641959668003093
2015-12-01 00:00:00,0.005701858083424494
2015-12-02 00:00:00,0.008218748685463906
2015-12-03 00:00:00,-0.0010376470042872121
2015-12-04 00:00:00,0.010215468946639161
2015-12-07 00:00:00,0.0027013773000803543
2015-12-08 00:00:00,0.004328055124728447
2015-12-09 00:00:00,0.013322505334507184
2015-12-10 00:00:00,-0.008644586261660092
2015-12-11 00:00:00,0.026639302547282195
2015-12-14 00:00:00,-0.005939525601689533
2015-12-15 00:00:00,-0.008978124991254721
2015-12-16 00:00:00,-0.0019762698536164303
2015-12-17 00:00:00,0.0024813951097202303
2015-12-18 00:00:00,0.01326473759159108
2015-12-21 00:00:00,0.013175748229799167
2015-12-22 00:00:00,-0.001702931410054176
2015-12-23 00:00:00,0.00537671926973915
2015-12-24 00:00:00,0.004534751542858428
2015-12-25 00:00:00,0.000439778947820324
2015-12-28 00:00:00,-0.029636220592914486
2015-12-29 00:00:00,0.013658267745071617
2015-12-30 00:00:00,0.006960714740252172
2015-12-31 00:00:00,0.004717904711055709
2016-01-04 00:00:00,-0.018038464190850756
2016-01-05 00:00:00,0.011187072675114873
2016-01-06 00:00:00,-0.007520243329721343
2016-01-07 00:00:00,-0.0011813108145286577
2016-01-08 00:00:00,0.00684390450069583
2016-01-11 00:00:00,0.005190141396374415
2016-01-12 00:00:00,-0.020580933935725132
2016-01-13 00:00:00,0.0019678246766576812
2016-01-14 00:00:00,0.008917572592406442
2016-01-15 00:00:00,-0.004043406573895236
2016-01-18 00:00:00,0.007339652592543544
2016-01-19 00:00:00,0.007517639569894818
2016-01-20 00:00:00,-0.0089667887285787
2016-01-21 00:00:00,-0.003422469559975161
2016-01-22 00:00:00,0.011802640073395265
2016-01-25 00:00:00,-0.008033523207302329
2016-01-26 00:00:00,0.00031865399001884676
2016-01-27 00:00:00,0.007719746128905136
2016-01-28 00:00:00,-0.0034827880488548235
2016-01-29 00:00:00,-0.00043206867529688164
2016-02-01 00:00:00,-0.010036944722685903
2016-02-02 00:00:00,0.0031858808862035293
2016-02-03 00:00:00,0.0033560847495170965
2016-02-04 00:00:00,0.01768041196250625
2016-02-05 00:00:00,-0.007962886205177044
2016-02-15 00:00:00,0.006452514637386386
2016-02-16 00:00:00,0.015129012203047632
2016-02-17 00:00:00,-0.004441306042266779
2016-02-18 00:00:00,-0.00152905691769456
2016-02-19 00:00:00,0.00862116837580107
2016-02-22 00:00:00,0.014149137006624013
2016-02-23 00:00:00,0.0010187175148681504
2016-02-24 00:00:00,-0.006496752822856222
2016-02-25 00:00:00,0.007998632585821008
2016-02-26 00:00:00,0.0015104684820745895
2016-02-29 00:00:00,0.0009522313074707967
2016-03-01 00:00:00,-0.006062868993217951
2016-03-02 00:00:00,0.008375658903233774
2016-03-03 00:00:00,0.003320539538807399
2016-03-04 00:00:00,0.007254035786068647
2016-03-07 00:00:00,0.001292062906236513
2016-03-08 00:00:00,0.0076907133062624755
2016-03-09 00:00:00,-0.014402025047857703
2016-03-10 00:00:00,-0.004387245695694708
2016-03-11 00:00:00,0.0047142133922457585
2016-03-14 00:00:00,-0.0025067831978333732
2016-03-15 00:00:00,-0.0032340384755016327
2016-03-16 00:00:00,-0.0027892338963412255
2016-03-17 00:00:00,0.005958160342162788
2016-03-18 00:00:00,0.009646108935355446
2016-03-21 00:00:00,0.0030198153103138115
2016-03-22 00:00:00,0.0020607228489097906
2016-03-23 00:00:00,-0.0013328987517903235
2016-03-24 00:00:00,0.0011861668666215408
2016-03-25 00:00:00,0.013039614502408758
2016-03-28 00:00:00,0.0034023198069597083
2016-03-29 00:00:00,2.8361109975616472e-05
2016-03-30 00:00:00,-0.0006690197809290366
2016-03-31 00:00:00,0.003175960563001512
2016-04-01 00:00:00,0.00945145104035805
2016-04-05 00:00:00,-0.0011224423538458428
2016-04-06 00:00:00,-0.0067975063445807615
2016-04-07 00:00:00,0.0009952388973859527
2016-04-08 00:00:00,-0.011564863204253317
2016-04-11 00:00:00,0.01150575448007185
2016-04-12 00:00:00,0.0007111497177598736
2016-04-13 00:00:00,0.013681748163178797
2016-04-14 00:00:00,0.0009078447990786831
2016-04-15 00:00:00,0.0003959201645464816
2016-04-18 00:00:00,-5.8019433850309277e-05
2016-04-19 00:00:00,0.0058953624549065164
2016-04-20 00:00:00,0.0031913957045752728
2016-04-21 00:00:00,0.02620571655157633
2016-04-22 00:00:00,0.029470463581352524
2016-04-25 00:00:00,0.005069393656252252
2016-04-26 00:00:00,-0.006272715501237869
2016-04-27 00:00:00,0.0024853248798351046
2016-04-28 00:00:00,-0.02353511165424249
2016-04-29 00:00:00,0.016036180557180257
2016-05-03 00:00:00,0.00568796113659964
2016-05-04 00:00:00,-0.021340682605843764
2016-05-05 00:00:00,-0.0018525688323357548
2016-05-06 00:00:00,-0.009008010263357513
2016-05-09 00:00:00,-0.023488469769265663
2016-05-10 00:00:00,-0.012059695243006985
2016-05-11 00:00:00,0.017904293746810795
2016-05-12 00:00:00,0.004158931729705051
2016-05-13 00:00:00,-0.008150671206262117
2016-05-16 00:00:00,0.012365484195091536
2016-05-17 00:00:00,0.015349262461355373
2016-05-18 00:00:00,-0.012842134245336423
2016-05-19 00:00:00,0.003906770319154651
2016-05-20 00:00:00,0.008862150935394775
2016-05-23 00:00:00,-0.013713629689004136
2016-05-24 00:00:00,-0.0003412235753585957
2016-05-25 00:00:00,-0.01669122543771162
2016-05-26 00:00:00,0.010244495594481373
2016-05-27 00:00:00,0.0004779440657580736
2016-05-30 00:00:00,0.004356820642394954
2016-05-31 00:00:00,-0.0037715421870264665
2016-06-01 00:00:00,-0.01535023127858115
2016-06-02 00:00:00,0.018284250913198408
2016-06-03 00:00:00,-0.01848799315695171
2016-06-06 00:00:00,-0.011642942154924674
2016-06-07 00:00:00,-0.009071890282797312
2016-06-08 00:00:00,0.015740029044642112
2016-06-13 00:00:00,-0.0025907210288215188
2016-06-14 00:00:00,0.0006769981640017964
2016-06-15 00:00:00,0.0006592917021530642
2016-06-16 00:00:00,0.0026810945049708934
2016-06-17 00:00:00,0.004934192183012165
2016-06-20 00:00:00,0.008726279574520657
2016-06-21 00:00:00,0.007125800668259963
2016-06-22 00:00:00,0.007600003879378647
2016-06-23 00:00:00,-0.0007036669840810861
2016-06-24 00:00:00,-0.013103768347667799
2016-06-27 00:00:00,0.01729331598890793
2016-06-28 00:00:00,-0.0004039917568952056
2016-06-29 00:00:00,-0.0013779744218042067
2016-06-30 00:00:00,0.009492537323653183
2016-07-01 00:00:00,0.016916412204068587
2016-07-04 00:00:00,-0.005527002960270977
2016-07-05 00:00:00,-0.00462884390901519
2016-07-06 00:00:00,0.0006663039861098952
2016-07-07 00:00:00,-0.0025136293246819097
2016-07-08 00:00:00,0.007515927744128792
2016-07-11 00:00:00,0.00497431424052186
2016-07-12 00:00:00,-0.009900901920140592
2016-07-13 00:00:00,0.009334976250543248
2016-07-14 00:00:00,0.002451806200597151
2016-07-15 00:00:00,-0.001052205446258947
2016-07-18 00:00:00,-0.012297507023149246
2016-07-19 00:00:00,-0.015490986025563869
2016-07-20 00:00:00,0.0034236198996970835
2016-07-21 00:00:00,0.003354425319123333
2016-07-22 00:00:00,-0.017394103950420958
2016-07-25 00:00:00,0.002521855401277806
2016-07-26 00:00:00,-0.005744038901456805
2016-07-27 00:00:00,-0.004509587349368127
2016-07-28 00:00:00,0.018238317215798494
2016-07-29 00:00:00,-0.005835902073465626
2016-08-01 00:00:00,0.0061853558362117145
2016-08-02 00:00:00,-0.002461785065024369
2016-08-03 00:00:00,-0.012252529944160928
2016-08-04 00:00:00,0.001030327431564615
2016-08-05 00:00:00,0.011203566486613692
2016-08-08 00:00:00,0.011934902426913307
2016-08-09 00:00:00,-0.006207733792690795
2016-08-10 00:00:00,0.010389491849787547
2016-08-11 00:00:00,-0.005192926596479963
2016-08-12 00:00:00,-0.002966519040944249
2016-08-15 00:00:00,-0.0045948155126008805
2016-08-16 00:00:00,0.009523124624553958
2016-08-17 00:00:00,0.0010240543081541098
2016-08-18 00:00:00,0.02147366828438324
2016-08-19 00:00:00,-0.004983404843000971
2016-08-22 00:00:00,-0.022079796771143245
2016-08-23 00:00:00,0.004670050624617783
2016-08-24 00:00:00,-0.0008698179896181601
2016-08-25 00:00:00,-0.006831532496418324
2016-08-26 00:00:00,0.00241511960776708
2016-08-29 00:00:00,-0.0018414308381510258
2016-08-30 00:00:00,-0.004126414753363505
2016-08-31 00:00:00,-0.0077435009260888865
2016-09-01 00:00:00,-0.0003889637019889314
2016-09-02 00:00:00,0.006649928565162444
2016-09-05 00:00:00,-0.019944474945781
2016-09-06 00:00:00,0.003404771881436286
2016-09-07 00:00:00,-0.00013746012994608758
2016-09-08 00:00:00,-0.0019096824963593662
2016-09-09 00:00:00,0.0044458907579698614
2016-09-12 00:00:00,-0.006749110715052353
2016-09-13 00:00:00,0.0031795057448527064
2016-09-14 00:00:00,-0.012663882293267203
2016-09-19 00:00:00,0.0008803199195606126
2016-09-20 00:00:00,0.011765128666433977
2016-09-21 00:00:00,0.004460196707948949
2016-09-22 00:00:00,0.011284430205847462
2016-09-23 00:00:00,0.012243736774611547
2016-09-26 00:00:00,-0.008725742248998025
2016-09-27 00:00:00,0.005024660808863102
2016-09-28 00:00:00,-0.0018592886817627718
2016-09-29 00:00:00,0.0056162047212791055
2016-09-30 00:00:00,-0.0071957207247805854
2016-10-10 00:00:00,0.02272507312625982
2016-10-11 00:00:00,0.008759388207584706
2016-10-12 00:00:00,-0.003510424636511744
2016-10-13 00:00:00,0.007334380932629614
2016-10-14 00:00:00,0.007397453621682093
2016-10-17 00:00:00,-0.012954901898964422
2016-10-18 00:00:00,0.004952097646020226
2016-10-19 00:00:00,-0.01732674966183645
2016-10-20 00:00:00,-0.001064125347384537
2016-10-21 00:00:00,0.003465075064785772
2016-10-24 00:00:00,0.021053484478825713
2016-10-25 00:00:00,0.029252842185230943
2016-10-26 00:00:00,0.0168360601888784
2016-10-27 00:00:00,-0.0072319208162636706
2016-10-28 00:00:00,0.021203572710505547
2016-10-31 00:00:00,0.01218756659902498
2016-11-01 00:00:00,0.0005831940324494411
2016-11-02 00:00:00,-0.0365022864097182
2016-11-03 00:00:00,0.01193485794864424
2016-11-04 00:00:00,-0.011406236145551252
2016-11-07 00:00:00,0.00627418041652561
2016-11-08 00:00:00,0.0013955478470129012
2016-11-09 00:00:00,0.008086455059831188
2016-11-10 00:00:00,0.03919761464042293
2016-11-11 00:00:00,0.004040281060859741
2016-11-14 00:00:00,0.010518611096877128
2016-11-15 00:00:00,-0.0355241378119604
2016-11-16 00:00:00,-0.012638567155636049
2016-11-17 00:00:00,-0.010211890475875451
2016-11-18 00:00:00,0.013237182651140822
2016-11-21 00:00:00,0.02834674416974403
2016-11-22 00:00:00,0.008198597625237669
2016-11-23 00:00:00,-0.006350204329279241
2016-11-24 00:00:00,0.0025394833197791566
2016-11-25 00:00:00,-0.004586956146977128
2016-11-28 00:00:00,0.011670579972911543
2016-11-29 00:00:00,-0.037747729609765135
2016-11-30 00:00:00,-0.020785100719893923
2016-12-01 00:00:00,0.015901747036279
2016-12-02 00:00:00,-0.0028043017273307047
2016-12-05 00:00:00,-0.008857191115891005
2016-12-06 00:00:00,-0.0020278341267750966
2016-12-07 00:00:00,-0.0031142695353809646
2016-12-08 00:00:00,-0.0028547259738486153
2016-12-09 00:00:00,0.013643954598362651
2016-12-12 00:00:00,0.008710049591557967
2016-12-13 00:00:00,-0.00989533744749782
2016-12-14 00:00:00,-0.01874440890363427
2016-12-15 00:00:00,-0.00222900490543243
2016-12-16 00:00:00,-0.006690322969346463
2016-12-19 00:00:00,-0.020814078538065273
2016-12-20 00:00:00,0.0025517168076267804
2016-12-21 00:00:00,0.013602478947570162
2016-12-22 00:00:00,-0.005679535699467997
2016-12-23 00:00:00,-0.005625850868085647
2016-12-26 00:00:00,-0.0045113864589581
2016-12-27 00:00:00,0.0110885695846068
2016-12-28 00:00:00,-0.009183179682518916
2016-12-29 00:00:00,0.0042156093617709
2016-12-30 00:00:00,0.005684884732139794
2017-01-03 00:00:00,-0.01587189530758637
2017-01-04 00:00:00,0.003745154536284767
2017-01-05 00:00:00,-0.0064655288596526805
2017-01-06 00:00:00,-0.005920443743130388
2017-01-09 00:00:00,0.004250921231476523
2017-01-10 00:00:00,0.022645201458120878
2017-01-11 00:00:00,0.013593337253107407
2017-01-12 00:00:00,0.017529419335755136
2017-01-13 00:00:00,0.008407971635728595
2017-01-16 00:00:00,0.000501101898231715
2017-01-17 00:00:00,-0.004577063087299771
2017-01-18 00:00:00,0.0010580464078373542
2017-01-19 00:00:00,0.0017048594105326664
2017-01-20 00:00:00,-0.0009808017820194248
2017-01-23 00:00:00,0.026336780009342364
2017-01-24 00:00:00,0.0032192323181681193
2017-01-25 00:00:00,0.023179077224718903
2017-01-26 00:00:00,-0.014506631297983796
2017-02-03 00:00:00,-0.005156328336767602
2017-02-06 00:00:00,-0.009262639018423169
2017-02-07 00:00:00,-0.0013147465892918708
2017-02-08 00:00:00,0.007448568474393458
2017-02-09 00:00:00,0.003018614635314165
2017-02-10 00:00:00,0.0013177998581364037
2017-02-13 00:00:00,0.014903048852161316
2017-02-14 00:00:00,0.027188636099829466
2017-02-15 00:00:00,-0.004706053284828204
2017-02-16 00:00:00,0.0022186995631303663
2017-02-17 00:00:00,-0.020181217079777825
2017-02-20 00:00:00,0.005789151908897061
2017-02-21 00:00:00,0.006121351659748031
2017-02-22 00:00:00,-0.01882713119154844
2017-02-23 00:00:00,-0.007541899004080976
2017-02-24 00:00:00,-0.008796544225983194
2017-02-27 00:00:00,0.0033427417670151005
2017-02-28 00:00:00,0.00184070955705673
2017-03-01 00:00:00,0.029259615410749618
2017-03-02 00:00:00,-0.00263111628962176
2017-03-03 00:00:00,0.0008193669331375553
2017-03-06 00:00:00,-0.028493298635233644
2017-03-07 00:00:00,0.0009158398322162142
2017-03-08 00:00:00,-0.002976458474022503
2017-03-09 00:00:00,-0.008752562025185151
2017-03-10 00:00:00,0.018643256919272266
2017-03-13 00:00:00,-0.0031735615402213035
2017-03-14 00:00:00,-0.015046448094090392
2017-03-15 00:00:00,0.006829334975547274
2017-03-16 00:00:00,0.015754613348596402
2017-03-17 00:00:00,-0.013784419326662634
2017-03-20 00:00:00,0.0008962702606702955
2017-03-21 00:00:00,0.008374959223255374
2017-03-22 00:00:00,-0.004797470079688004
2017-03-23 00:00:00,0.0024400473830825664
2017-03-24 00:00:00,-0.009058577478543994
2017-03-27 00:00:00,0.0010288119427235287
2017-03-28 00:00:00,-0.004266460799406624
2017-03-29 00:00:00,0.013246820121688874
2017-03-30 00:00:00,-0.00072638873778752
2017-03-31 00:00:00,0.01297525481728945
2017-04-05 00:00:00,0.011590711916130703
2017-04-06 00:00:00,-0.004386559919213329
2017-04-07 00:00:00,-0.005650327364233987
2017-04-10 00:00:00,0.004559025395219685
2017-04-11 00:00:00,-0.011548828305299241
2017-04-12 00:00:00,0.0002031836668150433
2017-04-13 00:00:00,0.011329037134537812
2017-04-14 00:00:00,0.005979705114206091
2017-04-17 00:00:00,0.01922150764143571
2017-04-18 00:00:00,0.0012671044823964195
2017-04-19 00:00:00,-0.014894679371259545
2017-04-20 00:00:00,0.005650626609557952
2017-04-21 00:00:00,0.001054959943787459
2017-04-24 00:00:00,-0.0016284628580284233
2017-04-25 00:00:00,0.0035074895451683297
2017-04-26 00:00:00,0.00029929116254723276
2017-04-27 00:00:00,-0.00011645825044515057
2017-04-28 00:00:00,-0.022461303075123618
2017-05-02 00:00:00,-0.012102413034258741
2017-05-03 00:00:00,0.007570382726045377
2017-05-04 00:00:00,-0.0052316991699545845
2017-05-05 00:00:00,0.004005301155583396
2017-05-08 00:00:00,-0.017270999831439426
2017-05-09 00:00:00,0.006283930812725824
2017-05-10 00:00:00,-0.00036057136015366087
2017-05-11 00:00:00,-0.0003133979711295032
2017-05-12 00:00:00,0.0012337118075931297
2017-05-15 00:00:00,0.009507986700896698
2017-05-16 00:00:00,-0.0015771978132419484
2017-05-17 00:00:00,0.00648112238561005
2017-05-18 00:00:00,-0.008308869300729604
2017-05-19 00:00:00,0.007305141268416859
2017-05-22 00:00:00,-0.00250370631860386
2017-05-23 00:00:00,-0.005394730271690018
2017-05-24 00:00:00,0.005557123218091098
2017-05-25 00:00:00,0.008340349363719746
2017-05-26 00:00:00,-0.0004706808352301639
2017-05-31 00:00:00,-0.024432054030334438
2017-06-01 00:00:00,0.005613524986315621
2017-06-02 00:00:00,-0.0009511295772840489
2017-06-05 00:00:00,-0.0032886187328373673
2017-06-06 00:00:00,-0.004901905350323865
2017-06-07 00:00:00,0.0010355727732573872
2017-06-08 00:00:00,0.006279632728741769
2017-06-09 00:00:00,-0.012583465522204018
2017-06-12 00:00:00,0.006176089586931166
2017-06-13 00:00:00,-0.0021802936871010425
2017-06-14 00:00:00,-0.001636524223497915
2017-06-15 00:00:00,-0.008746459917223226
2017-06-16 00:00:00,0.0029793194562937053
2017-06-19 00:00:00,0.016410280538724953
2017-06-20 00:00:00,0.013682882424079335
2017-06-21 00:00:00,-0.0064744742461869675
2017-06-22 00:00:00,-0.00979082400786524
2017-06-23 00:00:00,0.012043529730700886
2017-06-26 00:00:00,-0.0024769053914373007
2017-06-27 00:00:00,0.002479021884525645
2017-06-28 00:00:00,0.0018104280452064803
2017-06-29 00:00:00,0.0024424365263313597
2017-06-30 00:00:00,-0.002694144975781909
2017-07-03 00:00:00,0.008442254273899108
2017-07-04 00:00:00,-0.0010312284406809313
2017-07-05 00:00:00,0.009876102561430011
2017-07-06 00:00:00,-0.003256267712445804
2017-07-07 00:00:00,0.0014325061770259495
2017-07-10 00:00:00,-0.003555780306116807
2017-07-11 00:00:00,0.0007715263041425668
2017-07-12 00:00:00,0.0027343159661032956
2017-07-13 00:00:00,0.007712623500072846
2017-07-14 00:00:00,0.00379432511788802
2017-07-17 00:00:00,0.00924163873499495
2017-07-18 00:00:00,-0.009352765307139799
2017-07-19 00:00:00,0.009017748131161074
2017-07-20 00:00:00,-0.0035545072905061037
2017-07-21 00:00:00,0.001464810497826985
2017-07-24 00:00:00,0.0013557443165026495
2017-07-25 00:00:00,0.007990507132043856
2017-07-26 00:00:00,-0.0032479598486360173
2017-07-27 00:00:00,-0.004520234554548752
2017-07-28 00:00:00,-0.003638371801921614
2017-07-31 00:00:00,0.01155624992396409
2017-08-01 00:00:00,-0.008036153224252995
2017-08-02 00:00:00,0.023673517346843864
2017-08-03 00:00:00,-0.011039674499651264
2017-08-04 00:00:00,0.00577425094930617
2017-08-07 00:00:00,0.025854850341772595
2017-08-08 00:00:00,0.019801337784166373
2017-08-09 00:00:00,0.05016351895617088
2017-08-10 00:00:00,-0.00679889232002584
2017-08-11 00:00:00,0.0004585405640924467
2017-08-14 00:00:00,-0.018278368945537582
2017-08-15 00:00:00,0.0015909424807312167
2017-08-16 00:00:00,0.017417636385650637
2017-08-17 00:00:00,0.028493416004139238
2017-08-18 00:00:00,-0.007070148213061178
2017-08-21 00:00:00,0.0023458417106192453
2017-08-22 00:00:00,-0.002598881686093124
2017-08-23 00:00:00,-0.010703741234154962
2017-08-24 00:00:00,0.015844505308250545
2017-08-25 00:00:00,0.009452834663725262
2017-08-28 00:00:00,-0.015057989410762862
2017-08-29 00:00:00,-0.006978976801636616
2017-08-30 00:00:00,0.00924344735908833
2017-08-31 00:00:00,0.005216955210711971
2017-09-01 00:00:00,0.012952466976065224
2017-09-04 00:00:00,-0.010802501230314676
2017-09-05 00:00:00,-0.0013788350237735614
2017-09-06 00:00:00,-0.010336151253244275
2017-09-07 00:00:00,-0.013387434513003393
2017-09-08 00:00:00,-0.016785070135268088
2017-09-11 00:00:00,0.0408196759159376
2017-09-12 00:00:00,0.005577521037134048
2017-09-13 00:00:00,-0.002381586150004167
2017-09-14 00:00:00,0.00138077254356328
2017-09-15 00:00:00,-0.020502779391122772
2017-09-18 00:00:00,0.008180542205749708
2017-09-19 00:00:00,0.00783617527547742
2017-09-20 00:00:00,0.03338698987719635
2017-09-21 00:00:00,-0.014238803913428022
2017-09-22 00:00:00,-0.022586371300013175
2017-09-25 00:00:00,0.0010973023370619561
2017-09-26 00:00:00,0.006855068343862847
2017-09-27 00:00:00,-0.0011867241279063245
2017-09-28 00:00:00,-0.010567485961076262
2017-09-29 00:00:00,0.002006050863053277
2017-10-09 00:00:00,0.014422426592938464
2017-10-10 00:00:00,-0.012730817645693171
2017-10-11 00:00:00,-0.0075953366162896385
2017-10-12 00:00:00,0.007272656451315251
2017-10-13 00:00:00,0.012772455010342298
2017-10-16 00:00:00,-0.011152523182541119
2017-10-17 00:00:00,-0.006546987862548259
2017-10-18 00:00:00,-0.015888592788520284
2017-10-19 00:00:00,0.004051792414368149
2017-10-20 00:00:00,0.010878057305224065
2017-10-23 00:00:00,-0.005267055545335242
2017-10-24 00:00:00,0.001957871889473939
2017-10-25 00:00:00,0.0009529389346942807
2017-10-26 00:00:00,0.014714428782507616
2017-10-27 00:00:00,-0.013407010279398168
2017-10-30 00:00:00,0.0014362748621725707
2017-10-31 00:00:00,-0.0003049906130313529
2017-11-01 00:00:00,-0.007713241704388696
2017-11-02 00:00:00,0.0009215644882711871
2017-11-03 00:00:00,-0.0003882737534808278
2017-11-06 00:00:00,-0.004741926295465215
2017-11-07 00:00:00,-0.007821293692210074
2017-11-08 00:00:00,-0.010924671239037731
2017-11-09 00:00:00,-0.022944550548668508
2017-11-10 00:00:00,0.002593252310859828
2017-11-13 00:00:00,0.0028146880771020566
2017-11-14 00:00:00,-0.005638117875192972
2017-11-15 00:00:00,0.00046822906531351904
2017-11-16 00:00:00,0.00024775592158055026
2017-11-17 00:00:00,-0.003947130486263717
2017-11-20 00:00:00,-0.017204425302896564
2017-11-21 00:00:00,-0.01433026671758697
2017-11-22 00:00:00,0.005800275284001177
2017-11-23 00:00:00,0.0010530233559409297
2017-11-24 00:00:00,0.003488951874798696
2017-11-27 00:00:00,-0.007149582610941785
2017-11-28 00:00:00,-0.011191141552850947
2017-11-29 00:00:00,-0.009492685884622931
2017-11-30 00:00:00,0.003888001854341905
2017-12-01 00:00:00,-0.0042131192398570105
2017-12-04 00:00:00,-0.003836571872539718
2017-12-05 00:00:00,-0.0011495459460896251
2017-12-06 00:00:00,-0.015585621525475823
2017-12-07 00:00:00,-0.012506177135242935
2017-12-08 00:00:00,0.008040852838773871
2017-12-11 00:00:00,-0.005183630256441085
2017-12-12 00:00:00,0.0006753172015392384
2017-12-13 00:00:00,0.00030752266099631775
2017-12-14 00:00:00,0.0014685950424171423
2017-12-15 00:00:00,0.013092208205987
2017-12-18 00:00:00,0.005424186260830188
2017-12-19 00:00:00,-0.002441444620143174
2017-12-20 00:00:00,0.014706726977695928
2017-12-21 00:00:00,-0.0014165651330297901
2017-12-22 00:00:00,-0.002299441960325943
2017-12-25 00:00:00,0.00624906719865459
2017-12-26 00:00:00,-0.00674742943581863
2017-12-27 00:00:00,0.010013744274681713
2017-12-28 00:00:00,0.02564695493957747
2017-12-29 00:00:00,0.007484841483605953
2018-01-02 00:00:00,-0.009777820785520697
2018-01-03 00:00:00,-0.000853845436890599
2018-01-04 00:00:00,-0.0011355095165100915
2018-01-05 00:00:00,0.004506775895176229
2018-01-08 00:00:00,-0.011000113652329557
2018-01-09 00:00:00,0.0025628451517965
2018-01-10 00:00:00,-0.0008433910594574101
2018-01-11 00:00:00,0.010030596316600748
2018-01-12 00:00:00,-0.007352051921695857
2018-01-15 00:00:00,0.003345513437121417
2018-01-16 00:00:00,-0.023521531152161823
2018-01-17 00:00:00,-0.008513533224575709
2018-01-18 00:00:00,-0.00046437305671698237
2018-01-19 00:00:00,0.010158940636286529
2018-01-22 00:00:00,-0.006540908327219319
2018-01-23 00:00:00,-0.0006838211283670681
2018-01-24 00:00:00,-0.00045342373769152733
2018-01-25 00:00:00,0.010053261690644799
2018-01-26 00:00:00,-0.010701586483487402
2018-01-29 00:00:00,0.003775941358787449
2018-01-30 00:00:00,-0.013251142602075605
2018-01-31 00:00:00,-0.0015690594787612921
2018-02-01 00:00:00,-0.006918625011349544
2018-02-02 00:00:00,0.003743325333259717
2018-02-05 00:00:00,-0.004707307412945783
2018-02-06 00:00:00,-0.012031896381831109
2018-02-07 00:00:00,0.004815510646787757
2018-02-08 00:00:00,0.00039846663080456146
2018-02-09 00:00:00,-0.0012969195521609356
2018-02-12 00:00:00,0.009374330286481491
2018-02-13 00:00:00,-0.0006144156326399752
2018-02-14 00:00:00,-0.01866505541831598
2018-02-22 00:00:00,0.001521732560445077
2018-02-23 00:00:00,0.017348302565712626
2018-02-26 00:00:00,-0.0049902173061161514
2018-02-27 00:00:00,-0.0001021596231871591
2018-02-28 00:00:00,0.0034069149829998313
2018-03-01 00:00:00,0.0041056832477111005
2018-03-02 00:00:00,-0.0029182342882476675
2018-03-05 00:00:00,-0.00845562705645675
2018-03-06 00:00:00,0.010124582864059928
2018-03-07 00:00:00,-0.011650408975590332
2018-03-08 00:00:00,-0.0018804882089412667
2018-03-09 00:00:00,-0.010579534968078286
2018-03-12 00:00:00,-0.0006137699875219393
2018-03-13 00:00:00,-0.014427246953134687
2018-03-14 00:00:00,0.007628999843597439
2018-03-15 00:00:00,0.00247978835727114
2018-03-16 00:00:00,0.0011379825976547409
2018-03-19 00:00:00,-0.0024460916616473316
2018-03-20 00:00:00,0.0029548383171247306
2018-03-21 00:00:00,-0.004546736430069864
2018-03-22 00:00:00,0.0031898028834831393
2018-03-23 00:00:00,-0.014471982827759966
2018-03-26 00:00:00,-0.0037925773675354657
2018-03-27 00:00:00,0.008280606408449742
2018-03-28 00:00:00,-0.00573914617432425
2018-03-29 00:00:00,0.005746242161023929
2018-03-30 00:00:00,-0.0030176358583036134
2018-04-02 00:00:00,0.015806924405167733
2018-04-03 00:00:00,0.006588682782212141
2018-04-04 00:00:00,-0.005376040538890292
2018-04-09 00:00:00,0.01429746141057997
2018-04-10 00:00:00,0.005491236716329784
2018-04-11 00:00:00,0.002476919111881415
2018-04-12 00:00:00,-0.0030440426818630906
2018-04-13 00:00:00,0.017884958159748443
2018-04-16 00:00:00,0.0033386758150164564
2018-04-17 00:00:00,0.019476555023544284
2018-04-18 00:00:00,0.0025272459766094713
2018-04-19 00:00:00,0.03008642269000661
2018-04-20 00:00:00,-0.027161953247943904
2018-04-23 00:00:00,0.005957046429377
2018-04-24 00:00:00,-0.043209353436221454
2018-04-25 00:00:00,0.0013166376208595398
2018-04-26 00:00:00,-0.002274502208531981
2018-04-27 00:00:00,0.008104183285543298
2018-05-02 00:00:00,-0.003475532703585582
2018-05-03 00:00:00,0.009621739873177493
2018-05-04 00:00:00,0.0007738004376776075
2018-05-07 00:00:00,0.005924810395674163
2018-05-08 00:00:00,0.0014884960481857945
2018-05-09 00:00:00,-0.00798522590870221
2018-05-10 00:00:00,-0.00028880406223474875
2018-05-11 00:00:00,0.0031414659810269363
2018-05-14 00:00:00,-0.002299996677619709
2018-05-15 00:00:00,0.005570541530005579
2018-05-16 00:00:00,0.004431790851129325
2018-05-17 00:00:00,0.008010167338437402
2018-05-18 00:00:00,-0.003179208513153453
2018-05-21 00:00:00,-0.004639188922480719
2018-05-22 00:00:00,-0.010144700502372483
2018-05-23 00:00:00,-0.00016434809623866453
2018-05-24 00:00:00,0.009288526652113882
2018-05-25 00:00:00,0.0058758853913845055
2018-05-28 00:00:00,-0.0014869647245454587
2018-05-29 00:00:00,-0.00431076593612878
2018-05-30 00:00:00,-0.002451243140849879
2018-05-31 00:00:00,-0.006102926313742096
2018-06-01 00:00:00,0.004401818681801339
2018-06-04 00:00:00,-0.0007318561570619497
2018-06-05 00:00:00,0.0007484461412736731
2018-06-06 00:00:00,0.015106505331079045
2018-06-07 00:00:00,0.009389991913149043
2018-06-08 00:00:00,-0.011535414809978328
