2009-01-05 00:00:00,0.04056009129861726
2009-01-06 00:00:00,0.030446299409079502
2009-01-07 00:00:00,0.01972442618084047
2009-01-08 00:00:00,-0.028314329027226193
2009-01-09 00:00:00,0.04337006954530964
2009-01-12 00:00:00,-0.0019293267142608261
2009-01-13 00:00:00,0.015833699913272437
2009-01-14 00:00:00,0.02857431047755532
2009-01-15 00:00:00,0.001690386213226036
2009-01-16 00:00:00,0.016443042289731924
2009-01-19 00:00:00,0.01412338113298861
2009-01-20 00:00:00,-0.0019678279602468596
2009-01-21 00:00:00,-0.019144786458174412
2009-01-22 00:00:00,0.01014869305359345
2009-01-23 00:00:00,0.031025147000304898
2009-02-02 00:00:00,0.015138150436196485
2009-02-03 00:00:00,-0.0011627864352836692
2009-02-04 00:00:00,0.028918075516001007
2009-02-05 00:00:00,-0.0006842870854776306
2009-02-06 00:00:00,0.00637901711765787
2009-02-09 00:00:00,0.006882373113207274
2009-02-10 00:00:00,-0.016860534806859784
2009-02-11 00:00:00,-0.04606444480600769
2009-02-12 00:00:00,-0.001414076157737365
2009-02-13 00:00:00,-0.003006662509609348
2009-02-16 00:00:00,-0.037676791171579405
2009-02-17 00:00:00,-0.008821908365489017
2009-02-18 00:00:00,-0.03954899954934543
2009-02-19 00:00:00,-0.0058996845466466885
2009-02-20 00:00:00,-0.007649730218686646
2009-02-23 00:00:00,0.04963850885858356
2009-02-24 00:00:00,-0.012524551078544888
2009-02-25 00:00:00,0.02895991026769651
2009-02-26 00:00:00,-0.014853734118142392
2009-02-27 00:00:00,-0.010380356174765404
2009-03-02 00:00:00,-0.021645235192719325
2009-03-03 00:00:00,-0.02869872240642113
2009-03-04 00:00:00,0.015269912046701917
2009-03-05 00:00:00,-0.03074326487180823
2009-03-06 00:00:00,0.012116656653302194
2009-03-09 00:00:00,0.017328716631528573
2009-03-10 00:00:00,0.022685975493133892
2009-03-11 00:00:00,-0.018454485179218105
2009-03-12 00:00:00,0.02809928340218959
2009-03-13 00:00:00,-0.0033875486244600017
2009-03-16 00:00:00,0.002221486881035961
2009-03-17 00:00:00,0.020028441234366978
2009-03-18 00:00:00,0.0287329554485527
2009-03-19 00:00:00,0.0072024460279818125
2009-03-20 00:00:00,0.02785723190592737
2009-03-23 00:00:00,0.04052998459513946
2009-03-24 00:00:00,-0.014416562875701477
2009-03-25 00:00:00,-0.012135772384406995
2009-03-26 00:00:00,0.041180039590898554
2009-03-27 00:00:00,-0.005713750099273107
2009-03-30 00:00:00,-0.010413039639369903
2009-03-31 00:00:00,0.019215616686751202
2009-04-01 00:00:00,0.01840722945206652
2009-04-02 00:00:00,0.008308489738031
2009-04-03 00:00:00,0.007969436704342137
2009-04-07 00:00:00,0.0018525780698352978
2009-04-08 00:00:00,-0.05108325595357055
2009-04-09 00:00:00,0.006198530795202606
2009-04-10 00:00:00,0.023516440379513393
2009-04-13 00:00:00,-0.029878912849326533
2009-04-14 00:00:00,0.0024189336306406073
2009-04-15 00:00:00,0.009686684236809295
2009-04-16 00:00:00,0.019795390629072207
2009-04-17 00:00:00,-0.0001903430423350061
2009-04-20 00:00:00,0.009659400932651607
2009-04-21 00:00:00,-0.03153840650511486
2009-04-22 00:00:00,0.03948276958762165
2009-04-23 00:00:00,-0.006288732335850145
2009-04-24 00:00:00,-0.0326839365194912
2009-04-27 00:00:00,0.0022384198641018926
2009-04-28 00:00:00,-0.01190698551139413
2009-04-29 00:00:00,-0.017465545665721893
2009-04-30 00:00:00,0.010817326808275629
2009-05-04 00:00:00,0.04549317650549001
2009-05-05 00:00:00,-0.020045913085267264
2009-05-06 00:00:00,0.009165711539072863
2009-05-07 00:00:00,0.017229881390176338
2009-05-08 00:00:00,0.03612425351708559
2009-05-11 00:00:00,-0.016065464775921634
2009-05-12 00:00:00,-0.004237915386582691
2009-05-13 00:00:00,0.022244965813083883
2009-05-14 00:00:00,-0.014908360169913148
2009-05-15 00:00:00,0.002804699687661838
2009-05-18 00:00:00,-0.011574899493131396
2009-05-19 00:00:00,0.007730300615675922
2009-05-20 00:00:00,-0.021672397420268052
2009-05-21 00:00:00,-0.0060861179974379676
2009-05-22 00:00:00,0.0018612196054204055
2009-05-25 00:00:00,-0.016461887992300417
2009-05-26 00:00:00,-0.0020071496376249387
2009-05-27 00:00:00,0.00418865450888628
2009-06-01 00:00:00,0.036807689405606636
2009-06-02 00:00:00,-0.0022632290510733455
2009-06-03 00:00:00,0.01711970009289332
2009-06-04 00:00:00,-0.006759747785499037
2009-06-05 00:00:00,0.022364410413647562
2009-06-08 00:00:00,0.004334441842226866
2009-06-09 00:00:00,0.005915718997575148
2009-06-10 00:00:00,0.004373659592647572
2009-06-11 00:00:00,0.0009031059671067432
2009-06-12 00:00:00,-0.011535247210898603
2009-06-15 00:00:00,-0.013167963653521797
2009-06-16 00:00:00,0.0034429916344762557
2009-06-17 00:00:00,0.00018709541649508665
2009-06-18 00:00:00,0.008564230504154668
2009-06-19 00:00:00,0.003518581302646373
2009-06-22 00:00:00,-0.016211676924208662
2009-06-23 00:00:00,-0.01903134800046169
2009-06-24 00:00:00,0.006232577822606222
2009-06-25 00:00:00,0.009990573440813
2009-06-26 00:00:00,0.020972115018514703
2009-06-29 00:00:00,-0.010712772344358523
2009-06-30 00:00:00,0.009623179447388663
2009-07-01 00:00:00,0.0005412846274748251
2009-07-02 00:00:00,-0.0015370627646419388
2009-07-03 00:00:00,0.0147256352821854
2009-07-06 00:00:00,0.015904322300148488
2009-07-07 00:00:00,0.014091590012538457
2009-07-08 00:00:00,-0.01602012221578819
2009-07-09 00:00:00,-0.0009532272645709217
2009-07-10 00:00:00,-0.004427864615073829
2009-07-13 00:00:00,-0.020224126448456947
2009-07-14 00:00:00,0.01169527915771984
2009-07-15 00:00:00,0.008327565957906957
2009-07-16 00:00:00,0.012473567424435172
2009-07-17 00:00:00,-0.0010745050460593264
2009-07-20 00:00:00,0.015209040866940082
2009-07-21 00:00:00,-0.019978345453400936
2009-07-22 00:00:00,0.0031045173895893896
2009-07-23 00:00:00,0.012853950865577835
2009-07-24 00:00:00,0.003991020335333717
2009-07-27 00:00:00,0.01694688658975796
2009-07-28 00:00:00,0.011014942790863014
2009-07-29 00:00:00,-0.01714774806055064
2009-07-30 00:00:00,0.011282749441748452
2009-07-31 00:00:00,0.03711553093216602
2009-08-03 00:00:00,0.03561424922617751
2009-08-04 00:00:00,-0.006439512084197685
2009-08-05 00:00:00,0.021465005529236914
2009-08-06 00:00:00,0.0007514815707869715
2009-08-07 00:00:00,-0.03492732542502286
2009-08-10 00:00:00,0.013372157507517635
2009-08-11 00:00:00,0.01682875742379286
2009-08-12 00:00:00,-0.006523162600133525
2009-08-13 00:00:00,0.020928847696330966
2009-08-14 00:00:00,-0.009986111956462262
2009-08-17 00:00:00,-0.04775056132524036
2009-08-18 00:00:00,0.01645222635540855
2009-08-19 00:00:00,-0.022166735953506933
2009-08-20 00:00:00,0.012223593706554237
2009-08-21 00:00:00,-0.01149739585118803
2009-08-24 00:00:00,0.021852738913199943
2009-08-25 00:00:00,-0.022353416239398682
2009-08-26 00:00:00,0.0004040556431470499
2009-08-27 00:00:00,-0.01849367206473096
2009-08-28 00:00:00,0.009528491911501069
2009-08-31 00:00:00,-0.02853642563668446
2009-09-01 00:00:00,-0.007680631182501396
2009-09-02 00:00:00,-0.03703239319341223
2009-09-03 00:00:00,0.014042744829746212
2009-09-04 00:00:00,-0.006023523821298005
2009-09-07 00:00:00,0.007150274653145106
2009-09-08 00:00:00,-0.0036458566855384067
2009-09-09 00:00:00,0.008090908392499374
2009-09-10 00:00:00,0.0059177644632624204
2009-09-11 00:00:00,0.00041015557900814237
2009-09-14 00:00:00,-0.044720123709015236
2009-09-15 00:00:00,0.000923029812244458
2009-09-16 00:00:00,0.00532809760373687
2009-09-17 00:00:00,-0.0030740327203919726
2009-09-18 00:00:00,-0.021599070196113512
2009-09-21 00:00:00,-0.003424465270734478
2009-09-22 00:00:00,0.00416624248490538
2009-09-23 00:00:00,-0.00463567035301804
2009-09-24 00:00:00,-0.013482267732625286
2009-09-25 00:00:00,-0.012186396549404788
2009-09-28 00:00:00,-0.003621768718075624
2009-09-29 00:00:00,0.0010683039604679756
2009-09-30 00:00:00,0.03578946086120838
2009-10-09 00:00:00,0.02825719920777603
2009-10-12 00:00:00,0.02474675711288654
2009-10-13 00:00:00,-0.014233315017059267
2009-10-14 00:00:00,0.015311231395561453
2009-10-15 00:00:00,-0.0042208529804314
2009-10-16 00:00:00,-0.003267730528536683
2009-10-19 00:00:00,0.020206861442735313
2009-10-20 00:00:00,0.005383913825194542
2009-10-21 00:00:00,-0.007366964429502465
2009-10-22 00:00:00,0.005974171495316094
2009-10-23 00:00:00,0.02712530015179193
2009-10-26 00:00:00,0.0039013889489931675
2009-10-27 00:00:00,-0.007218917178041795
2009-10-28 00:00:00,-0.0004716653570197016
2009-10-29 00:00:00,-0.0243165142925158
2009-10-30 00:00:00,0.01755051827915577
2009-11-02 00:00:00,-0.003632196284283795
2009-11-03 00:00:00,-0.012184281495626004
2009-11-04 00:00:00,0.007955806096901386
2009-11-05 00:00:00,0.00032878301562755397
2009-11-06 00:00:00,0.021994571506898097
2009-11-09 00:00:00,0.00924943508490128
2009-11-10 00:00:00,0.003182878479270901
2009-11-11 00:00:00,0.009246968127891941
2009-11-12 00:00:00,0.01163931680496244
2009-11-13 00:00:00,0.018647813482389308
2009-11-16 00:00:00,0.004074210916836796
2009-11-17 00:00:00,0.0009190013681963372
2009-11-18 00:00:00,0.01378246002925243
2009-11-19 00:00:00,-0.008916587474800397
2009-11-20 00:00:00,0.01729378144656546
2009-11-23 00:00:00,0.0023194226008891317
2009-11-24 00:00:00,-0.019589027505293344
2009-11-25 00:00:00,0.014659756571587579
2009-11-26 00:00:00,-0.01446199463751241
2009-11-27 00:00:00,-0.04007285596329402
2009-11-30 00:00:00,0.005793352975782096
2009-12-01 00:00:00,0.022216720276589053
2009-12-02 00:00:00,0.012496420654304119
2009-12-03 00:00:00,0.007110393131627202
2009-12-04 00:00:00,-0.002760142979399971
2009-12-07 00:00:00,-0.01827050346285486
2009-12-08 00:00:00,0.006244485430966673
2009-12-09 00:00:00,-0.005994401275715711
2009-12-10 00:00:00,-0.018867202731818966
2009-12-11 00:00:00,0.0049821160063501235
2009-12-14 00:00:00,0.022658919308073733
2009-12-15 00:00:00,0.0035403023272162493
2009-12-16 00:00:00,0.01664776042514582
2009-12-17 00:00:00,-0.0009782108407339063
2009-12-18 00:00:00,0.027619980404669064
2009-12-21 00:00:00,-0.012759512335531631
2009-12-22 00:00:00,-0.005319988846761214
2009-12-23 00:00:00,0.023399784018114156
2009-12-24 00:00:00,0.0034091968912786097
2009-12-25 00:00:00,0.009872202656396212
2009-12-28 00:00:00,0.00037928777001061675
2009-12-29 00:00:00,-0.00851172980722048
2009-12-30 00:00:00,0.010382121949040979
2009-12-31 00:00:00,0.014598285897582386
2010-01-04 00:00:00,0.010491749869836475
2010-01-05 00:00:00,0.0024684548570070852
2010-01-06 00:00:00,-0.00402509915560445
2010-01-07 00:00:00,-0.029525428012096122
2010-01-08 00:00:00,-0.004834467145165888
2010-01-11 00:00:00,0.024624945569413637
2010-01-12 00:00:00,-0.018055092257932892
2010-01-13 00:00:00,-0.039365233361452145
2010-01-14 00:00:00,0.02625211496252433
2010-01-15 00:00:00,-0.01649784745634042
2010-01-18 00:00:00,0.012237256851698186
2010-01-19 00:00:00,0.001499057661175307
2010-01-20 00:00:00,0.008475189580094522
2010-01-21 00:00:00,0.018816123716008493
2010-01-22 00:00:00,-0.020930097089503774
2010-01-25 00:00:00,-0.010530525520005996
2010-01-26 00:00:00,-0.013890202793968243
2010-01-27 00:00:00,-0.017133798628772512
2010-01-28 00:00:00,-0.010588298205151059
2010-01-29 00:00:00,-0.00016036832911914267
2010-02-01 00:00:00,-0.006520040877090683
2010-02-02 00:00:00,-0.007857163045509874
2010-02-03 00:00:00,0.016882780013173893
2010-02-04 00:00:00,-0.006853139798819963
2010-02-05 00:00:00,-0.008868844088658734
2010-02-08 00:00:00,0.009540721828674048
2010-02-09 00:00:00,0.01061670711748297
2010-02-10 00:00:00,0.01139850760858252
2010-02-11 00:00:00,0.003833525840249985
2010-02-12 00:00:00,0.007711751743189499
2010-02-22 00:00:00,0.024970035811250568
2010-02-23 00:00:00,0.0024646056407715555
2010-02-24 00:00:00,-0.004913339497199742
2010-02-25 00:00:00,-0.015602501733930518
2010-02-26 00:00:00,0.0027634505370943696
2010-03-01 00:00:00,0.001836934969761117
2010-03-02 00:00:00,-0.022399759428226917
2010-03-03 00:00:00,0.004358840620348969
2010-03-04 00:00:00,-0.014246797217802087
2010-03-05 00:00:00,-0.002433306700065252
2010-03-08 00:00:00,0.01032250166112303
2010-03-09 00:00:00,-0.006566413653092074
2010-03-10 00:00:00,-0.0010139732992077155
2010-03-11 00:00:00,-0.022654013178555532
2010-03-12 00:00:00,0.0066979999922927025
2010-03-15 00:00:00,-0.03318307445912072
2010-03-16 00:00:00,-0.0030169727426442305
2010-03-17 00:00:00,0.02789987725779497
2010-03-18 00:00:00,-0.010769164128296094
2010-03-19 00:00:00,0.01384815902261427
2010-03-22 00:00:00,0.00837777480791324
2010-03-23 00:00:00,0.002509206103056938
2010-03-24 00:00:00,-0.007619367395399257
2010-03-25 00:00:00,0.003286954777564688
2010-03-26 00:00:00,0.009654864157643717
2010-03-29 00:00:00,0.0034803235719407244
2010-03-30 00:00:00,-0.010388058902019548
2010-03-31 00:00:00,-0.007161538003662593
2010-04-01 00:00:00,0.004125785803301474
2010-04-02 00:00:00,0.011209226031437813
2010-04-06 00:00:00,0.01866467288332041
2010-04-07 00:00:00,0.0006641709603039114
2010-04-08 00:00:00,-0.00927585123946384
2010-04-09 00:00:00,0.008962324484371509
2010-04-12 00:00:00,-0.0024593380542657917
2010-04-13 00:00:00,0.0008498451346874436
2010-04-14 00:00:00,0.012632980868310106
2010-04-15 00:00:00,-0.0012929607178016056
2010-04-16 00:00:00,-0.0025619146652080538
2010-04-19 00:00:00,-0.02719624283063371
2010-04-20 00:00:00,0.011876092929735904
2010-04-21 00:00:00,0.0005810585311658567
2010-04-22 00:00:00,-0.010368662512935
2010-04-23 00:00:00,0.002025608989643768
2010-04-26 00:00:00,0.0046320783025926016
2010-04-27 00:00:00,-0.015063523375266952
2010-04-28 00:00:00,-0.005176862077116762
2010-04-29 00:00:00,-0.0010560701015829288
2010-04-30 00:00:00,0.007363200995645913
2010-05-04 00:00:00,0.0001639851216579391
2010-05-05 00:00:00,-0.003205632021037075
2010-05-06 00:00:00,-0.0052316648274362
2010-05-07 00:00:00,-0.029144473054739106
2010-05-10 00:00:00,0.00965687420335648
2010-05-11 00:00:00,-0.01892708289054912
2010-05-12 00:00:00,-0.008885821683602413
2010-05-13 00:00:00,0.00702242977918055
2010-05-14 00:00:00,-0.01718978939709026
2010-05-17 00:00:00,-0.041804739253130885
2010-05-18 00:00:00,0.00884698791877625
2010-05-19 00:00:00,-0.009827054775910726
2010-05-20 00:00:00,0.014127641591745954
2010-05-21 00:00:00,-0.010779075621698997
2010-05-24 00:00:00,0.020180090158296693
2010-05-25 00:00:00,-0.021609416518258207
2010-05-26 00:00:00,0.01503981095656548
2010-05-27 00:00:00,0.008466086633439396
2010-05-28 00:00:00,-0.0017993791198714915
2010-05-31 00:00:00,-0.0012313607528233739
2010-06-01 00:00:00,-0.018048403462056384
2010-06-02 00:00:00,-0.021445464183449614
2010-06-03 00:00:00,0.0023612935719052874
2010-06-04 00:00:00,-0.01685103422084222
2010-06-07 00:00:00,-0.046068842795906395
2010-06-08 00:00:00,0.00289344281275139
2010-06-09 00:00:00,0.016546827997915292
2010-06-10 00:00:00,-0.00026873818593464716
2010-06-11 00:00:00,0.012688155979942106
2010-06-17 00:00:00,-0.01569414485380205
2010-06-18 00:00:00,-0.022192450933710806
2010-06-21 00:00:00,0.04421975561451319
2010-06-22 00:00:00,-0.012399144970755893
2010-06-23 00:00:00,-0.00353722951903479
2010-06-24 00:00:00,0.019642437655372325
2010-06-25 00:00:00,-0.008956583571752774
2010-06-28 00:00:00,0.007875355000169337
2010-06-29 00:00:00,-0.02834815271446456
2010-06-30 00:00:00,-0.0021570550936975685
2010-07-01 00:00:00,-0.027717753145826696
2010-07-02 00:00:00,0.01809682109353017
2010-07-05 00:00:00,0.001622685260704193
2010-07-06 00:00:00,-0.0034185920110547663
2010-07-07 00:00:00,-0.010978771155379596
2010-07-08 00:00:00,0.0069171550510362945
2010-07-09 00:00:00,0.007333806264571807
2010-07-12 00:00:00,-0.0021237369166674513
2010-07-13 00:00:00,-0.007059298803574476
2010-07-14 00:00:00,0.0031779036447134867
2010-07-15 00:00:00,-0.01297111544296159
2010-07-16 00:00:00,-0.002498487083532619
2010-07-19 00:00:00,0.000649909904499868
2010-07-20 00:00:00,0.019814413195803793
2010-07-21 00:00:00,0.0009137772605130046
2010-07-22 00:00:00,0.019551146129922925
2010-07-23 00:00:00,0.02257946570759861
2010-07-26 00:00:00,0.010274464695594565
2010-07-27 00:00:00,-0.009343818892549094
2010-07-28 00:00:00,0.013773143490286133
2010-07-29 00:00:00,0.007207938462835184
2010-07-30 00:00:00,0.00897223858425722
2010-08-02 00:00:00,0.022850479265787316
2010-08-03 00:00:00,0.0011265745095749846
2010-08-04 00:00:00,0.004481343177889396
2010-08-05 00:00:00,-0.013304082691810715
2010-08-06 00:00:00,0.006505967854085526
2010-08-09 00:00:00,0.016696223728662973
2010-08-10 00:00:00,-0.006337692012434393
2010-08-11 00:00:00,-0.01369661218350604
2010-08-12 00:00:00,-0.015097145835283321
2010-08-13 00:00:00,0.016930727569895998
2010-08-16 00:00:00,0.015189426319283328
2010-08-17 00:00:00,0.008118964164989029
2010-08-18 00:00:00,-0.003251407498616965
2010-08-19 00:00:00,0.012381086797848884
2010-08-20 00:00:00,-0.027710728012132035
2010-08-23 00:00:00,-0.008591131290375253
2010-08-24 00:00:00,-0.008190537902506567
2010-08-25 00:00:00,0.010678748833422791
2010-08-26 00:00:00,0.015430746403933826
2010-08-27 00:00:00,-0.0038534532281510048
2010-08-30 00:00:00,0.0074109471654268955
2010-08-31 00:00:00,-0.026758913730827394
2010-09-01 00:00:00,0.010717088050440582
2010-09-02 00:00:00,0.021384680402128042
2010-09-03 00:00:00,-0.006312483917982226
2010-09-06 00:00:00,0.02038218467222519
2010-09-07 00:00:00,-0.003041419861383843
2010-09-08 00:00:00,0.010300805647658784
2010-09-09 00:00:00,-0.031376750435301304
2010-09-10 00:00:00,0.004092040549492193
2010-09-13 00:00:00,0.00906563719350717
2010-09-14 00:00:00,-0.000966340483692596
2010-09-15 00:00:00,-0.010264107773411135
2010-09-16 00:00:00,-0.0043795592352825485
2010-09-17 00:00:00,0.005655613191646536
2010-09-20 00:00:00,0.008063149760242139
2010-09-21 00:00:00,-0.009541083352747837
2010-09-27 00:00:00,0.024597009819881555
2010-09-28 00:00:00,-0.0013429278707521863
2010-09-29 00:00:00,0.005133137343328764
2010-09-30 00:00:00,0.008306519221447317
2010-10-08 00:00:00,0.02149306757155478
2010-10-11 00:00:00,0.03874234916321373
2010-10-12 00:00:00,-0.013502159972839989
2010-10-13 00:00:00,0.009010067910280029
2010-10-14 00:00:00,0.008796505548639866
2010-10-15 00:00:00,-0.010116869115801452
2010-10-18 00:00:00,-0.019682945252132877
2010-10-19 00:00:00,0.008906367888066757
2010-10-20 00:00:00,-0.01262656784173688
2010-10-21 00:00:00,0.006705854427770053
2010-10-22 00:00:00,0.019988729794444327
2010-10-25 00:00:00,0.016477516836189254
2010-10-26 00:00:00,-0.001085124896715306
2010-10-27 00:00:00,-0.017699929448853458
2010-10-28 00:00:00,0.013264588637959429
2010-10-29 00:00:00,0.00905637694045458
2010-11-01 00:00:00,0.013567896081254194
2010-11-02 00:00:00,-0.004331942127182131
2010-11-03 00:00:00,-0.00044771359847373127
2010-11-04 00:00:00,0.026234380404299262
2010-11-05 00:00:00,0.036032015425683905
2010-11-08 00:00:00,0.008919878532967163
2010-11-09 00:00:00,0.06472721845376683
2010-11-10 00:00:00,-0.006195609911237132
2010-11-11 00:00:00,-0.03316538775102251
2010-11-12 00:00:00,-0.030693186603868328
2010-11-15 00:00:00,-0.04714633525194678
2010-11-16 00:00:00,-0.014724304966988844
2010-11-17 00:00:00,-0.025948233311042235
2010-11-18 00:00:00,0.03846657966501521
2010-11-19 00:00:00,-0.002300194208602613
2010-11-22 00:00:00,-0.004963697349397722
2010-11-23 00:00:00,-0.041402862973363486
2010-11-24 00:00:00,0.014402985604297314
2010-11-25 00:00:00,-0.00819576182521986
2010-11-26 00:00:00,-0.030398312182055798
2010-11-29 00:00:00,0.020178010044314076
2010-11-30 00:00:00,-0.011861543498352223
2010-12-01 00:00:00,0.01651812674122266
2010-12-02 00:00:00,0.014055655398730993
2010-12-03 00:00:00,0.00474531715045301
2010-12-06 00:00:00,0.0041260556802258375
2010-12-07 00:00:00,-0.0085612542441873
2010-12-08 00:00:00,-0.0012122329403373433
2010-12-09 00:00:00,0.010360537705677686
2010-12-10 00:00:00,0.006141005423371926
2010-12-13 00:00:00,0.04420882253929892
2010-12-14 00:00:00,0.0038560274937229355
2010-12-15 00:00:00,-0.005853783908814081
2010-12-16 00:00:00,-0.005665660373657122
2010-12-17 00:00:00,0.007903130632922473
2010-12-20 00:00:00,-0.009333692957845918
2010-12-21 00:00:00,0.008254023401808253
2010-12-22 00:00:00,-0.005286461916789054
2010-12-23 00:00:00,0.030904520742290664
2010-12-24 00:00:00,-0.0002856124725002518
2010-12-27 00:00:00,0.005129607765054223
2010-12-28 00:00:00,-0.010941675951006369
2010-12-29 00:00:00,-0.01390342381936005
2010-12-30 00:00:00,0.010237709608119872
2010-12-31 00:00:00,-0.01416937203121349
2011-01-04 00:00:00,0.02485436243189376
2011-01-05 00:00:00,-0.0043353242021740845
2011-01-06 00:00:00,0.011152853345500313
2011-01-07 00:00:00,-0.037276175523679345
2011-01-10 00:00:00,-0.0011537877783375228
2011-01-11 00:00:00,-0.001394566266548325
2011-01-12 00:00:00,0.0050887147460982884
2011-01-13 00:00:00,0.002262374121569266
2011-01-14 00:00:00,0.0017756002369759827
2011-01-17 00:00:00,-0.005296931045378206
2011-01-18 00:00:00,-0.0073257847608526605
2011-01-19 00:00:00,0.014225413400099418
2011-01-20 00:00:00,-0.005222505332764471
2011-01-21 00:00:00,-0.018718594378703823
2011-01-24 00:00:00,0.02276427464062647
2011-01-25 00:00:00,-0.037497013530953804
2011-01-26 00:00:00,-0.0028615805839151687
2011-01-27 00:00:00,-0.0027957842563198776
2011-01-28 00:00:00,0.005069733090093287
2011-01-31 00:00:00,0.00763772949720698
2011-02-01 00:00:00,0.015280326737928451
2011-02-09 00:00:00,0.001196262651576463
2011-02-10 00:00:00,0.030245455009820565
2011-02-11 00:00:00,-0.0009158021374328085
2011-02-14 00:00:00,0.010919305825104031
2011-02-15 00:00:00,-0.005937851698253338
2011-02-16 00:00:00,-0.0012216048418050018
2011-02-17 00:00:00,-0.008790840339706119
2011-02-18 00:00:00,-0.009486022071811373
2011-02-21 00:00:00,0.007834040526633279
2011-02-22 00:00:00,-0.019906014506789194
2011-02-23 00:00:00,-0.02731488446146646
2011-02-24 00:00:00,-0.004234328607244597
2011-02-25 00:00:00,0.008320229617773789
2011-02-28 00:00:00,0.014427453938173684
2011-03-01 00:00:00,-0.004695165033768101
2011-03-02 00:00:00,0.0061105263306706625
2011-03-03 00:00:00,0.0018176479230695985
2011-03-04 00:00:00,0.005362052374381143
2011-03-07 00:00:00,0.018381573297168163
2011-03-08 00:00:00,-0.01798678996546932
2011-03-09 00:00:00,0.002953203081936806
2011-03-10 00:00:00,-0.01994833688902875
2011-03-11 00:00:00,-0.007035908031980953
2011-03-14 00:00:00,-0.003032701122893111
2011-03-15 00:00:00,-0.01183051917348843
2011-03-16 00:00:00,0.0035956795304237232
2011-03-17 00:00:00,-0.006412390094420073
2011-03-18 00:00:00,0.01384472789361757
2011-03-21 00:00:00,-0.006407940955474034
2011-03-22 00:00:00,0.00924168545446391
2011-03-23 00:00:00,0.012173835704292202
2011-03-24 00:00:00,-0.007485852768991719
2011-03-25 00:00:00,0.0020313113900651825
2011-03-28 00:00:00,-0.014695981825194271
2011-03-29 00:00:00,-0.006583545188179496
2011-03-30 00:00:00,-0.0033228094169924782
2011-03-31 00:00:00,0.0007187736655347443
2011-04-01 00:00:00,-0.015085622319118919
2011-04-06 00:00:00,0.009907866583874103
2011-04-07 00:00:00,0.003598826561866275
2011-04-08 00:00:00,0.01766897496121067
2011-04-11 00:00:00,0.00692547897223128
2011-04-12 00:00:00,0.008449789100539062
2011-04-13 00:00:00,0.017728598646897353
2011-04-14 00:00:00,-0.022334007996287042
2011-04-15 00:00:00,-0.011616073078788425
2011-04-18 00:00:00,0.005255191131494863
2011-04-19 00:00:00,-0.016982858163490766
2011-04-20 00:00:00,0.010351373332632141
2011-04-21 00:00:00,0.009690991820096473
2011-04-22 00:00:00,0.004068454659473586
2011-04-25 00:00:00,-0.0006312099955690931
2011-04-26 00:00:00,-0.007937733847382389
2011-04-27 00:00:00,-0.0065755165124358195
2011-04-28 00:00:00,0.009910224865059547
2011-04-29 00:00:00,-0.009544679732050865
2011-05-03 00:00:00,-0.001147060431308411
2011-05-04 00:00:00,-0.01177451708118571
2011-05-05 00:00:00,-0.011098100273247868
2011-05-06 00:00:00,-0.04505701048882915
2011-05-09 00:00:00,0.012539761223063994
2011-05-10 00:00:00,0.007179349101132049
2011-05-11 00:00:00,-0.007229603253998129
2011-05-12 00:00:00,-0.039827432594715884
2011-05-13 00:00:00,0.01801081661089632
2011-05-16 00:00:00,-0.009872474854348279
2011-05-17 00:00:00,0.011302953574826358
2011-05-18 00:00:00,-0.005075815704061681
2011-05-19 00:00:00,-0.013107125000668685
2011-05-20 00:00:00,0.0037883582919753245
2011-05-23 00:00:00,-0.019262608383410984
2011-05-24 00:00:00,0.004333501768569947
2011-05-25 00:00:00,0.005280670189886205
2011-05-26 00:00:00,0.021922364653937043
2011-05-27 00:00:00,0.0009931491978028006
2011-05-30 00:00:00,-0.009153881838659284
2011-05-31 00:00:00,0.005617375639307864
2011-06-01 00:00:00,-0.0017756290115501505
2011-06-02 00:00:00,-0.017802950204997225
2011-06-03 00:00:00,0.014323556815823757
2011-06-07 00:00:00,0.007941762471276759
2011-06-08 00:00:00,0.005034387676766006
2011-06-09 00:00:00,-0.01097625179316164
2011-06-10 00:00:00,-0.004567921005844355
2011-06-13 00:00:00,0.0014824061351494944
2011-06-14 00:00:00,0.005656223930996962
2011-06-15 00:00:00,0.00803852439526187
2011-06-16 00:00:00,-0.013746136578165369
2011-06-17 00:00:00,0.0004099525208491883
2011-06-20 00:00:00,-0.018095747769592663
2011-06-21 00:00:00,0.005552244251002092
2011-06-22 00:00:00,-0.002383913219010436
2011-06-23 00:00:00,-0.00353524786096282
2011-06-24 00:00:00,-0.0017369933909944235
2011-06-27 00:00:00,-0.007141486731247038
2011-06-28 00:00:00,0.009322997108760944
2011-06-29 00:00:00,0.006302762629426972
2011-06-30 00:00:00,0.013172934313682383
2011-07-01 00:00:00,0.0063800149968207265
2011-07-04 00:00:00,0.03817354288209973
2011-07-05 00:00:00,0.004424462473252344
2011-07-06 00:00:00,-0.00221935948580565
2011-07-07 00:00:00,0.00336185928859023
2011-07-08 00:00:00,0.004864298859359906
2011-07-11 00:00:00,0.013595296273578805
2011-07-12 00:00:00,0.0015962998253378213
2011-07-13 00:00:00,0.008731298331749793
2011-07-14 00:00:00,-0.000781439035078213
2011-07-15 00:00:00,0.005846308702877723
2011-07-18 00:00:00,-0.003431524630989724
2011-07-19 00:00:00,0.003350327975878642
2011-07-20 00:00:00,-0.005158474473491381
2011-07-21 00:00:00,-0.002526049625774185
2011-07-22 00:00:00,0.016633489573852467
2011-07-25 00:00:00,-0.0035257143462578133
2011-07-26 00:00:00,0.032582663158059466
2011-07-27 00:00:00,-0.0005554183488294395
2011-07-28 00:00:00,-0.0020614164313964567
2011-07-29 00:00:00,-0.0037407468389164533
2011-08-01 00:00:00,0.007775336232281216
2011-08-02 00:00:00,-0.0018175792397356894
2011-08-03 00:00:00,-0.00658024912281896
2011-08-04 00:00:00,-0.020792982107192604
2011-08-05 00:00:00,-0.044170672118423515
2011-08-08 00:00:00,-0.021556250742144956
2011-08-09 00:00:00,-0.029782106416621823
2011-08-10 00:00:00,0.018180926930051022
2011-08-11 00:00:00,0.010103444781187187
2011-08-12 00:00:00,0.0047555688620786185
2011-08-15 00:00:00,0.0055992437389831284
2011-08-16 00:00:00,-0.026868277397887996
2011-08-17 00:00:00,0.017005411524284586
2011-08-18 00:00:00,-0.013005628553063198
2011-08-19 00:00:00,-0.007580047623764741
2011-08-22 00:00:00,-0.012448449683068685
2011-08-23 00:00:00,0.028803391984473015
2011-08-24 00:00:00,-0.0003446367903209291
2011-08-25 00:00:00,-0.00019233860195289054
2011-08-26 00:00:00,0.00334723202336229
2011-08-29 00:00:00,0.001190392388619177
2011-08-30 00:00:00,0.014014351452529938
2011-08-31 00:00:00,0.001460971273714362
2011-09-01 00:00:00,-0.02161810402609643
2011-09-02 00:00:00,-3.7544832681812856e-05
2011-09-05 00:00:00,-0.006160721855761331
2011-09-06 00:00:00,0.001524218240869013
2011-09-07 00:00:00,0.016340548740576555
2011-09-08 00:00:00,-0.0038915218952404462
2011-09-09 00:00:00,-0.00032509726943552586
2011-09-13 00:00:00,-0.004343985645011261
2011-09-14 00:00:00,-0.011378103982643273
2011-09-15 00:00:00,0.00437504317175863
2011-09-16 00:00:00,0.005490592644495251
2011-09-19 00:00:00,-0.054548255896383346
2011-09-20 00:00:00,-0.003093709184218585
2011-09-21 00:00:00,0.002589921613930235
2011-09-22 00:00:00,-0.05095351562127426
2011-09-23 00:00:00,-0.021509357170698573
2011-09-26 00:00:00,-0.03332306576305022
2011-09-27 00:00:00,0.048499140632892956
2011-09-28 00:00:00,-0.01626615112097607
2011-09-29 00:00:00,-0.012559831664146648
2011-09-30 00:00:00,0.021921096472969914
2011-10-10 00:00:00,-0.012968211303215793
2011-10-11 00:00:00,-0.0012728826769625723
2011-10-12 00:00:00,0.003598034971324493
2011-10-13 00:00:00,-0.015630109719819596
2011-10-14 00:00:00,0.015221934095027034
2011-10-17 00:00:00,0.00147152347958035
2011-10-18 00:00:00,-0.02486362570259748
2011-10-19 00:00:00,-0.007570666167633688
2011-10-20 00:00:00,-0.041528809196760386
2011-10-21 00:00:00,-0.020419562179084916
2011-10-24 00:00:00,0.06172299361539646
2011-10-25 00:00:00,0.0178178693988571
2011-10-26 00:00:00,0.023184359620592065
2011-10-27 00:00:00,0.00779497115095884
2011-10-28 00:00:00,0.009531568860279727
2011-10-31 00:00:00,-0.019513841158300238
2011-11-01 00:00:00,0.0059818526160348995
2011-11-02 00:00:00,0.024146232944744606
2011-11-03 00:00:00,-0.0146068072785428
2011-11-04 00:00:00,0.03588240749285254
2011-11-07 00:00:00,-0.017242665797504997
2011-11-08 00:00:00,0.01024350903833482
2011-11-09 00:00:00,-0.005088395898404485
2011-11-10 00:00:00,-0.040909296825514696
2011-11-11 00:00:00,0.002367541977213339
2011-11-14 00:00:00,0.04434501040447847
2011-11-15 00:00:00,-0.007010091916935135
2011-11-16 00:00:00,-0.02792790264065914
2011-11-17 00:00:00,0.0068824029561342925
2011-11-18 00:00:00,-0.02238800524630058
2011-11-21 00:00:00,-0.005965489271465785
2011-11-22 00:00:00,0.004874002112131404
2011-11-23 00:00:00,-0.016927587352891682
2011-11-24 00:00:00,0.016786027044850327
2011-11-25 00:00:00,-0.007715529482773764
2011-11-28 00:00:00,0.029263564021127397
2011-11-29 00:00:00,-0.004022672136135497
2011-11-30 00:00:00,-0.011940189820079716
2011-12-01 00:00:00,0.029989585792538298
2011-12-02 00:00:00,-0.003959559940339918
2011-12-05 00:00:00,0.0015839249863252025
2011-12-06 00:00:00,-0.0074937858729442475
2011-12-07 00:00:00,0.014886418850342586
2011-12-08 00:00:00,-0.009534340466871183
2011-12-09 00:00:00,-0.020830188166812924
2011-12-12 00:00:00,-0.017760037671147977
2011-12-13 00:00:00,0.004467176523869076
2011-12-14 00:00:00,-0.006084761891834156
2011-12-15 00:00:00,-0.01730679551676062
2011-12-16 00:00:00,0.018459604022973863
2011-12-19 00:00:00,-0.0068652223740480744
2011-12-20 00:00:00,0.0036747196856230513
2011-12-21 00:00:00,0.006615937738615241
2011-12-22 00:00:00,0.004428093236946928
2011-12-23 00:00:00,0.011216268530350515
2011-12-26 00:00:00,-0.014107349543428072
2011-12-27 00:00:00,0.002289568672090514
2011-12-28 00:00:00,0.006894575828596539
2011-12-29 00:00:00,0.0011888798974364345
2011-12-30 00:00:00,0.015301470662264505
2012-01-04 00:00:00,0.0017993728385830021
2012-01-05 00:00:00,0.012256497679487888
2012-01-06 00:00:00,-0.001224371711189609
2012-01-09 00:00:00,0.00915074553439954
2012-01-10 00:00:00,-0.002649260224575234
2012-01-11 00:00:00,-0.003184393690008447
2012-01-12 00:00:00,0.0005662367305330207
2012-01-13 00:00:00,0.0009208716453041887
2012-01-16 00:00:00,-0.011985360601560857
2012-01-17 00:00:00,0.028435598584654498
2012-01-18 00:00:00,0.009625942300105716
2012-01-19 00:00:00,0.0006421954926791873
2012-01-20 00:00:00,0.014856208134086835
2012-01-30 00:00:00,0.007407511514005316
2012-01-31 00:00:00,0.008712400237531837
2012-02-01 00:00:00,-0.005122211441849989
2012-02-02 00:00:00,0.0006935671220484885
2012-02-03 00:00:00,0.0063303562168430805
2012-02-06 00:00:00,0.006232605344622
2012-02-07 00:00:00,-0.007459344424088132
2012-02-08 00:00:00,0.01594940273706058
2012-02-09 00:00:00,-0.014932753810870558
2012-02-10 00:00:00,-0.006186145406858801
2012-02-13 00:00:00,0.0011941955589518383
2012-02-14 00:00:00,-0.004211328865183828
2012-02-15 00:00:00,-0.001993824173513903
2012-02-16 00:00:00,-0.018018614095179797
2012-02-17 00:00:00,0.009756406336635992
2012-02-20 00:00:00,0.006195216802706405
2012-02-21 00:00:00,0.014173164278037609
2012-02-22 00:00:00,0.0004150013275472375
2012-02-23 00:00:00,-0.0022458019846020028
2012-02-24 00:00:00,0.0026372058281867172
2012-02-27 00:00:00,0.010950622682513567
2012-02-28 00:00:00,0.0022042490731801756
2012-02-29 00:00:00,-0.0008532244818968415
2012-03-01 00:00:00,-0.0005167728106012515
2012-03-02 00:00:00,0.015665819757340715
2012-03-05 00:00:00,-0.006886087631122861
2012-03-06 00:00:00,0.0018885687120535621
2012-03-07 00:00:00,-0.014719919733195086
2012-03-08 00:00:00,-0.000969647444622801
2012-03-09 00:00:00,0.02199947588947415
2012-03-12 00:00:00,0.007207810385831737
2012-03-13 00:00:00,0.012849897890985673
2012-03-14 00:00:00,-0.0040606661552845535
2012-03-15 00:00:00,0.006306025978228158
2012-03-16 00:00:00,-0.01015342067118441
2012-03-19 00:00:00,-0.0024851415233736462
2012-03-20 00:00:00,-0.0018409067986161487
2012-03-21 00:00:00,0.004348068475534372
2012-03-22 00:00:00,-0.003825742094332396
2012-03-23 00:00:00,-0.0026355547022127723
2012-03-26 00:00:00,0.008817412615854892
2012-03-27 00:00:00,0.007974664563877853
2012-03-28 00:00:00,-0.010760591233527017
2012-03-29 00:00:00,-0.012340339498092212
2012-03-30 00:00:00,-0.003679053328708548
2012-04-05 00:00:00,0.005305512178298111
2012-04-06 00:00:00,0.00937441659294369
2012-04-09 00:00:00,-0.016517765669710527
2012-04-10 00:00:00,-0.0007729081904694901
2012-04-11 00:00:00,-0.007743113605774399
2012-04-12 00:00:00,0.006872406383953811
2012-04-13 00:00:00,-0.0051462173774071696
2012-04-16 00:00:00,-0.0004981422209147102
2012-04-17 00:00:00,-0.00443278471945574
2012-04-18 00:00:00,0.011100765364894016
2012-04-19 00:00:00,-0.002632327735144213
2012-04-20 00:00:00,0.007300765126766473
2012-04-23 00:00:00,-0.005327853276873018
2012-04-24 00:00:00,-0.009291274565004115
2012-04-25 00:00:00,-0.006021983590975388
2012-04-26 00:00:00,0.00805522236460865
2012-04-27 00:00:00,-0.0078707331877923
2012-05-02 00:00:00,0.0061518246523337705
2012-05-03 00:00:00,-0.012748114304211189
2012-05-04 00:00:00,-0.0010220549834202286
2012-05-07 00:00:00,-0.02434552883741803
2012-05-08 00:00:00,-0.004073639743471635
2012-05-09 00:00:00,-0.0004858598499803968
2012-05-10 00:00:00,0.0028874687203792604
2012-05-11 00:00:00,-0.014737705191852912
2012-05-14 00:00:00,-0.003119186761168402
2012-05-15 00:00:00,-0.006229397756433941
2012-05-16 00:00:00,-0.014272940759416985
2012-05-17 00:00:00,0.013483341499161083
2012-05-18 00:00:00,-0.010180628616274667
2012-05-21 00:00:00,0.015435646067560649
2012-05-22 00:00:00,0.0019793742763498656
2012-05-23 00:00:00,-0.013583238894141703
2012-05-24 00:00:00,0.0025320384222318193
2012-05-25 00:00:00,0.004641299726790171
2012-05-28 00:00:00,0.009338045412954799
2012-05-29 00:00:00,0.007703979467814204
2012-05-30 00:00:00,-0.006038229113197069
2012-05-31 00:00:00,-0.016935391320394788
2012-06-01 00:00:00,-0.003220126905603027
2012-06-04 00:00:00,-0.0391195506801042
2012-06-05 00:00:00,0.005063968851845457
2012-06-06 00:00:00,-0.018483203133899173
2012-06-07 00:00:00,0.001132505293656605
2012-06-08 00:00:00,-0.005847905143792742
2012-06-11 00:00:00,0.025159081726510157
2012-06-12 00:00:00,-0.015077948166904775
2012-06-13 00:00:00,0.010378101991248778
2012-06-14 00:00:00,-0.004718264305394904
2012-06-15 00:00:00,0.013108607503574676
2012-06-18 00:00:00,0.0039464314725716765
2012-06-19 00:00:00,0.0007338622491990243
2012-06-20 00:00:00,0.010995020722662341
2012-06-21 00:00:00,-0.016271685509874678
2012-06-25 00:00:00,0.0038662669552476103
2012-06-26 00:00:00,-0.0041052632793565635
2012-06-27 00:00:00,0.0048383867386956325
2012-06-28 00:00:00,0.016005850625573137
2012-06-29 00:00:00,0.010738289162284254
2012-07-02 00:00:00,0.011947384632586155
2012-07-03 00:00:00,0.017044873783237158
2012-07-04 00:00:00,-0.0001251935091989287
2012-07-05 00:00:00,0.00871585258090013
2012-07-06 00:00:00,0.004134765222096215
2012-07-09 00:00:00,-0.005517899189775521
2012-07-10 00:00:00,-0.01352858312125138
2012-07-11 00:00:00,-0.0015014530066898013
2012-07-12 00:00:00,5.589440219688768e-05
2012-07-13 00:00:00,0.014684616160745012
2012-07-16 00:00:00,0.013586733649135985
2012-07-17 00:00:00,-0.012911215781294061
2012-07-18 00:00:00,-0.002132611447899224
2012-07-19 00:00:00,0.015195623761698807
2012-07-20 00:00:00,-0.009698935703053913
2012-07-23 00:00:00,-0.032604869047217044
2012-07-24 00:00:00,-0.0024658819666710796
2012-07-25 00:00:00,-0.019823922987848408
2012-07-26 00:00:00,0.0070106540065431044
2012-07-27 00:00:00,0.015404827863237047
2012-07-30 00:00:00,-0.00682001198074933
2012-07-31 00:00:00,0.00563023391724049
2012-08-01 00:00:00,-0.0036787436147999175
2012-08-02 00:00:00,0.00033291141567404203
2012-08-03 00:00:00,0.00531297750702997
2012-08-06 00:00:00,0.012483331106089235
2012-08-07 00:00:00,0.008773360978937106
2012-08-08 00:00:00,-0.006442561382379419
2012-08-09 00:00:00,0.014815184022040517
2012-08-10 00:00:00,-0.007059279173502908
2012-08-13 00:00:00,-0.0045535571541205355
2012-08-14 00:00:00,0.007655788150463083
2012-08-15 00:00:00,-0.003583502290900542
2012-08-16 00:00:00,0.004158631955794467
2012-08-17 00:00:00,0.010686395892606004
2012-08-20 00:00:00,-0.006809843379167568
2012-08-21 00:00:00,0.003403440038667771
2012-08-22 00:00:00,-0.013167134624603616
2012-08-23 00:00:00,0.008573719605681651
2012-08-24 00:00:00,-0.012402844961443504
2012-08-27 00:00:00,0.009091545343014484
2012-08-28 00:00:00,-0.009466215238151054
2012-08-29 00:00:00,0.002525486475937644
2012-08-30 00:00:00,0.00906285083895364
2012-08-31 00:00:00,0.006179537753226105
2012-09-03 00:00:00,0.010249385059767357
2012-09-04 00:00:00,-0.00046064897573872
2012-09-05 00:00:00,-0.0024650778432759868
2012-09-06 00:00:00,0.006213239852753238
2012-09-07 00:00:00,-0.001688020735099216
2012-09-10 00:00:00,0.013962186997250603
2012-09-11 00:00:00,0.0015160056497953711
2012-09-12 00:00:00,0.0045870078484888666
2012-09-13 00:00:00,-0.006015667469247421
2012-09-14 00:00:00,0.04135078439019835
2012-09-17 00:00:00,0.01640626231432929
2012-09-18 00:00:00,-0.011142468521577409
2012-09-19 00:00:00,0.002745672941659949
2012-09-20 00:00:00,-0.01926927088450603
2012-09-21 00:00:00,0.0073675531969448205
2012-09-24 00:00:00,-0.010464555637626605
2012-09-25 00:00:00,-0.0010764128002648254
2012-09-26 00:00:00,-0.0016940804094904838
2012-09-27 00:00:00,0.0018345634819427747
2012-09-28 00:00:00,-0.0014688962902660307
2012-10-08 00:00:00,-0.02625662125132011
2012-10-09 00:00:00,0.008655478054124588
2012-10-10 00:00:00,-0.0011829592626172447
2012-10-11 00:00:00,-0.005714818883524431
2012-10-12 00:00:00,0.0010596608433857124
2012-10-15 00:00:00,-0.018186008679721644
2012-10-16 00:00:00,0.001839570272419211
2012-10-17 00:00:00,0.00010134920975968242
2012-10-18 00:00:00,0.00901800742401715
2012-10-19 00:00:00,-0.008139430078909382
2012-10-22 00:00:00,-0.0006110945933770484
2012-10-23 00:00:00,0.00014663580344298488
2012-10-24 00:00:00,0.014996986179754757
2012-10-25 00:00:00,-0.00527931750084587
2012-10-26 00:00:00,-0.008960880165423513
2012-10-29 00:00:00,-0.03365838556689016
2012-10-30 00:00:00,0.007416327950118262
2012-10-31 00:00:00,0.0019454145518666976
2012-11-01 00:00:00,0.00623220131494806
2012-11-02 00:00:00,0.013043038622592595
2012-11-05 00:00:00,-0.001123132283321615
2012-11-06 00:00:00,0.007386917491930323
2012-11-07 00:00:00,0.005848784741134816
2012-11-08 00:00:00,-0.005037721991448585
2012-11-09 00:00:00,-0.0023075805221286494
2012-11-12 00:00:00,-0.011894263856750964
2012-11-13 00:00:00,-0.0013096196596569243
2012-11-14 00:00:00,0.0016767312551606572
2012-11-15 00:00:00,-0.005799590520756626
2012-11-16 00:00:00,-0.013594028190003549
2012-11-19 00:00:00,0.007114500400866364
2012-11-20 00:00:00,-7.138644624316015e-06
2012-11-21 00:00:00,-0.0037797382222229947
2012-11-22 00:00:00,0.0036951910781068964
2012-11-23 00:00:00,0.0037664753696569075
2012-11-26 00:00:00,0.007185678987279065
2012-11-27 00:00:00,-0.0018070517219258564
2012-11-28 00:00:00,-0.003749743543959072
2012-11-29 00:00:00,0.0027699382564936315
2012-11-30 00:00:00,0.011386114972112837
2012-12-03 00:00:00,0.02913789906157871
2012-12-04 00:00:00,-0.0025149605988643575
2012-12-05 00:00:00,0.0012523264727635208
2012-12-06 00:00:00,0.004041055305026076
2012-12-07 00:00:00,-0.0025229971191712552
2012-12-10 00:00:00,0.017721267132934537
2012-12-11 00:00:00,-0.0034430034338910342
2012-12-12 00:00:00,-0.003954775031735136
2012-12-13 00:00:00,-0.009506663949180871
2012-12-14 00:00:00,0.010615218211888822
2012-12-17 00:00:00,0.010682294841550588
2012-12-18 00:00:00,-0.005261302209792373
2012-12-19 00:00:00,0.0046454786411818105
2012-12-20 00:00:00,-0.006425219388732861
2012-12-21 00:00:00,-0.007900572768773984
2012-12-24 00:00:00,0.004514930019155594
2012-12-25 00:00:00,0.007933086016356672
2012-12-26 00:00:00,-0.0016594482215068762
2012-12-27 00:00:00,0.004320191291529385
2012-12-28 00:00:00,0.005563716100352556
2012-12-31 00:00:00,0.010535611063213768
2013-01-04 00:00:00,0.0038865238390117796
2013-01-07 00:00:00,0.004317215334911806
2013-01-08 00:00:00,-0.016074711852844592
2013-01-09 00:00:00,-0.004179470226442383
2013-01-10 00:00:00,0.001825543973137389
2013-01-11 00:00:00,-0.01495306774841132
2013-01-14 00:00:00,0.007475449726418004
2013-01-15 00:00:00,-0.000738110838045869
2013-01-16 00:00:00,-0.0011495886350600948
2013-01-17 00:00:00,0.0013410177462098716
2013-01-18 00:00:00,0.011893169015812166
2013-01-21 00:00:00,-0.006348295983171992
2013-01-22 00:00:00,0.00404329830222494
2013-01-23 00:00:00,0.0009753752289003437
2013-01-24 00:00:00,-0.006018717262336382
2013-01-25 00:00:00,0.003948282162793637
2013-01-28 00:00:00,0.01433976499885925
2013-01-29 00:00:00,0.009089435223020859
2013-01-30 00:00:00,0.0021265025037700003
2013-01-31 00:00:00,0.005700797971442739
2013-02-01 00:00:00,0.005795729944063632
2013-02-04 00:00:00,0.02206772440823257
2013-02-05 00:00:00,0.0026677108669517224
2013-02-06 00:00:00,-0.0024219285767220766
2013-02-07 00:00:00,0.009041832627127988
2013-02-08 00:00:00,0.0012048159517537016
2013-02-18 00:00:00,-0.019253005636828968
2013-02-19 00:00:00,-0.004533734381992449
2013-02-20 00:00:00,0.003986394286602302
2013-02-21 00:00:00,-0.021191875316464936
2013-02-22 00:00:00,0.0010023359558961609
2013-02-25 00:00:00,0.001604216122971902
2013-02-26 00:00:00,-0.015288334337389187
2013-02-27 00:00:00,-0.006123256597830418
2013-02-28 00:00:00,0.016511248881518004
2013-03-01 00:00:00,-0.0036827346838369523
2013-03-04 00:00:00,-0.012279569134743928
2013-03-05 00:00:00,0.006692818089830244
2013-03-06 00:00:00,-0.007010453648081061
2013-03-07 00:00:00,-0.01927735275573128
2013-03-08 00:00:00,-0.002783838127251803
2013-03-11 00:00:00,-0.00017939145623435682
2013-03-12 00:00:00,-0.018922156109509758
2013-03-13 00:00:00,0.0018785208604223946
2013-03-14 00:00:00,-0.0010674129381471609
2013-03-15 00:00:00,0.019512994337703704
2013-03-18 00:00:00,-0.013219800787210856
2013-03-19 00:00:00,0.02326360152290774
2013-03-20 00:00:00,-0.0005598798782777692
2013-03-21 00:00:00,-0.001885862651213821
2013-03-22 00:00:00,-0.004295776542902252
2013-03-25 00:00:00,-0.008014537356808238
2013-03-26 00:00:00,-0.004745546374292919
2013-03-27 00:00:00,-3.5122405777854304e-05
2013-03-28 00:00:00,-0.007341069391958555
2013-03-29 00:00:00,0.006380273593215691
2013-04-01 00:00:00,-0.01899824233289038
2013-04-02 00:00:00,0.004176838910579406
2013-04-03 00:00:00,-0.0025045705402605423
2013-04-08 00:00:00,-0.003053295471703188
2013-04-09 00:00:00,-0.0020470399912172477
2013-04-10 00:00:00,0.0027483395088918616
2013-04-11 00:00:00,-0.003916657717415006
2013-04-12 00:00:00,-0.009999315931828567
2013-04-15 00:00:00,-0.02588132567990986
2013-04-16 00:00:00,-0.0003956719134127207
2013-04-17 00:00:00,-0.0070029275924992085
2013-04-18 00:00:00,-0.011920507088132304
2013-04-19 00:00:00,0.018832088197547447
2013-04-22 00:00:00,-0.009403151904542217
2013-04-23 00:00:00,-0.009173522450566018
2013-04-24 00:00:00,0.011690987844681366
2013-04-25 00:00:00,0.01538476996723448
2013-04-26 00:00:00,-0.004828241962190449
2013-05-02 00:00:00,-0.010187803399713813
2013-05-03 00:00:00,0.016288237607312572
2013-05-06 00:00:00,0.013430689098169024
2013-05-07 00:00:00,-0.007665701426385785
2013-05-08 00:00:00,0.014043374541801379
2013-05-09 00:00:00,0.0017541830036607031
2013-05-10 00:00:00,0.007274690838029674
2013-05-13 00:00:00,-0.005682208738916894
2013-05-14 00:00:00,-0.006345587032043243
2013-05-15 00:00:00,-0.012223912987478602
2013-05-16 00:00:00,0.0019849270108405204
2013-05-17 00:00:00,0.014956103522729025
2013-05-20 00:00:00,-0.0015585154973652982
2013-05-21 00:00:00,0.01819751360736377
2013-05-22 00:00:00,0.006997177338547544
2013-05-23 00:00:00,-0.026867591233987298
2013-05-24 00:00:00,0.01567977179875113
2013-05-27 00:00:00,-0.007707715405914639
2013-05-28 00:00:00,0.0032420929299197265
2013-05-29 00:00:00,0.001285629065366889
2013-05-30 00:00:00,-0.001822302273283949
2013-05-31 00:00:00,0.0028372664237372724
2013-06-03 00:00:00,0.0030642832094915917
2013-06-04 00:00:00,0.004636829298625633
2013-06-05 00:00:00,0.015520676245758036
2013-06-06 00:00:00,-0.003993057416662338
2013-06-07 00:00:00,0.02381159779207298
2013-06-13 00:00:00,-0.01929683728004772
2013-06-14 00:00:00,0.012402440340467447
2013-06-17 00:00:00,0.008747618392161316
2013-06-18 00:00:00,-0.010754148286372334
2013-06-19 00:00:00,0.0016582269135410055
2013-06-20 00:00:00,-0.01536428439662596
2013-06-21 00:00:00,-0.0036955581052882103
2013-06-24 00:00:00,-0.01991087727072338
2013-06-25 00:00:00,0.012596183262020944
2013-06-26 00:00:00,-0.014946903030522263
2013-06-27 00:00:00,0.0063594871693004595
2013-06-28 00:00:00,-0.00352347069300607
2013-07-01 00:00:00,0.004709551168774695
2013-07-02 00:00:00,0.01544055434672953
2013-07-03 00:00:00,0.004078643090813738
2013-07-04 00:00:00,0.0023574698677475414
2013-07-05 00:00:00,-0.00410799543798257
2013-07-08 00:00:00,-0.004016099101735615
2013-07-09 00:00:00,0.005051959168142828
2013-07-10 00:00:00,0.00841577950630179
2013-07-11 00:00:00,0.015605215120468863
2013-07-12 00:00:00,-0.004962041529070094
2013-07-15 00:00:00,0.0018120571285809017
2013-07-16 00:00:00,-0.0038678579647731803
2013-07-17 00:00:00,-0.0029872848136601737
2013-07-18 00:00:00,0.011181236861710797
2013-07-19 00:00:00,0.005005607177813953
2013-07-22 00:00:00,0.0031429028440959073
2013-07-23 00:00:00,0.0017559173548575835
2013-07-24 00:00:00,0.014088731614536165
2013-07-25 00:00:00,-0.005055583782335726
2013-07-26 00:00:00,-0.00014402093366461255
2013-07-29 00:00:00,-0.005035686108618598
2013-07-30 00:00:00,0.0006369726838793
2013-07-31 00:00:00,0.009938464802343283
2013-08-01 00:00:00,0.003896112285566966
2013-08-02 00:00:00,0.0014246410378766505
2013-08-05 00:00:00,0.006239235942139043
2013-08-06 00:00:00,0.0041916875345036075
2013-08-07 00:00:00,-0.006819504051897574
2013-08-08 00:00:00,-0.00526267324484142
2013-08-09 00:00:00,-0.005964265916247546
2013-08-12 00:00:00,-0.0025043445536105935
2013-08-13 00:00:00,0.007653892100935478
2013-08-14 00:00:00,-0.018812392940345313
2013-08-15 00:00:00,0.0025474984445090776
2013-08-16 00:00:00,-0.0002630803274054072
2013-08-19 00:00:00,-0.008837086370757197
2013-08-20 00:00:00,0.0010545825820293953
2013-08-21 00:00:00,0.001304971694337631
2013-08-22 00:00:00,0.00040884455665679553
2013-08-23 00:00:00,-0.000725201997083369
2013-08-26 00:00:00,0.016431692223349392
2013-08-27 00:00:00,0.012651132958983125
2013-08-28 00:00:00,0.010197380338191397
2013-08-29 00:00:00,0.001012277421836627
2013-08-30 00:00:00,-0.014402132388594335
2013-09-02 00:00:00,-0.0006033099404255671
2013-09-03 00:00:00,-0.000627441626408487
2013-09-04 00:00:00,-0.0014709095892407875
2013-09-05 00:00:00,0.005544632545408712
2013-09-06 00:00:00,-0.002225807857696105
2013-09-09 00:00:00,0.006352136578927858
2013-09-10 00:00:00,-0.008353780746741424
2013-09-11 00:00:00,-0.0030700621047197174
2013-09-12 00:00:00,-0.000901435698250852
2013-09-13 00:00:00,-0.008447987374104349
2013-09-16 00:00:00,-0.0141013151682432
2013-09-17 00:00:00,-0.0031590344747935983
2013-09-18 00:00:00,0.0006969319642196048
2013-09-23 00:00:00,0.002542146759867414
2013-09-24 00:00:00,-0.0012366879465183223
2013-09-25 00:00:00,0.00012535399705804195
2013-09-26 00:00:00,0.010513292958237885
2013-09-27 00:00:00,0.009135484781968684
2013-09-30 00:00:00,-0.002133920748072393
2013-10-08 00:00:00,0.017384852288510055
2013-10-09 00:00:00,0.000878026239666374
2013-10-10 00:00:00,0.005279444795905475
2013-10-11 00:00:00,0.010269109584674974
2013-10-14 00:00:00,0.013912859236587805
2013-10-15 00:00:00,-0.013715166696697811
2013-10-16 00:00:00,0.0007430649640058906
2013-10-17 00:00:00,-0.001502635781192585
2013-10-18 00:00:00,0.006174489255792892
2013-10-21 00:00:00,-0.0051873502222913315
2013-10-22 00:00:00,-0.01045449596528969
2013-10-23 00:00:00,0.0009585324281913277
2013-10-24 00:00:00,0.004457029917912525
2013-10-25 00:00:00,-0.013952778779921737
2013-10-28 00:00:00,0.00958314630529844
2013-10-29 00:00:00,0.01623985117186666
2013-10-30 00:00:00,0.0020316968148721415
2013-10-31 00:00:00,-0.01383550107952547
2013-11-01 00:00:00,0.007360763836722128
2013-11-04 00:00:00,-0.00834517464909279
2013-11-05 00:00:00,0.0016277128488042525
2013-11-06 00:00:00,-0.012975431595717235
2013-11-07 00:00:00,-0.0022703320985649755
2013-11-08 00:00:00,-0.0035159716110463313
2013-11-11 00:00:00,0.004593168193052888
2013-11-12 00:00:00,0.007729615114229427
2013-11-13 00:00:00,0.0003841699405753296
2013-11-14 00:00:00,-0.003574389996204186
2013-11-15 00:00:00,-0.0012972475078009138
2013-11-18 00:00:00,0.0016084396315738658
2013-11-19 00:00:00,-0.007774538264528563
2013-11-20 00:00:00,0.011813922439741997
2013-11-21 00:00:00,0.0029284250576964155
2013-11-22 00:00:00,-0.0024044003588479246
2013-11-25 00:00:00,0.003765863830877514
2013-11-26 00:00:00,0.0057803848908644095
2013-11-27 00:00:00,0.004110070483908768
2013-11-28 00:00:00,0.0005977420660783217
2013-11-29 00:00:00,0.003100193028507059
2013-12-02 00:00:00,0.008381256533638082
2013-12-03 00:00:00,-0.00488454056091403
2013-12-04 00:00:00,0.002701155586821269
2013-12-05 00:00:00,-0.0018735882834596262
2013-12-06 00:00:00,0.0021102079999888446
2013-12-09 00:00:00,0.002542787587667794
2013-12-10 00:00:00,-0.008016695681319908
2013-12-11 00:00:00,-0.008767976321391036
2013-12-12 00:00:00,-0.002795185652431975
2013-12-13 00:00:00,0.0009898252086417703
2013-12-16 00:00:00,-0.006007842639374261
2013-12-17 00:00:00,0.0019137068568091387
2013-12-18 00:00:00,-0.010402075957744783
2013-12-19 00:00:00,-0.006252113643148816
2013-12-20 00:00:00,0.005175150069343992
2013-12-23 00:00:00,-0.005329752706213053
2013-12-24 00:00:00,-0.0051709793265188875
2013-12-25 00:00:00,0.012381759322395158
2013-12-26 00:00:00,0.0069668533320963455
2013-12-27 00:00:00,0.0016686990812164737
2013-12-30 00:00:00,-6.802056236343557e-05
2013-12-31 00:00:00,-0.0092840146633425
2014-01-02 00:00:00,-0.0008464579971864117
2014-01-03 00:00:00,-0.0021856215729536554
2014-01-06 00:00:00,-0.002100183080672391
2014-01-07 00:00:00,-0.010439002516083762
2014-01-08 00:00:00,0.0005771549327602266
2014-01-09 00:00:00,0.0149860767351635
2014-01-10 00:00:00,-0.01486173547888403
2014-01-13 00:00:00,-0.010103921967015927
2014-01-14 00:00:00,0.01195245269587586
2014-01-15 00:00:00,0.001876548693253488
2014-01-16 00:00:00,0.0011506401768386354
2014-01-17 00:00:00,0.0010870381695748943
2014-01-20 00:00:00,0.004856368151227919
2014-01-21 00:00:00,-0.014423695849509643
2014-01-22 00:00:00,-0.000987263170151076
2014-01-23 00:00:00,0.00538516441718162
2014-01-24 00:00:00,-0.003933729309082201
2014-01-27 00:00:00,0.0015559447553976646
2014-01-28 00:00:00,0.0011977105240288388
2014-01-29 00:00:00,0.004000059093071773
2014-01-30 00:00:00,-0.008495228456158244
2014-02-07 00:00:00,-0.0014470482105125582
2014-02-10 00:00:00,-0.009114073167062364
2014-02-11 00:00:00,-0.008067398341816023
2014-02-12 00:00:00,0.002115114128521167
2014-02-13 00:00:00,-0.0055536632283650356
2014-02-14 00:00:00,-0.006060786329643353
2014-02-17 00:00:00,0.0026965346229181897
2014-02-18 00:00:00,-0.01301469535094213
2014-02-19 00:00:00,0.006626452711297581
2014-02-20 00:00:00,0.010356963517714979
2014-02-21 00:00:00,0.002454051940407931
2014-02-24 00:00:00,0.001588972033520486
2014-02-25 00:00:00,0.004736760893407688
2014-02-26 00:00:00,-0.0042397042125577045
2014-02-27 00:00:00,0.003214196301204675
2014-02-28 00:00:00,-0.006360987148982367
2014-03-03 00:00:00,-0.009779878893888427
2014-03-04 00:00:00,0.003587778471050962
2014-03-05 00:00:00,-0.006178152361046574
2014-03-06 00:00:00,-0.013337861769302073
2014-03-07 00:00:00,0.0016480547824493375
2014-03-10 00:00:00,-0.018052442983147787
2014-03-11 00:00:00,0.009499957589562458
2014-03-12 00:00:00,0.0035775536796236462
2014-03-13 00:00:00,0.0005345601155528623
2014-03-14 00:00:00,0.002815170382491461
2014-03-17 00:00:00,0.0013326012754670824
2014-03-18 00:00:00,0.015618269459229062
2014-03-19 00:00:00,-0.016252927972746467
2014-03-20 00:00:00,0.0038243490807956526
2014-03-21 00:00:00,0.003341007945285801
2014-03-24 00:00:00,0.012828718980023135
2014-03-25 00:00:00,0.007563261601529092
2014-03-26 00:00:00,0.007689507571872145
2014-03-27 00:00:00,-0.0038341230819007865
2014-03-28 00:00:00,0.00790962631473402
2014-03-31 00:00:00,-0.003096555474823015
2014-04-01 00:00:00,0.013082404938933312
2014-04-02 00:00:00,-0.0025931786587283234
2014-04-03 00:00:00,0.007627521104813351
2014-04-04 00:00:00,0.006644057954029892
2014-04-08 00:00:00,-0.007036190864808445
2014-04-09 00:00:00,0.0005742599496267875
2014-04-10 00:00:00,-0.008100627305915542
2014-04-11 00:00:00,0.0010297496061582034
2014-04-14 00:00:00,0.0070671583868759935
2014-04-15 00:00:00,0.003453081040635686
2014-04-16 00:00:00,-0.001472629488274979
2014-04-17 00:00:00,0.006772352493127798
2014-04-18 00:00:00,0.003404727446441713
2014-04-21 00:00:00,0.00017583979587088017
2014-04-22 00:00:00,0.00976083451288523
2014-04-23 00:00:00,-0.003239520317015132
2014-04-24 00:00:00,-0.001651815641534271
2014-04-25 00:00:00,-0.016154107667134765
2014-04-28 00:00:00,-0.004401983150695732
2014-04-29 00:00:00,-0.0017024419046940409
2014-04-30 00:00:00,-0.004878965478098407
2014-05-05 00:00:00,0.01402320829648862
2014-05-06 00:00:00,0.005042169983244582
2014-05-07 00:00:00,0.013431269784761168
2014-05-08 00:00:00,-0.005481524467758292
2014-05-09 00:00:00,-0.001769144661372346
2014-05-12 00:00:00,-0.008830891573847865
2014-05-13 00:00:00,0.0038533116120145205
2014-05-14 00:00:00,4.8156834635770807e-05
2014-05-15 00:00:00,-0.00704147804379418
2014-05-16 00:00:00,-0.007146975092975016
2014-05-19 00:00:00,-0.003969827289904249
2014-05-20 00:00:00,0.005672509303761064
2014-05-21 00:00:00,0.015254538822149888
2014-05-22 00:00:00,0.009919150071634242
2014-05-23 00:00:00,0.004496254174021885
2014-05-26 00:00:00,-0.00470347195748777
2014-05-27 00:00:00,-0.01678186325598685
2014-05-28 00:00:00,0.004054675634297178
2014-05-29 00:00:00,0.008289482682133587
2014-05-30 00:00:00,-0.00021174770532927933
2014-06-03 00:00:00,0.010655007620408163
2014-06-04 00:00:00,-0.0005942979805765303
2014-06-05 00:00:00,0.0059045769455579045
2014-06-06 00:00:00,-0.0018775106897809257
2014-06-09 00:00:00,0.008547190183074482
2014-06-10 00:00:00,0.011916505897059393
2014-06-11 00:00:00,0.004746896720416061
2014-06-12 00:00:00,0.003638237113242848
2014-06-13 00:00:00,0.01045981512701899
2014-06-16 00:00:00,0.005415764477044949
2014-06-17 00:00:00,-0.015189479285964147
2014-06-18 00:00:00,-0.002881394054356279
2014-06-19 00:00:00,-0.0018118150894715912
2014-06-20 00:00:00,0.012554825381899892
2014-06-23 00:00:00,-0.01913124210761219
2014-06-24 00:00:00,0.0039678284005344455
2014-06-25 00:00:00,0.00328666353412177
2014-06-26 00:00:00,-0.005432469089716396
2014-06-27 00:00:00,0.010593837782908011
2014-06-30 00:00:00,0.006770340635261718
2014-07-01 00:00:00,0.003009469228900219
2014-07-02 00:00:00,-0.003193283995838625
2014-07-03 00:00:00,0.0008028940183986144
2014-07-04 00:00:00,0.007801396552478135
2014-07-07 00:00:00,0.00818852471898901
2014-07-08 00:00:00,-0.00033007602116008616
2014-07-09 00:00:00,-0.018563300753452805
2014-07-10 00:00:00,-0.006983351908626978
2014-07-11 00:00:00,0.0028725974034979895
2014-07-14 00:00:00,-0.002401588336061855
2014-07-15 00:00:00,-0.0002671759886655467
2014-07-16 00:00:00,0.005819778102785111
2014-07-17 00:00:00,-0.009085023495672417
2014-07-18 00:00:00,-0.02064514155929431
2014-07-21 00:00:00,-0.0015789069702193403
2014-07-22 00:00:00,0.0016107218030863013
2014-07-23 00:00:00,0.007888232857095945
2014-07-24 00:00:00,-0.0060742892496459255
2014-07-25 00:00:00,0.005128223666757581
2014-07-28 00:00:00,0.00914725946905004
2014-07-29 00:00:00,0.0011322768526209614
2014-07-30 00:00:00,-0.003034196813928025
2014-07-31 00:00:00,-0.003698968442578887
2014-08-01 00:00:00,-0.00432994898794814
2014-08-04 00:00:00,-0.004415026001868827
2014-08-05 00:00:00,-0.022124799121816308
2014-08-06 00:00:00,0.006502444152679754
2014-08-07 00:00:00,-0.0049835454451970795
2014-08-08 00:00:00,-0.0038108301882426865
2014-08-11 00:00:00,-0.0017692783294991354
2014-08-12 00:00:00,-0.015298664361668823
2014-08-13 00:00:00,-0.0033453951111110936
2014-08-14 00:00:00,0.0026504781485074957
2014-08-15 00:00:00,0.007704948300770065
2014-08-18 00:00:00,-0.0018396450169436696
2014-08-19 00:00:00,0.0034023839503825037
2014-08-20 00:00:00,-0.010318587757944031
2014-08-21 00:00:00,0.0125218749942273
2014-08-22 00:00:00,-0.003759567575299938
2014-08-25 00:00:00,-0.004178955629175141
2014-08-26 00:00:00,-0.0044860093476657426
2014-08-27 00:00:00,-0.004622630067371292
2014-08-28 00:00:00,-0.003064869799678571
2014-08-29 00:00:00,-0.00662977356843597
2014-09-01 00:00:00,0.0025087293726067106
2014-09-02 00:00:00,0.012934289107415342
2014-09-03 00:00:00,-0.005503224058527656
2014-09-04 00:00:00,0.007302946030988133
2014-09-05 00:00:00,-0.009731894105422079
2014-09-09 00:00:00,-0.015115843980866517
2014-09-10 00:00:00,-0.006985462358557126
2014-09-11 00:00:00,0.0015142891932660163
2014-09-12 00:00:00,-0.009308090082697396
2014-09-15 00:00:00,0.007871856982254677
2014-09-16 00:00:00,-0.0027192067880095205
2014-09-17 00:00:00,-0.006604732572927818
2014-09-18 00:00:00,-0.012518702314310404
2014-09-19 00:00:00,-0.0039384998422192785
2014-09-22 00:00:00,-0.019671773477175192
2014-09-23 00:00:00,-0.017034715565676817
2014-09-24 00:00:00,0.010775119245734599
2014-09-25 00:00:00,0.005795022673073857
2014-09-26 00:00:00,0.003686436913475033
2014-09-29 00:00:00,0.018905969502605036
2014-09-30 00:00:00,0.0037996532475563782
2014-10-08 00:00:00,-0.03754448860626125
2014-10-09 00:00:00,-0.0028852399328443967
2014-10-10 00:00:00,-0.037554254283690414
2014-10-13 00:00:00,0.0007891579731473808
2014-10-14 00:00:00,0.012870170784315738
2014-10-15 00:00:00,0.004696407410367254
2014-10-16 00:00:00,-0.008003304170461911
2014-10-17 00:00:00,-0.00885019246311547
2014-10-20 00:00:00,-0.00335169474337238
2014-10-21 00:00:00,0.004171184193255462
2014-10-22 00:00:00,0.0057406997011268945
2014-10-23 00:00:00,0.007007381078055541
2014-10-24 00:00:00,0.013427659126283409
2014-10-27 00:00:00,-0.009089386434193991
2014-10-28 00:00:00,0.016225761325742383
2014-10-29 00:00:00,0.009318747429171381
2014-10-30 00:00:00,0.008600326015900439
2014-10-31 00:00:00,0.00031117068963659733
2014-11-03 00:00:00,-0.008851490546211482
2014-11-04 00:00:00,-0.007390822385718865
2014-11-05 00:00:00,-0.017107124351716907
2014-11-06 00:00:00,0.013434800724615892
2014-11-07 00:00:00,0.005624420356220128
2014-11-10 00:00:00,0.015788430630021555
2014-11-11 00:00:00,-0.025133536490269837
2014-11-12 00:00:00,0.008890379037465035
2014-11-13 00:00:00,0.0009255151958746932
2014-11-14 00:00:00,-0.01545936827600658
2014-11-17 00:00:00,-0.010980832546283126
2014-11-18 00:00:00,-0.00539681920217161
2014-11-19 00:00:00,0.000823636154784646
2014-11-20 00:00:00,-0.010397804567200408
2014-11-21 00:00:00,0.0037443888696382377
2014-11-24 00:00:00,-0.011376639227226648
2014-11-25 00:00:00,0.003940738462537174
2014-11-26 00:00:00,-0.0040841818050414425
2014-11-27 00:00:00,0.000618563511094461
2014-11-28 00:00:00,-0.045530167555868695
2014-12-01 00:00:00,-0.02964712313448603
2014-12-02 00:00:00,0.009670902399918413
2014-12-03 00:00:00,-0.011332078614937902
2014-12-04 00:00:00,-0.0030244661564629016
2014-12-05 00:00:00,-0.005303618073858485
2014-12-08 00:00:00,-0.020296291377404185
2014-12-09 00:00:00,-0.028550003083882558
2014-12-10 00:00:00,0.0020076492436047477
2014-12-11 00:00:00,-0.0018740615286163553
2014-12-12 00:00:00,0.005711884479258744
2014-12-15 00:00:00,0.024288774256578716
2014-12-16 00:00:00,-0.017130816394630655
2014-12-17 00:00:00,0.004928640387868555
2014-12-18 00:00:00,0.017697112092681433
2014-12-19 00:00:00,0.001318045806685486
2014-12-22 00:00:00,-0.0016320228065294096
2014-12-23 00:00:00,-0.019176379450742242
2014-12-24 00:00:00,0.008085921610373914
2014-12-25 00:00:00,-0.014045724848803176
2014-12-26 00:00:00,-0.014991212297762457
2014-12-29 00:00:00,0.006480822365392269
2014-12-30 00:00:00,0.006922677220983164
2014-12-31 00:00:00,0.025940473639513018
2015-01-05 00:00:00,-0.032903291999166306
2015-01-06 00:00:00,0.014223571884849129
2015-01-07 00:00:00,-0.009235290023817733
2015-01-08 00:00:00,-0.009787088915627296
2015-01-09 00:00:00,-0.01984915924113695
2015-01-12 00:00:00,-0.008735011231360112
2015-01-13 00:00:00,-0.004555768339756683
2015-01-14 00:00:00,0.014371024299288715
2015-01-15 00:00:00,0.028696769650358167
2015-01-16 00:00:00,-0.00223191462947947
2015-01-19 00:00:00,0.017415443077481108
2015-01-20 00:00:00,-0.015702663244755444
2015-01-21 00:00:00,0.01201637045738746
2015-01-22 00:00:00,-0.005550760761568352
2015-01-23 00:00:00,-0.004938238265319583
2015-01-26 00:00:00,-0.027388930147219326
2015-01-27 00:00:00,0.006005577325278955
2015-01-28 00:00:00,0.00904432044018999
2015-01-29 00:00:00,0.0037564556758260537
2015-01-30 00:00:00,-0.015145551564704096
2015-02-02 00:00:00,0.024740482397505703
2015-02-03 00:00:00,0.029285716609514623
2015-02-04 00:00:00,0.0002925806040074974
2015-02-05 00:00:00,-0.007857762476601637
2015-02-06 00:00:00,0.035416634719799944
2015-02-09 00:00:00,-0.003094806623117341
2015-02-10 00:00:00,0.005021220643023128
2015-02-11 00:00:00,0.006999240366868387
2015-02-12 00:00:00,0.0037197799565384937
2015-02-13 00:00:00,0.022190113125691857
2015-02-16 00:00:00,0.005968057721493336
2015-02-17 00:00:00,0.0020797390058338028
2015-02-25 00:00:00,-0.0026395722044699754
2015-02-26 00:00:00,0.028226828480394595
2015-02-27 00:00:00,-0.009126042875915341
2015-03-02 00:00:00,0.022804857243576615
2015-03-03 00:00:00,-0.01690064444292727
2015-03-04 00:00:00,0.0036286302971495488
2015-03-05 00:00:00,-0.017918115462003503
2015-03-06 00:00:00,-0.003427915345455279
2015-03-09 00:00:00,-0.005273994522350334
2015-03-10 00:00:00,-0.003591356921445743
2015-03-11 00:00:00,-0.013326548626821144
2015-03-12 00:00:00,0.037762832610766406
2015-03-13 00:00:00,-0.00671444299475521
2015-03-16 00:00:00,-0.010570605033946578
2015-03-17 00:00:00,0.012709408904945985
2015-03-18 00:00:00,-0.02857689198186497
2015-03-19 00:00:00,0.00747384115685179
2015-03-20 00:00:00,0.0020570150666427978
2015-03-23 00:00:00,0.04164760686323343
2015-03-24 00:00:00,0.019552355814955513
2015-03-25 00:00:00,-0.004707267016587746
2015-03-26 00:00:00,0.015285900710648725
2015-03-27 00:00:00,-0.0013723547301578432
2015-03-30 00:00:00,0.0036212441170921927
2015-03-31 00:00:00,-0.0042973368611891605
2015-04-01 00:00:00,0.01224818645852821
2015-04-02 00:00:00,0.01162033674712104
2015-04-03 00:00:00,-0.031888854809361766
2015-04-07 00:00:00,-0.0022402479954963805
2015-04-08 00:00:00,0.00703724440907183
2015-04-09 00:00:00,-0.01477496957907698
2015-04-10 00:00:00,-0.007100491734452263
2015-04-13 00:00:00,0.0027419540670579057
2015-04-14 00:00:00,-0.010591643456003386
2015-04-15 00:00:00,-0.0017820216278698897
2015-04-16 00:00:00,0.026238451305990784
2015-04-17 00:00:00,0.0024120273088443778
2015-04-20 00:00:00,0.014197380330509324
2015-04-21 00:00:00,0.005675056515613841
2015-04-22 00:00:00,-0.01558640277974388
2015-04-23 00:00:00,0.0162536723315998
2015-04-24 00:00:00,0.021148567675914665
2015-04-27 00:00:00,0.02606839167918973
2015-04-28 00:00:00,-0.008873741107419564
2015-04-29 00:00:00,-0.016239048304723225
2015-04-30 00:00:00,0.016861605345609876
2015-05-04 00:00:00,-0.005207029789851214
2015-05-05 00:00:00,-0.006633483966282161
2015-05-06 00:00:00,-0.016089078230642984
2015-05-07 00:00:00,-0.01986138077065691
2015-05-08 00:00:00,-0.007072114944598029
2015-05-11 00:00:00,-0.006164050216588612
2015-05-12 00:00:00,-0.007416605566558432
2015-05-13 00:00:00,0.0075594394735569725
2015-05-14 00:00:00,0.00452153894615126
2015-05-15 00:00:00,-0.010435376379334893
2015-05-18 00:00:00,-0.01774596095541514
2015-05-19 00:00:00,-0.015496028536987061
2015-05-20 00:00:00,0.004939117362212864
2015-05-21 00:00:00,0.01472380596813605
2015-05-22 00:00:00,0.014351183553531488
2015-05-25 00:00:00,-0.008404531983280394
2015-05-26 00:00:00,-0.016472582036388128
2015-05-27 00:00:00,0.0006346209970047312
2015-05-28 00:00:00,-0.0069415518479210014
2015-05-29 00:00:00,0.0011765763524840267
2015-06-01 00:00:00,0.0024078550009549726
2015-06-02 00:00:00,0.003890810377254361
2015-06-03 00:00:00,0.0014958827445643585
2015-06-04 00:00:00,0.003584788181067333
2015-06-05 00:00:00,-0.0013358769101913248
2015-06-08 00:00:00,-0.011150725315479781
2015-06-09 00:00:00,0.0003875808081417187
2015-06-10 00:00:00,0.030080336452229295
2015-06-11 00:00:00,0.005928010077170365
2015-06-12 00:00:00,-0.012221677381511808
2015-06-15 00:00:00,0.01517740095603859
2015-06-16 00:00:00,-0.004137074975933186
2015-06-17 00:00:00,-0.019409204502882416
2015-06-18 00:00:00,-0.0010162080706521692
2015-06-19 00:00:00,0.007479156505143969
2015-06-23 00:00:00,-0.0006533085024249541
2015-06-24 00:00:00,0.012760255706845358
2015-06-25 00:00:00,-0.0004518481641254679
2015-06-26 00:00:00,0.01990578736861015
2015-06-29 00:00:00,-0.009024181366393935
2015-06-30 00:00:00,0.006675841666405002
2015-07-01 00:00:00,0.005738461548686846
2015-07-02 00:00:00,0.0001667381793841738
2015-07-03 00:00:00,-0.002652118217544408
2015-07-06 00:00:00,-0.027549823343516855
2015-07-07 00:00:00,-0.03409913016407984
2015-07-08 00:00:00,-0.04727340773291122
2015-07-09 00:00:00,0.06885856844591065
2015-07-10 00:00:00,0.0022920287199090783
2015-07-13 00:00:00,-0.007048664913616887
2015-07-14 00:00:00,-0.004972654133600041
2015-07-15 00:00:00,0.004806530293281819
2015-07-16 00:00:00,-0.019196145986125512
2015-07-17 00:00:00,-0.0021131280656474516
2015-07-20 00:00:00,0.0037635245869218625
2015-07-21 00:00:00,-0.005557479747890892
2015-07-22 00:00:00,0.013992018197118039
2015-07-23 00:00:00,-0.003983017866183491
2015-07-24 00:00:00,-0.03148261470308822
2015-07-27 00:00:00,-0.03254464980352345
2015-07-28 00:00:00,0.006386982874398983
2015-07-29 00:00:00,0.010941404762503604
2015-07-30 00:00:00,-0.009664535624523629
2015-07-31 00:00:00,-0.001994198161159866
2015-08-03 00:00:00,-0.027969734517843348
2015-08-04 00:00:00,0.006424519170148413
2015-08-05 00:00:00,0.014053251110898612
2015-08-06 00:00:00,-0.014036399451548998
2015-08-07 00:00:00,0.010402251294519438
2015-08-10 00:00:00,0.008599805367169644
2015-08-11 00:00:00,0.024235794504644526
2015-08-12 00:00:00,0.005611379589457011
2015-08-13 00:00:00,0.00015076472791153428
2015-08-14 00:00:00,-0.001739921909428288
2015-08-17 00:00:00,-0.022242311235340373
2015-08-18 00:00:00,-0.017862184864059216
2015-08-19 00:00:00,0.0012023780881549317
2015-08-20 00:00:00,-0.011291906179348499
2015-08-21 00:00:00,-0.0007362921984237492
2015-08-24 00:00:00,-0.03708140476822608
2015-08-25 00:00:00,0.013076264326980835
2015-08-26 00:00:00,-0.001938983960228513
2015-08-27 00:00:00,0.03072354400035726
2015-08-28 00:00:00,0.016313510067250236
2015-08-31 00:00:00,-0.011916759282534328
2015-09-01 00:00:00,0.007794562804623872
2015-09-02 00:00:00,-0.0016686206189534536
2015-09-07 00:00:00,-0.011079918840353309
2015-09-08 00:00:00,-0.006405634962333928
2015-09-09 00:00:00,0.014009513744231095
2015-09-10 00:00:00,0.011000270260480116
2015-09-11 00:00:00,-0.003928248223354247
2015-09-14 00:00:00,-0.012546609755116456
2015-09-15 00:00:00,-0.0029333179475056204
2015-09-16 00:00:00,0.002130386042005661
2015-09-17 00:00:00,-0.00900272961288029
2015-09-18 00:00:00,-0.00980170452480933
2015-09-21 00:00:00,0.011030247676385052
2015-09-22 00:00:00,-0.006971759289989277
2015-09-23 00:00:00,0.011013255413969691
2015-09-24 00:00:00,-0.006665438254035538
2015-09-25 00:00:00,-0.013405377986039357
2015-09-28 00:00:00,-0.012140294833402954
2015-09-29 00:00:00,-0.0036658249682989252
2015-09-30 00:00:00,0.00791763052577199
2015-10-08 00:00:00,0.013438369125153171
2015-10-09 00:00:00,0.030414653226967348
2015-10-12 00:00:00,-0.0037881343371368725
2015-10-13 00:00:00,-0.004637463112644458
2015-10-14 00:00:00,-0.017136405880616823
2015-10-15 00:00:00,-0.0006804286845426555
2015-10-16 00:00:00,-0.006355155402976376
2015-10-19 00:00:00,-0.006278175285231891
2015-10-20 00:00:00,0.005495191838952307
2015-10-21 00:00:00,-0.007136397309061793
2015-10-22 00:00:00,0.012536752874674706
2015-10-23 00:00:00,-0.007227512553498738
2015-10-26 00:00:00,-0.015369252788635768
2015-10-27 00:00:00,0.005102977261741248
2015-10-28 00:00:00,-0.001792089084018289
2015-10-29 00:00:00,0.0006045322311738488
2015-10-30 00:00:00,-0.004284470890975056
2015-11-02 00:00:00,0.00409800041263475
2015-11-03 00:00:00,-0.007716561825125257
2015-11-04 00:00:00,0.01065005124917251
2015-11-05 00:00:00,-0.03627230719515595
2015-11-06 00:00:00,0.005725528686886028
2015-11-09 00:00:00,-0.009313170946493532
2015-11-10 00:00:00,-0.005163525080372433
2015-11-11 00:00:00,-0.003891780922018362
2015-11-12 00:00:00,-0.003088883807900844
2015-11-13 00:00:00,-0.019055663922829202
2015-11-16 00:00:00,-0.004829536309457483
2015-11-17 00:00:00,0.00979940915660027
2015-11-18 00:00:00,-0.01484139084478664
2015-11-19 00:00:00,-0.012406739550473445
2015-11-20 00:00:00,-0.026851866821628656
2015-11-23 00:00:00,0.005559508345050368
2015-11-24 00:00:00,0.030136524204082304
2015-11-25 00:00:00,0.008652773758613064
2015-11-26 00:00:00,0.017167656417438115
2015-11-27 00:00:00,-0.006284631505895977
2015-11-30 00:00:00,0.002717779823888433
2015-12-01 00:00:00,0.002745676994034607
2015-12-02 00:00:00,-0.008845096171286815
2015-12-03 00:00:00,-0.0015925795978540824
2015-12-04 00:00:00,-0.0026984019760178946
2015-12-07 00:00:00,0.0006309874673446902
2015-12-08 00:00:00,-0.040015732908608714
2015-12-09 00:00:00,0.016241003315330627
2015-12-10 00:00:00,0.007207465828299231
2015-12-11 00:00:00,0.005085642678495095
2015-12-14 00:00:00,0.0016381339475572965
2015-12-15 00:00:00,-0.008016612154600922
2015-12-16 00:00:00,0.005652618966485168
2015-12-17 00:00:00,-0.004334161253559565
2015-12-18 00:00:00,0.02316861332288478
2015-12-21 00:00:00,0.0074738073226334745
2015-12-22 00:00:00,0.012419865148884934
2015-12-23 00:00:00,0.005196146341551522
2015-12-24 00:00:00,-0.0044567895156586435
2015-12-25 00:00:00,0.003793494608862469
2015-12-28 00:00:00,-0.012847339194078877
2015-12-29 00:00:00,0.010832049454412962
2015-12-30 00:00:00,0.014152940023351324
2015-12-31 00:00:00,0.0030927136623144502
2016-01-04 00:00:00,-0.001606704958669547
2016-01-05 00:00:00,0.002533029235368689
2016-01-06 00:00:00,-0.01027000298815306
2016-01-07 00:00:00,-0.009814303358742893
2016-01-08 00:00:00,0.0006367691381305995
2016-01-11 00:00:00,-0.007435453781154178
2016-01-12 00:00:00,0.0024609890792537392
2016-01-13 00:00:00,-0.009603922054604475
2016-01-14 00:00:00,-0.0012189419477470764
2016-01-15 00:00:00,0.0028135371889075333
2016-01-18 00:00:00,0.02725528629956986
2016-01-19 00:00:00,0.03144668447490839
2016-01-20 00:00:00,-0.0074237934193999155
2016-01-21 00:00:00,-2.082246442713931e-06
2016-01-22 00:00:00,0.0016720596961830037
2016-01-25 00:00:00,-0.001692135103839476
2016-01-26 00:00:00,0.01593899678679178
2016-01-27 00:00:00,0.014911951618460595
2016-01-28 00:00:00,-0.00658280479212392
2016-01-29 00:00:00,-0.0010567093253398552
2016-02-01 00:00:00,-0.004348618797243908
2016-02-02 00:00:00,0.009853377383810757
2016-02-03 00:00:00,0.0023859276151854125
2016-02-04 00:00:00,0.02310720803185151
2016-02-05 00:00:00,-0.0008749225460980004
2016-02-15 00:00:00,-0.005916570444855607
2016-02-16 00:00:00,-0.0022389532839312
2016-02-17 00:00:00,-0.011695187533099283
2016-02-18 00:00:00,0.005231592532318086
2016-02-19 00:00:00,0.03066502471818855
2016-02-22 00:00:00,-0.008786120121444307
2016-02-23 00:00:00,-0.0002446354476693946
2016-02-24 00:00:00,0.006797442895698502
2016-02-25 00:00:00,0.004008944544777293
2016-02-26 00:00:00,-0.007803187913539178
2016-02-29 00:00:00,0.007019670394247113
2016-03-01 00:00:00,0.01406390200491514
2016-03-02 00:00:00,0.004131451581016465
2016-03-03 00:00:00,-0.0010376556915474566
2016-03-04 00:00:00,0.010012758734819327
2016-03-07 00:00:00,-0.01586314687823842
2016-03-08 00:00:00,-0.004601178957004737
2016-03-09 00:00:00,0.02201443185867369
2016-03-10 00:00:00,-0.03745547434251062
2016-03-11 00:00:00,0.0022863165698880916
2016-03-14 00:00:00,-0.021357702407353463
2016-03-15 00:00:00,0.010100976971723519
2016-03-16 00:00:00,0.039982064360797764
2016-03-17 00:00:00,0.0240017603181486
2016-03-18 00:00:00,0.014284108809521356
2016-03-21 00:00:00,0.0008151606710278259
2016-03-22 00:00:00,-0.03394970687931087
2016-03-23 00:00:00,0.002194526327339741
2016-03-24 00:00:00,-0.007211382660244681
2016-03-25 00:00:00,0.018428083442252108
2016-03-28 00:00:00,-0.012996270947473132
2016-03-29 00:00:00,-0.014226839451538353
2016-03-30 00:00:00,-0.003784011081118921
2016-03-31 00:00:00,0.0047214213306587816
2016-04-01 00:00:00,0.017578044135068804
2016-04-05 00:00:00,-0.020929596898314418
2016-04-06 00:00:00,-0.02753500749894433
2016-04-07 00:00:00,0.0005469142927716497
2016-04-08 00:00:00,0.0018809387656466559
2016-04-11 00:00:00,-0.0016754159439233973
2016-04-12 00:00:00,0.003545998700729802
2016-04-13 00:00:00,-0.017763646463066718
2016-04-14 00:00:00,0.011913586154955969
2016-04-15 00:00:00,-0.0040604318909829296
2016-04-18 00:00:00,-0.002143771558021146
2016-04-19 00:00:00,-0.01458366270245004
2016-04-20 00:00:00,-0.0021651600178573815
2016-04-21 00:00:00,0.04538671328306032
2016-04-22 00:00:00,-0.013772682347306886
2016-04-25 00:00:00,0.02982121571158758
2016-04-26 00:00:00,0.004487655020804393
2016-04-27 00:00:00,-0.009658765887393228
2016-04-28 00:00:00,-0.0062870588550609785
2016-04-29 00:00:00,-0.005157561178739667
2016-05-03 00:00:00,-0.03230109839145956
2016-05-04 00:00:00,-0.0037207145601579894
2016-05-05 00:00:00,-0.008963171551884752
2016-05-06 00:00:00,-0.0084694840363716
2016-05-09 00:00:00,-0.010396282522154743
2016-05-10 00:00:00,0.010919440356796484
2016-05-11 00:00:00,0.0015395539384976953
2016-05-12 00:00:00,0.003639696418369587
2016-05-13 00:00:00,-0.007241269650634208
2016-05-16 00:00:00,-0.02960062304194877
2016-05-17 00:00:00,0.007921869519106783
2016-05-18 00:00:00,-0.005978386162460714
2016-05-19 00:00:00,-0.0031517844941685302
2016-05-20 00:00:00,0.004574804833431978
2016-05-23 00:00:00,-0.016398905894211224
2016-05-24 00:00:00,0.010455702480925089
2016-05-25 00:00:00,0.007646064742360181
2016-05-26 00:00:00,-0.0007236043591856145
2016-05-27 00:00:00,-0.020088513525751694
2016-05-30 00:00:00,0.023502271452268575
2016-05-31 00:00:00,0.01003684742142319
2016-06-01 00:00:00,-0.00886891558215308
2016-06-02 00:00:00,-0.008587240341391578
2016-06-03 00:00:00,0.020296869934532058
2016-06-06 00:00:00,0.002742414329142573
2016-06-07 00:00:00,-0.002790604302244315
2016-06-08 00:00:00,0.0041856357366070185
2016-06-13 00:00:00,0.02115582239258429
2016-06-14 00:00:00,-0.0089645627238496
2016-06-15 00:00:00,0.016923944424838355
2016-06-16 00:00:00,0.009115047742170868
2016-06-17 00:00:00,0.021989351197872153
2016-06-20 00:00:00,0.015478645156822735
2016-06-21 00:00:00,-0.002947435430724399
2016-06-22 00:00:00,0.011517091043506289
2016-06-23 00:00:00,-0.00271886293707968
2016-06-24 00:00:00,0.004950892872701118
2016-06-27 00:00:00,0.020582982742250122
2016-06-28 00:00:00,0.01626271735075213
2016-06-29 00:00:00,-0.03545477792646823
2016-06-30 00:00:00,0.00027142155146764324
2016-07-01 00:00:00,0.01638680960701633
2016-07-04 00:00:00,0.0416468460900723
2016-07-05 00:00:00,0.008451809811588884
2016-07-06 00:00:00,-0.013590090463881155
2016-07-07 00:00:00,-0.003537273153802478
2016-07-08 00:00:00,-0.04110497883247011
2016-07-11 00:00:00,0.010258606459370156
2016-07-12 00:00:00,0.0249194850523089
2016-07-13 00:00:00,-0.019379737559428456
2016-07-14 00:00:00,0.007998067404243692
2016-07-15 00:00:00,-0.004527997236983272
2016-07-18 00:00:00,-0.009032897842916499
2016-07-19 00:00:00,-0.021986522724186996
2016-07-20 00:00:00,0.00018392773274089613
2016-07-21 00:00:00,0.01833728975632254
2016-07-22 00:00:00,-0.002281578871300982
2016-07-25 00:00:00,-0.017946620810766367
2016-07-26 00:00:00,-0.018867664198388034
2016-07-27 00:00:00,0.00024036316487241471
2016-07-28 00:00:00,0.04728499060121916
2016-07-29 00:00:00,-0.004475455051609067
2016-08-01 00:00:00,0.02823566080646689
2016-08-02 00:00:00,-0.024217776980158368
2016-08-03 00:00:00,0.006984811773000477
2016-08-04 00:00:00,-0.007602218270597372
2016-08-05 00:00:00,0.018775399421429473
2016-08-08 00:00:00,-0.0012460295794094467
2016-08-09 00:00:00,-0.0018941051602071601
2016-08-10 00:00:00,-0.015888720041847493
2016-08-11 00:00:00,-0.0013050025803472698
2016-08-12 00:00:00,0.0007595471310206658
2016-08-15 00:00:00,0.0071464772732268145
2016-08-16 00:00:00,-0.00632084327045479
2016-08-17 00:00:00,-0.00784997151183875
2016-08-18 00:00:00,0.012065059763606056
2016-08-19 00:00:00,0.008112126784156182
2016-08-22 00:00:00,-0.012044671686159858
2016-08-23 00:00:00,0.020926644267746264
2016-08-24 00:00:00,-0.004582808404537508
2016-08-25 00:00:00,0.001924434441083367
2016-08-26 00:00:00,0.003124406013432779
2016-08-29 00:00:00,-0.033536585464921
2016-08-30 00:00:00,-0.0055294325600019345
2016-08-31 00:00:00,0.004070594873438083
2016-09-01 00:00:00,-0.007049788663137102
2016-09-02 00:00:00,-0.0010104892459634751
2016-09-05 00:00:00,-0.008500639877456417
2016-09-06 00:00:00,0.02010389083245978
2016-09-07 00:00:00,0.0034765009218078458
2016-09-08 00:00:00,0.015654197048291296
2016-09-09 00:00:00,-0.0026362192219182567
2016-09-12 00:00:00,-0.026478293563510613
2016-09-13 00:00:00,0.00016433812309379903
2016-09-14 00:00:00,-0.00032220216009726244
2016-09-19 00:00:00,-0.0033316034608560363
2016-09-20 00:00:00,-0.002167539982960043
2016-09-21 00:00:00,-0.001598202836684548
2016-09-22 00:00:00,-0.009498984582782533
2016-09-23 00:00:00,-0.00518858657418364
2016-09-26 00:00:00,0.0004348559767959337
2016-09-27 00:00:00,0.005202268917863018
2016-09-28 00:00:00,0.002748974529857673
2016-09-29 00:00:00,0.007761029305505929
2016-09-30 00:00:00,0.0050337559396820275
2016-10-10 00:00:00,0.039257392932215085
2016-10-11 00:00:00,0.013954349343019201
2016-10-12 00:00:00,0.005473003444632418
2016-10-13 00:00:00,-0.007203323986091692
2016-10-14 00:00:00,0.0021999431768207067
2016-10-17 00:00:00,-0.004537721768298586
2016-10-18 00:00:00,0.027184774132885448
2016-10-19 00:00:00,-0.003134746222935858
2016-10-20 00:00:00,-0.002597515168843878
2016-10-21 00:00:00,0.005133731182614509
2016-10-24 00:00:00,0.013448928549131933
2016-10-25 00:00:00,0.006234745902684136
2016-10-26 00:00:00,-0.005599358956202782
2016-10-27 00:00:00,-0.0069908647200445095
2016-10-28 00:00:00,0.03233979894974648
2016-10-31 00:00:00,0.016901230995429506
2016-11-01 00:00:00,0.005612593841593849
2016-11-02 00:00:00,-0.015867449955302426
2016-11-03 00:00:00,0.009231601006444823
2016-11-04 00:00:00,-0.01799540479444406
2016-11-07 00:00:00,-0.00720696253355213
2016-11-08 00:00:00,0.019410189643727094
2016-11-09 00:00:00,0.02424631830247259
2016-11-10 00:00:00,0.003427044141934399
2016-11-11 00:00:00,0.006700760654838822
2016-11-14 00:00:00,-0.041797014421852685
2016-11-15 00:00:00,-0.01855088241919589
2016-11-16 00:00:00,-0.009299531625614699
2016-11-17 00:00:00,-0.00702027029805341
2016-11-18 00:00:00,-0.025147353998431266
2016-11-21 00:00:00,0.020318840110842507
2016-11-22 00:00:00,0.019605404296695994
2016-11-23 00:00:00,-0.021181220044601323
2016-11-24 00:00:00,-0.014531526158188202
2016-11-25 00:00:00,-0.0008563631449214348
2016-11-28 00:00:00,0.027824614773017453
2016-11-29 00:00:00,-0.008449955160210632
2016-11-30 00:00:00,-0.025777760365623292
2016-12-01 00:00:00,0.010821858324791434
2016-12-02 00:00:00,0.01617079692962653
2016-12-05 00:00:00,0.03664978449420997
2016-12-06 00:00:00,0.00043541463729290797
2016-12-07 00:00:00,0.023392306556452525
2016-12-08 00:00:00,0.0023956235587463404
2016-12-09 00:00:00,0.017324940704146696
2016-12-12 00:00:00,0.004976472395014975
2016-12-13 00:00:00,0.004691739098251935
2016-12-14 00:00:00,-0.009298554409241433
2016-12-15 00:00:00,-0.012156922838860162
2016-12-16 00:00:00,-0.006059269220996977
2016-12-19 00:00:00,-0.012310591070925692
2016-12-20 00:00:00,-0.01806049043632263
2016-12-21 00:00:00,0.001822831981225459
2016-12-22 00:00:00,0.0027094418607862547
2016-12-23 00:00:00,-0.004685656366777868
2016-12-26 00:00:00,0.01959890971173306
2016-12-27 00:00:00,0.014375191767507012
2016-12-28 00:00:00,-0.004967920855460051
2016-12-29 00:00:00,0.0035255324804222
2016-12-30 00:00:00,-0.02825194450034585
2017-01-03 00:00:00,-0.01730986275649382
2017-01-04 00:00:00,-0.0021456312775564035
2017-01-05 00:00:00,0.0006658157079579841
2017-01-06 00:00:00,-0.01756171757513947
2017-01-09 00:00:00,0.02731462654979766
2017-01-10 00:00:00,0.0069432955239050465
2017-01-11 00:00:00,-0.00489677439312719
2017-01-12 00:00:00,0.0016455429519166564
2017-01-13 00:00:00,0.028485357482074036
2017-01-16 00:00:00,0.01673882602600063
2017-01-17 00:00:00,-0.013444237010075133
2017-01-18 00:00:00,0.008952550963659434
2017-01-19 00:00:00,-0.0078117681597964506
2017-01-20 00:00:00,0.012450335825850312
2017-01-23 00:00:00,0.005924554995355935
2017-01-24 00:00:00,-0.009069348298379798
2017-01-25 00:00:00,0.01691754161395065
2017-01-26 00:00:00,-0.013531305993700116
2017-02-03 00:00:00,-0.0022108809981973288
2017-02-06 00:00:00,0.015079413837574718
2017-02-07 00:00:00,-0.0071216871361905465
2017-02-08 00:00:00,-0.007134838731143955
2017-02-09 00:00:00,0.00016352415148235266
2017-02-10 00:00:00,0.002807559017490746
2017-02-13 00:00:00,0.03411915005894883
2017-02-14 00:00:00,-0.0014437161396849696
2017-02-15 00:00:00,-0.05132841527202614
2017-02-16 00:00:00,-0.011403667991642719
2017-02-17 00:00:00,-0.0031028693031448507
2017-02-20 00:00:00,0.004094548549440358
2017-02-21 00:00:00,-0.009957754026477028
2017-02-22 00:00:00,0.0022381185224893407
2017-02-23 00:00:00,-0.020674482794516558
2017-02-24 00:00:00,0.0031099706723329845
2017-02-27 00:00:00,0.0004689683804168787
2017-02-28 00:00:00,-0.006096060594001251
2017-03-01 00:00:00,-0.003921544307921132
2017-03-02 00:00:00,0.004066967144888967
2017-03-03 00:00:00,0.00385811738852615
2017-03-06 00:00:00,0.0063207626558288155
2017-03-07 00:00:00,-0.0065746204273535724
2017-03-08 00:00:00,-0.03648362958392981
2017-03-09 00:00:00,-0.005737242675495358
2017-03-10 00:00:00,-0.016331748029241644
2017-03-13 00:00:00,0.010212135546251222
2017-03-14 00:00:00,-0.001072473335612445
2017-03-15 00:00:00,0.006333237686820814
2017-03-16 00:00:00,0.01449613819746487
2017-03-17 00:00:00,0.0019313271605758686
2017-03-20 00:00:00,0.004161102395248584
2017-03-21 00:00:00,-0.005258656997837896
2017-03-22 00:00:00,-0.016454722428644764
2017-03-23 00:00:00,0.007733235732525712
2017-03-24 00:00:00,-0.00944360055173532
2017-03-27 00:00:00,-0.01102810700637269
2017-03-28 00:00:00,-0.0030422118531069353
2017-03-29 00:00:00,0.017676564891206947
2017-03-30 00:00:00,-0.0115995674834517
2017-03-31 00:00:00,-0.0059674554553830195
2017-04-05 00:00:00,0.034636615227274126
2017-04-06 00:00:00,0.008645205359864905
2017-04-07 00:00:00,-0.009591173387839547
2017-04-10 00:00:00,-0.024963975137849093
2017-04-11 00:00:00,0.003122557214512156
2017-04-12 00:00:00,-0.009283268739680994
2017-04-13 00:00:00,-0.005376451544832683
2017-04-14 00:00:00,-0.022484602355705707
2017-04-17 00:00:00,-0.004820172923578059
2017-04-18 00:00:00,0.0006123913316886664
2017-04-19 00:00:00,-0.004237501258416043
2017-04-20 00:00:00,0.004014460286265731
2017-04-21 00:00:00,-0.009420839550707383
2017-04-24 00:00:00,-0.012355475370482094
2017-04-25 00:00:00,-0.006452291147555522
2017-04-26 00:00:00,0.00628275894466479
2017-04-27 00:00:00,0.005390606842260226
2017-04-28 00:00:00,0.02277513537456133
2017-05-02 00:00:00,0.00028661328030454847
2017-05-03 00:00:00,-0.004884322113649309
2017-05-04 00:00:00,-0.010053747283577108
2017-05-05 00:00:00,-0.005537420210549038
2017-05-08 00:00:00,0.0035875423813982454
2017-05-09 00:00:00,0.00022844188552673117
2017-05-10 00:00:00,-0.010844467694522741
2017-05-11 00:00:00,0.017113759906593806
2017-05-12 00:00:00,0.002382873614232839
2017-05-15 00:00:00,0.028193994822835355
2017-05-16 00:00:00,0.010122514196836851
2017-05-17 00:00:00,-0.003934786129771051
2017-05-18 00:00:00,0.010104284601179847
2017-05-19 00:00:00,0.01591420851496217
2017-05-22 00:00:00,-0.005825412125128437
2017-05-23 00:00:00,-0.002291494492563273
2017-05-24 00:00:00,-0.007776036312325263
2017-05-25 00:00:00,-0.002283653663219365
2017-05-26 00:00:00,-0.006276611651138908
2017-05-31 00:00:00,-0.014015142589274499
2017-06-01 00:00:00,0.02389329516568095
2017-06-02 00:00:00,-0.031162069306121754
2017-06-05 00:00:00,-0.0036307551863835608
2017-06-06 00:00:00,-0.00037132066826928156
2017-06-07 00:00:00,-0.0041157603711700075
2017-06-08 00:00:00,0.005589854054567356
2017-06-09 00:00:00,0.0012618440695582045
2017-06-12 00:00:00,0.02200543700623503
2017-06-13 00:00:00,-0.022070742166173885
2017-06-14 00:00:00,0.00010721775047906057
2017-06-15 00:00:00,-0.010289981242947999
2017-06-16 00:00:00,0.0007502349704018307
2017-06-19 00:00:00,0.007144861428219462
2017-06-20 00:00:00,-0.0022689316624248113
2017-06-21 00:00:00,-0.005414753240025161
2017-06-22 00:00:00,-0.01738779133674695
2017-06-23 00:00:00,0.004744732462881096
2017-06-26 00:00:00,0.009944053594791669
2017-06-27 00:00:00,0.006563465740756724
2017-06-28 00:00:00,-0.005390594412327476
2017-06-29 00:00:00,0.01639977246263724
2017-06-30 00:00:00,0.005445870590707669
2017-07-03 00:00:00,0.003176459802946674
2017-07-04 00:00:00,-0.025356702325720404
2017-07-05 00:00:00,0.0016009182800735822
2017-07-06 00:00:00,0.014336924034754617
2017-07-07 00:00:00,0.006590474085615972
2017-07-10 00:00:00,-0.015393878590862498
2017-07-11 00:00:00,0.015864792263062144
2017-07-12 00:00:00,0.007049453641488235
2017-07-13 00:00:00,0.006103519291420723
2017-07-14 00:00:00,0.0028917566923620797
2017-07-17 00:00:00,0.001184607481030886
2017-07-18 00:00:00,0.00550083323400874
2017-07-19 00:00:00,0.004362015831565369
2017-07-20 00:00:00,0.04471054058526036
2017-07-21 00:00:00,0.005188574911381583
2017-07-24 00:00:00,-0.003877456529599921
2017-07-25 00:00:00,2.3508871691335642e-05
2017-07-26 00:00:00,-0.008968537529469023
2017-07-27 00:00:00,0.0009515152867369814
2017-07-28 00:00:00,-0.015478863028385192
2017-07-31 00:00:00,0.006413572476241081
2017-08-01 00:00:00,0.010121506694763305
2017-08-02 00:00:00,0.000229485332244872
2017-08-03 00:00:00,-0.012060896768161355
2017-08-04 00:00:00,0.017274480002860138
2017-08-07 00:00:00,-0.011740494112320143
2017-08-08 00:00:00,0.02078142014539619
2017-08-09 00:00:00,0.003150092327953491
2017-08-10 00:00:00,0.0017259479605666872
2017-08-11 00:00:00,-0.025699071580848054
2017-08-14 00:00:00,-0.0007252360838114758
2017-08-15 00:00:00,-0.009466036290873947
2017-08-16 00:00:00,0.0005688854003247368
2017-08-17 00:00:00,0.023012026795967477
2017-08-18 00:00:00,0.003562604927390911
2017-08-21 00:00:00,0.010228092233906194
2017-08-22 00:00:00,0.024378811488589225
2017-08-23 00:00:00,-0.009503436392863884
2017-08-24 00:00:00,-0.0002356754189097865
2017-08-25 00:00:00,0.0017627236977395544
2017-08-28 00:00:00,0.0002499077917581527
2017-08-29 00:00:00,0.010501899713436513
2017-08-30 00:00:00,0.0005316380875335369
2017-08-31 00:00:00,0.011105943565630438
2017-09-01 00:00:00,0.01805375594879921
2017-09-04 00:00:00,0.0033732721746699834
2017-09-05 00:00:00,0.004260845783577993
2017-09-06 00:00:00,-0.015015456938580418
2017-09-07 00:00:00,-0.01212900890854185
2017-09-08 00:00:00,-0.008309642291009056
2017-09-11 00:00:00,-0.005264471800794368
2017-09-12 00:00:00,0.01575194222923182
2017-09-13 00:00:00,-0.02381366159094578
2017-09-14 00:00:00,-0.016558045354878592
2017-09-15 00:00:00,-0.0010179176156479564
2017-09-18 00:00:00,0.00405569304856046
2017-09-19 00:00:00,-0.01234248108114655
2017-09-20 00:00:00,0.005133004705373256
2017-09-21 00:00:00,-0.021472511812856365
2017-09-22 00:00:00,0.0019154612182596953
2017-09-25 00:00:00,0.004735946539706548
2017-09-26 00:00:00,0.008591616387265244
2017-09-27 00:00:00,-4.557574255648067e-05
2017-09-28 00:00:00,-0.02252587970110298
2017-09-29 00:00:00,0.006249253891179141
2017-10-09 00:00:00,0.0009644466676854702
2017-10-10 00:00:00,-0.00645306052571748
2017-10-11 00:00:00,-0.009353163738979098
2017-10-12 00:00:00,0.016374534189065315
2017-10-13 00:00:00,0.020604011502079578
2017-10-16 00:00:00,0.008002482982567782
2017-10-17 00:00:00,0.004757125346732227
2017-10-18 00:00:00,0.0013943864493675129
2017-10-19 00:00:00,-0.017173097080829258
2017-10-20 00:00:00,0.025375595694765885
2017-10-23 00:00:00,-0.007950687470572704
2017-10-24 00:00:00,-0.001129079526766441
2017-10-25 00:00:00,0.004762586739767594
2017-10-26 00:00:00,-0.012336746378571073
2017-10-27 00:00:00,-0.016326473012476694
2017-10-30 00:00:00,-0.0014647153714506533
2017-10-31 00:00:00,-0.008518419664976462
2017-11-01 00:00:00,-0.0016114714737253122
2017-11-02 00:00:00,0.0166105708494646
2017-11-03 00:00:00,0.007117915393458407
2017-11-06 00:00:00,0.01538233357447627
2017-11-07 00:00:00,0.0022174628773006244
2017-11-08 00:00:00,-0.0031024594321626964
2017-11-09 00:00:00,0.005851272774466176
2017-11-10 00:00:00,-0.010607056761787415
2017-11-13 00:00:00,0.0038862290841765734
2017-11-14 00:00:00,-0.003891997649292933
2017-11-15 00:00:00,-0.016891718607286
2017-11-16 00:00:00,-0.010027921144096341
2017-11-17 00:00:00,0.005881243369484146
2017-11-20 00:00:00,0.009820397061975461
2017-11-21 00:00:00,0.007492474316592279
2017-11-22 00:00:00,0.004995919382315028
2017-11-23 00:00:00,-0.009972710253692618
2017-11-24 00:00:00,0.006092110915886906
2017-11-27 00:00:00,-0.030305728553516542
2017-11-28 00:00:00,-0.004917462573786335
2017-11-29 00:00:00,0.006375287035938149
2017-11-30 00:00:00,-0.010392714986385276
2017-12-01 00:00:00,0.006971910196964748
2017-12-04 00:00:00,0.016898287847941784
2017-12-05 00:00:00,-0.0073154918989755124
2017-12-06 00:00:00,-0.002385716991361364
2017-12-07 00:00:00,-0.015924581273097815
2017-12-08 00:00:00,0.010786830378151535
2017-12-11 00:00:00,-0.0015573543518788702
2017-12-12 00:00:00,0.011656987718323242
2017-12-13 00:00:00,-0.011684266843139057
2017-12-14 00:00:00,-0.004227606216592794
2017-12-15 00:00:00,-0.0047372096565226895
2017-12-18 00:00:00,0.00880143071720818
2017-12-19 00:00:00,0.017853759319227613
2017-12-20 00:00:00,0.0030016034344422238
2017-12-21 00:00:00,0.0005439208247779437
2017-12-22 00:00:00,-0.005737167110072883
2017-12-25 00:00:00,-0.009242938444264825
2017-12-26 00:00:00,0.027663356484269652
2017-12-27 00:00:00,-0.0055977751948521615
2017-12-28 00:00:00,0.0017011995252262935
2017-12-29 00:00:00,0.004030570920774412
2018-01-02 00:00:00,0.015848092514295198
2018-01-03 00:00:00,0.0018739224666568521
2018-01-04 00:00:00,0.0016374715392819539
2018-01-05 00:00:00,-0.0017057915416360814
2018-01-08 00:00:00,-0.0012989727341187196
2018-01-09 00:00:00,-0.0031248341370475607
2018-01-10 00:00:00,0.009210350386019917
2018-01-11 00:00:00,0.006457281335715326
2018-01-12 00:00:00,0.006397793594913326
2018-01-15 00:00:00,-0.0034167283034316487
2018-01-16 00:00:00,-0.023438945366851427
2018-01-17 00:00:00,-0.0057545967490805205
2018-01-18 00:00:00,0.00031352021127695195
2018-01-19 00:00:00,0.004085620684208813
2018-01-22 00:00:00,0.0024985237879224798
2018-01-23 00:00:00,0.007517077562690044
2018-01-24 00:00:00,-0.007573094109659784
2018-01-25 00:00:00,0.005336833316928802
2018-01-26 00:00:00,0.0070749164692831545
2018-01-29 00:00:00,-0.00472118543464517
2018-01-30 00:00:00,-0.012480573538225737
2018-01-31 00:00:00,-0.00493516852745568
2018-02-01 00:00:00,-0.007683061565032401
2018-02-02 00:00:00,-0.006669147551940591
2018-02-05 00:00:00,0.005498744035458358
2018-02-06 00:00:00,-0.011281167085805732
2018-02-07 00:00:00,-0.00258261046671171
2018-02-08 00:00:00,-0.0035530622392754285
2018-02-09 00:00:00,-0.0046125775945877745
2018-02-12 00:00:00,-0.007172172468153604
2018-02-13 00:00:00,-0.002824590614871725
2018-02-14 00:00:00,0.012141564949915695
2018-02-22 00:00:00,-0.0007547854417657707
2018-02-23 00:00:00,0.00722050315352174
2018-02-26 00:00:00,-0.0023393429679129385
2018-02-27 00:00:00,-0.007858984314875417
2018-02-28 00:00:00,-3.330507688192874e-06
2018-03-01 00:00:00,0.01986073990805237
2018-03-02 00:00:00,-0.005003903967358614
2018-03-05 00:00:00,-0.006066103163826386
2018-03-06 00:00:00,0.00030906743882330723
2018-03-07 00:00:00,-0.006624342585762721
2018-03-08 00:00:00,-0.016490916643810194
2018-03-09 00:00:00,-0.0003347720989327341
2018-03-12 00:00:00,-0.014748178234195941
2018-03-13 00:00:00,0.004003140208957534
2018-03-14 00:00:00,0.015115952858444581
2018-03-15 00:00:00,-0.0027357633018544325
2018-03-16 00:00:00,-0.007158999921587528
2018-03-19 00:00:00,0.007721872381052375
2018-03-20 00:00:00,-0.003745599408248812
2018-03-21 00:00:00,-0.0054053103419460236
2018-03-22 00:00:00,-0.0002865919043255616
2018-03-23 00:00:00,-0.012821820718045607
2018-03-26 00:00:00,-0.011386032511683242
2018-03-27 00:00:00,0.012548388479369788
2018-03-28 00:00:00,-0.004361328821738675
2018-03-29 00:00:00,0.007954416663694452
2018-03-30 00:00:00,0.004051187872831763
2018-04-02 00:00:00,0.005800197982025246
2018-04-03 00:00:00,-0.004538543436095721
2018-04-04 00:00:00,-0.006077936285000418
2018-04-09 00:00:00,0.011533674481038592
2018-04-10 00:00:00,0.007003250114073989
2018-04-11 00:00:00,-0.001296619291020762
2018-04-12 00:00:00,-0.002489964192345928
2018-04-13 00:00:00,-0.0013087581014363803
2018-04-16 00:00:00,-0.012151661503488675
2018-04-17 00:00:00,0.0008024276654676754
2018-04-18 00:00:00,0.003990909706480528
2018-04-19 00:00:00,0.008301225899304043
2018-04-20 00:00:00,-0.017514681518181252
2018-04-23 00:00:00,0.006925776406437878
2018-04-24 00:00:00,0.0033579685777622714
2018-04-25 00:00:00,0.00470353813109603
2018-04-26 00:00:00,-0.001748274999701982
2018-04-27 00:00:00,0.00168160923777938
2018-05-02 00:00:00,0.015130434456175124
2018-05-03 00:00:00,0.007511594923223175
2018-05-04 00:00:00,0.005567593072651089
2018-05-07 00:00:00,0.00373527658297812
2018-05-08 00:00:00,-0.002522138727996226
2018-05-09 00:00:00,-0.00213320358375535
2018-05-10 00:00:00,-0.0015252179118200315
2018-05-11 00:00:00,0.00011700786372115246
2018-05-14 00:00:00,-0.0083575558129656
2018-05-15 00:00:00,0.0001597524858512056
2018-05-16 00:00:00,0.0014566976614509564
2018-05-17 00:00:00,-0.008390891158588376
2018-05-18 00:00:00,0.0010953272095093336
2018-05-21 00:00:00,0.0011606971403745892
2018-05-22 00:00:00,-0.005762718366638331
2018-05-23 00:00:00,-0.003968749239764979
2018-05-24 00:00:00,-0.008350162473701905
2018-05-25 00:00:00,-0.0003078059918386611
2018-05-28 00:00:00,-0.005386012263826068
2018-05-29 00:00:00,0.006981016508604609
2018-05-30 00:00:00,-0.0031891361635024706
2018-05-31 00:00:00,-0.0048726031198195185
2018-06-01 00:00:00,0.013892674277473427
2018-06-04 00:00:00,-0.0008322564927616405
2018-06-05 00:00:00,-0.0007327249813107173
2018-06-06 00:00:00,-0.005585720414314155
2018-06-07 00:00:00,0.0038617588838114614
2018-06-08 00:00:00,0.0030356580929078447
