2009-01-05 00:00:00,0.017361073943434446
2009-01-06 00:00:00,0.0117294246820292
2009-01-07 00:00:00,-0.011165805651685679
2009-01-08 00:00:00,-0.003770780782109573
2009-01-09 00:00:00,-0.004737194999520522
2009-01-12 00:00:00,0.041933530972629196
2009-01-13 00:00:00,-0.010895497228529782
2009-01-14 00:00:00,0.04164125318378642
2009-01-15 00:00:00,-0.00746465236137861
2009-01-16 00:00:00,0.0051872917541724295
2009-01-19 00:00:00,0.003891831571850135
2009-01-20 00:00:00,-0.02244329550909241
2009-01-21 00:00:00,0.00285533753783751
2009-01-22 00:00:00,0.005720161781442634
2009-01-23 00:00:00,-0.0013054897721040959
2009-02-02 00:00:00,0.017983943849469775
2009-02-03 00:00:00,0.022005503444933572
2009-02-04 00:00:00,0.0033578921110937188
2009-02-05 00:00:00,-0.00045758436898779564
2009-02-06 00:00:00,0.034758661988672834
2009-02-09 00:00:00,0.01374972706779709
2009-02-10 00:00:00,0.007703993097478934
2009-02-11 00:00:00,-0.015565392278640955
2009-02-12 00:00:00,0.03596664071267175
2009-02-13 00:00:00,0.025729351594543592
2009-02-16 00:00:00,-0.0008837704547072223
2009-02-17 00:00:00,0.018217073951227514
2009-02-18 00:00:00,-0.018973718181463206
2009-02-19 00:00:00,-0.0035260953998688116
2009-02-20 00:00:00,0.01247233704873496
2009-02-23 00:00:00,0.025100046338607296
2009-02-24 00:00:00,-0.0028393095975580707
2009-02-25 00:00:00,0.0006291079591005388
2009-02-26 00:00:00,0.01857830724748899
2009-02-27 00:00:00,-0.0013134263244940492
2009-03-02 00:00:00,-0.008333836808613548
2009-03-03 00:00:00,-0.01873576460166615
2009-03-04 00:00:00,0.005615109368700466
2009-03-05 00:00:00,0.003239042140522397
2009-03-06 00:00:00,0.0020235124492919976
2009-03-09 00:00:00,-0.017416784233528104
2009-03-10 00:00:00,0.015581605734484416
2009-03-11 00:00:00,0.023734153877466246
2009-03-12 00:00:00,0.005424982976129256
2009-03-13 00:00:00,0.016856237578994016
2009-03-16 00:00:00,0.011211218489861396
2009-03-17 00:00:00,-0.004695179233826785
2009-03-18 00:00:00,-0.011249829565584402
2009-03-19 00:00:00,0.010283139100531358
2009-03-20 00:00:00,-0.006844173569460987
2009-03-23 00:00:00,0.0007303069679112095
2009-03-24 00:00:00,0.002851778256284021
2009-03-25 00:00:00,-0.0034245939757656663
2009-03-26 00:00:00,-0.012650372318027348
2009-03-27 00:00:00,0.0035257375467101504
2009-03-30 00:00:00,0.02113394661949064
2009-03-31 00:00:00,-0.009156226098681941
2009-04-01 00:00:00,-0.004138455681397812
2009-04-02 00:00:00,7.316892979791767e-05
2009-04-03 00:00:00,0.001340903149577688
2009-04-07 00:00:00,-0.0038627698380259146
2009-04-08 00:00:00,-0.013823837618263002
2009-04-09 00:00:00,0.009364064762192648
2009-04-10 00:00:00,0.03278798089067303
2009-04-13 00:00:00,-0.0007969684609896444
2009-04-14 00:00:00,0.01003167495225643
2009-04-15 00:00:00,-0.009172945828439638
2009-04-16 00:00:00,0.0015006547543072735
2009-04-17 00:00:00,-0.002638218087971378
2009-04-20 00:00:00,-0.0035131470497445916
2009-04-21 00:00:00,0.0073135011519394055
2009-04-22 00:00:00,-0.0027960495174045308
2009-04-23 00:00:00,-0.0017798579557479766
2009-04-24 00:00:00,-0.003932957646013424
2009-04-27 00:00:00,0.016964667491609964
2009-04-28 00:00:00,-8.395469436739411e-05
2009-04-29 00:00:00,0.02464106101286756
2009-04-30 00:00:00,-0.012162278978534835
2009-05-04 00:00:00,-0.0041996028194485335
2009-05-05 00:00:00,0.0016747006452166868
2009-05-06 00:00:00,0.0033249751266959393
2009-05-07 00:00:00,0.004839161786716284
2009-05-08 00:00:00,0.003537565878705351
2009-05-11 00:00:00,-0.003654555713825891
2009-05-12 00:00:00,0.002097236710970396
2009-05-13 00:00:00,0.016496450207874602
2009-05-14 00:00:00,-0.004511198939282313
2009-05-15 00:00:00,0.0032402058596971983
2009-05-18 00:00:00,-0.004522023910871864
2009-05-19 00:00:00,-0.0005726431201473758
2009-05-20 00:00:00,-0.006841703074495276
2009-05-21 00:00:00,0.000777696514153936
2009-05-22 00:00:00,0.0014569549996947817
2009-05-25 00:00:00,-0.0032308418375456283
2009-05-26 00:00:00,0.004290598726347072
2009-05-27 00:00:00,0.00037083491880762764
2009-06-01 00:00:00,0.0034487524780626444
2009-06-02 00:00:00,0.007175629576776865
2009-06-03 00:00:00,-0.0037942973809420577
2009-06-04 00:00:00,0.0013140202115091704
2009-06-05 00:00:00,0.014892149779811348
2009-06-08 00:00:00,-0.005473315584282323
2009-06-09 00:00:00,0.0010292385041927865
2009-06-10 00:00:00,-0.0005875350395941892
2009-06-11 00:00:00,-0.003620797501628137
2009-06-12 00:00:00,-0.0013687649350504483
2009-06-15 00:00:00,-0.0073904963820926595
2009-06-16 00:00:00,0.001873851197366605
2009-06-17 00:00:00,0.004839848844310879
2009-06-18 00:00:00,-0.008078932448990939
2009-06-19 00:00:00,0.013966269842976997
2009-06-22 00:00:00,-0.005060931019194581
2009-06-23 00:00:00,-0.002583568350313037
2009-06-24 00:00:00,0.00028899297370110766
2009-06-25 00:00:00,-7.173278767247382e-05
2009-06-26 00:00:00,0.007473153293509949
2009-06-29 00:00:00,-0.00021863599601401607
2009-06-30 00:00:00,0.010968527985646848
2009-07-01 00:00:00,0.003405522056797672
2009-07-02 00:00:00,-0.0030043330793886325
2009-07-03 00:00:00,0.0005679246623933043
2009-07-06 00:00:00,4.2319753197794796e-05
2009-07-07 00:00:00,-0.001851590570695505
2009-07-08 00:00:00,-0.00846704904147244
2009-07-09 00:00:00,0.0067083876006350796
2009-07-10 00:00:00,-0.0034621493128372816
2009-07-13 00:00:00,-0.006620707923987945
2009-07-14 00:00:00,-0.007363245883506342
2009-07-15 00:00:00,0.0026112746512929608
2009-07-16 00:00:00,0.004766560286607824
2009-07-17 00:00:00,-0.003952196666476171
2009-07-20 00:00:00,0.007465768175253018
2009-07-21 00:00:00,-0.014099821970868676
2009-07-22 00:00:00,-0.0012174724387111757
2009-07-23 00:00:00,-0.0046522014180524485
2009-07-24 00:00:00,0.0012240115544714936
2009-07-27 00:00:00,-0.010382151584283461
2009-07-28 00:00:00,0.0032101904361794276
2009-07-29 00:00:00,0.01202403479894154
2009-07-30 00:00:00,-0.005642119812807489
2009-07-31 00:00:00,0.019801409756712962
2009-08-03 00:00:00,0.03924370985762926
2009-08-04 00:00:00,0.01507763303535481
2009-08-05 00:00:00,-0.014501791074049475
2009-08-06 00:00:00,-0.0004447607042293855
2009-08-07 00:00:00,0.014664245362301598
2009-08-10 00:00:00,0.03911129815266379
2009-08-11 00:00:00,0.038396650239986174
2009-08-12 00:00:00,0.01739624137247131
2009-08-13 00:00:00,0.016623584508632883
2009-08-14 00:00:00,-0.016054475134165025
2009-08-17 00:00:00,0.005298700718519456
2009-08-18 00:00:00,-0.0013887874955615942
2009-08-19 00:00:00,-0.038526209626385644
2009-08-20 00:00:00,-0.002590508929815938
2009-08-21 00:00:00,-0.022229923339653346
2009-08-24 00:00:00,0.02849931309342235
2009-08-25 00:00:00,0.008389561683395996
2009-08-26 00:00:00,-0.005784104652974409
2009-08-27 00:00:00,0.025275432655595953
2009-08-28 00:00:00,0.023159572961156005
2009-08-31 00:00:00,-0.03485585183837103
2009-09-01 00:00:00,-0.020468544682512357
2009-09-02 00:00:00,-0.002014017054625672
2009-09-03 00:00:00,0.005679518598680211
2009-09-04 00:00:00,-0.005930646238569981
2009-09-07 00:00:00,-0.030334790996594196
2009-09-08 00:00:00,0.033131318975107904
2009-09-09 00:00:00,-0.010219662784322625
2009-09-10 00:00:00,-0.001396665559808996
2009-09-11 00:00:00,0.019140089068485855
2009-09-14 00:00:00,-0.012071117063513825
2009-09-15 00:00:00,0.008850923271726874
2009-09-16 00:00:00,0.0011667295350357154
2009-09-17 00:00:00,0.008607352085845177
2009-09-18 00:00:00,-0.009184558641974983
2009-09-21 00:00:00,0.004819645849748921
2009-09-22 00:00:00,0.0017396926644905886
2009-09-23 00:00:00,-0.01990070524244103
2009-09-24 00:00:00,-0.0043265562238424815
2009-09-25 00:00:00,-0.0012507714320632024
2009-09-28 00:00:00,0.0007029371965487918
2009-09-29 00:00:00,0.018851760607810464
2009-09-30 00:00:00,0.0009401695754089889
2009-10-09 00:00:00,-0.015607421005245481
2009-10-12 00:00:00,-0.01539281617780186
2009-10-13 00:00:00,0.0026644393645569586
2009-10-14 00:00:00,0.0012434224692992046
2009-10-15 00:00:00,-0.0166853374943432
2009-10-16 00:00:00,0.010597565036150502
2009-10-19 00:00:00,0.024467676194251275
2009-10-20 00:00:00,-0.006715362145382486
2009-10-21 00:00:00,-0.014739923213309525
2009-10-22 00:00:00,0.00634161497303265
2009-10-23 00:00:00,0.0075741780441451745
2009-10-26 00:00:00,0.02310500497755541
2009-10-27 00:00:00,-0.0034231843182164212
2009-10-28 00:00:00,0.00260456325469427
2009-10-29 00:00:00,-0.00030847792196198043
2009-10-30 00:00:00,-0.0032288281135667285
2009-11-02 00:00:00,0.0021937130886138245
2009-11-03 00:00:00,0.007869262694681467
2009-11-04 00:00:00,0.001158117675672754
2009-11-05 00:00:00,-0.007882024399696208
2009-11-06 00:00:00,0.0028427615511044113
2009-11-09 00:00:00,0.008776263659793893
2009-11-10 00:00:00,-0.006735961767406651
2009-11-11 00:00:00,-0.0013324047336825684
2009-11-12 00:00:00,-0.00022278901310079924
2009-11-13 00:00:00,0.0005873804000895433
2009-11-16 00:00:00,0.013818989622736089
2009-11-17 00:00:00,-0.005794102623957964
2009-11-18 00:00:00,0.001080731654053979
2009-11-19 00:00:00,0.0025249116193837295
2009-11-20 00:00:00,0.014982949514654287
2009-11-23 00:00:00,0.027649204473425337
2009-11-24 00:00:00,-0.020612521910666093
2009-11-25 00:00:00,0.009167742078004748
2009-11-26 00:00:00,0.0010772171642590145
2009-11-27 00:00:00,-0.012449434214899857
2009-11-30 00:00:00,0.035935548461838884
2009-12-01 00:00:00,-0.0036282744381547216
2009-12-02 00:00:00,0.01227951591843457
2009-12-03 00:00:00,0.025314652255683745
2009-12-04 00:00:00,-0.0013689513891356198
2009-12-07 00:00:00,0.032728525453628254
2009-12-08 00:00:00,0.0020390904324374404
2009-12-09 00:00:00,-0.00822040296526716
2009-12-10 00:00:00,-0.013173377920197571
2009-12-11 00:00:00,0.017757511547980664
2009-12-14 00:00:00,-0.0029324092303962823
2009-12-15 00:00:00,0.013242687076791437
2009-12-16 00:00:00,-0.005268227413514848
2009-12-17 00:00:00,0.0008554482338440916
2009-12-18 00:00:00,-0.00789432871167417
2009-12-21 00:00:00,0.006992941460804314
2009-12-22 00:00:00,-0.006213425056751709
2009-12-23 00:00:00,0.011645662889566255
2009-12-24 00:00:00,0.025474718332044732
2009-12-25 00:00:00,0.005910207603678774
2009-12-28 00:00:00,0.008695727529359987
2009-12-29 00:00:00,-0.00032072505313029964
2009-12-30 00:00:00,-0.01635515657729869
2009-12-31 00:00:00,0.027697373615768406
2010-01-04 00:00:00,0.02384750226696819
2010-01-05 00:00:00,0.0023298407015646116
2010-01-06 00:00:00,0.0027720572560931966
2010-01-07 00:00:00,-0.017192015276931594
2010-01-08 00:00:00,-0.03604914099976786
2010-01-11 00:00:00,0.006117287087761936
2010-01-12 00:00:00,-0.01277395002316295
2010-01-13 00:00:00,-0.03198490900008866
2010-01-14 00:00:00,0.011703149369629129
2010-01-15 00:00:00,-0.011832469218239106
2010-01-18 00:00:00,0.007594184771211543
2010-01-19 00:00:00,0.0033097025092714283
2010-01-20 00:00:00,0.0038249084776791342
2010-01-21 00:00:00,0.033252907043202384
2010-01-22 00:00:00,-0.016173279653473704
2010-01-25 00:00:00,0.0028158097539530136
2010-01-26 00:00:00,0.0066513233033027586
2010-01-27 00:00:00,-0.009447065704390245
2010-01-28 00:00:00,-0.037241461182395685
2010-01-29 00:00:00,-0.005055646533207447
2010-02-01 00:00:00,0.009892476201470712
2010-02-02 00:00:00,0.010916387182927423
2010-02-03 00:00:00,0.02801827735905893
2010-02-04 00:00:00,-0.014150125545661196
2010-02-05 00:00:00,-0.011474755582178253
2010-02-08 00:00:00,0.008582977029656602
2010-02-09 00:00:00,0.0010342111481169702
2010-02-10 00:00:00,0.03375287206031041
2010-02-11 00:00:00,0.007431006759041736
2010-02-12 00:00:00,0.011521751199389696
2010-02-22 00:00:00,-0.02036214609772613
2010-02-23 00:00:00,0.004951694040445487
2010-02-24 00:00:00,0.004130908939922406
2010-02-25 00:00:00,-0.005980035819543761
2010-02-26 00:00:00,0.005958005865859706
2010-03-01 00:00:00,0.0001807585975437398
2010-03-02 00:00:00,-0.019514105479714994
2010-03-03 00:00:00,0.001184784440718012
2010-03-04 00:00:00,-0.009504511817820749
2010-03-05 00:00:00,0.012375096344795944
2010-03-08 00:00:00,0.007179145586517333
2010-03-09 00:00:00,-0.0037045376384274853
2010-03-10 00:00:00,-0.022865761163529452
2010-03-11 00:00:00,-0.03731528081636637
2010-03-12 00:00:00,-0.000910223579612679
2010-03-15 00:00:00,-0.021529248345889762
2010-03-16 00:00:00,0.006651344034375839
2010-03-17 00:00:00,0.002101614391931683
2010-03-18 00:00:00,0.014059982018717276
2010-03-19 00:00:00,0.0038106955837111656
2010-03-22 00:00:00,0.0035032195628172946
2010-03-23 00:00:00,-0.03013555653855582
2010-03-24 00:00:00,-0.013176312819435099
2010-03-25 00:00:00,0.011181438607398286
2010-03-26 00:00:00,0.012957450909560686
2010-03-29 00:00:00,0.007347260620813367
2010-03-30 00:00:00,-0.007508481660892574
2010-03-31 00:00:00,0.00034950863546256983
2010-04-01 00:00:00,-0.017129804967708884
2010-04-02 00:00:00,0.02599375191744202
2010-04-06 00:00:00,-0.005620219672307525
2010-04-07 00:00:00,0.00111843221019714
2010-04-08 00:00:00,-0.004890358527438354
2010-04-09 00:00:00,0.009594237015300378
2010-04-12 00:00:00,0.010081747421243126
2010-04-13 00:00:00,-0.0023762965349969356
2010-04-14 00:00:00,0.0011900325046629856
2010-04-15 00:00:00,-0.007643861437948596
2010-04-16 00:00:00,0.0044910981495642766
2010-04-19 00:00:00,-0.02215190376329701
2010-04-20 00:00:00,0.0114789668258235
2010-04-21 00:00:00,-0.005767355894117476
2010-04-22 00:00:00,0.005367370854928
2010-04-23 00:00:00,-0.005066649897521036
2010-04-26 00:00:00,-0.01757946344433481
2010-04-27 00:00:00,-0.0035940905719225036
2010-04-28 00:00:00,-0.0007255351423204326
2010-04-29 00:00:00,-0.010115157409333997
2010-04-30 00:00:00,0.003023765506666276
2010-05-04 00:00:00,-0.024947699643117383
2010-05-05 00:00:00,-0.002043319121817322
2010-05-06 00:00:00,-0.0022915817368167612
2010-05-07 00:00:00,-0.0184952848363793
2010-05-10 00:00:00,0.02333549209311281
2010-05-11 00:00:00,-0.0035414458345871536
2010-05-12 00:00:00,0.011691431312596201
2010-05-13 00:00:00,0.004829258210696352
2010-05-14 00:00:00,-0.01568706879350068
2010-05-17 00:00:00,-0.03177198592104191
2010-05-18 00:00:00,0.020997597230658194
2010-05-19 00:00:00,-0.0004121957132021681
2010-05-20 00:00:00,0.005477327000838361
2010-05-21 00:00:00,0.0015384817435069031
2010-05-24 00:00:00,0.01655644511298493
2010-05-25 00:00:00,-0.01734903881245864
2010-05-26 00:00:00,0.01184536942852965
2010-05-27 00:00:00,0.0010637944871367822
2010-05-28 00:00:00,-0.017533587985885335
2010-05-31 00:00:00,-0.008596994783053868
2010-06-01 00:00:00,-0.00058195234733871
2010-06-02 00:00:00,0.013662222638748611
2010-06-03 00:00:00,-0.004317472922010901
2010-06-04 00:00:00,0.005017362302449202
2010-06-07 00:00:00,-0.007317805905612151
2010-06-08 00:00:00,0.007622962374452147
2010-06-09 00:00:00,0.008921546426808424
2010-06-10 00:00:00,-0.006281662878948824
2010-06-11 00:00:00,0.009808911542541932
2010-06-17 00:00:00,-9.510642142385173e-05
2010-06-18 00:00:00,-0.0073311193646899975
2010-06-21 00:00:00,0.01558007632511016
2010-06-22 00:00:00,-0.0026021150235626678
2010-06-23 00:00:00,-0.00019784323785676516
2010-06-24 00:00:00,0.004395881365811816
2010-06-25 00:00:00,0.0038001539383980543
2010-06-28 00:00:00,0.0022195432375053947
2010-06-29 00:00:00,-0.013512871996054665
2010-06-30 00:00:00,0.005258703236819873
2010-07-01 00:00:00,0.0025774832539511294
2010-07-02 00:00:00,0.00955847272620658
2010-07-05 00:00:00,0.016929264153263457
2010-07-06 00:00:00,-0.003097494419395219
2010-07-07 00:00:00,-0.003894135258724063
2010-07-08 00:00:00,0.0016978414232975414
2010-07-09 00:00:00,0.0018821656795793285
2010-07-12 00:00:00,-0.003622863658315878
2010-07-13 00:00:00,8.661491662387277e-05
2010-07-14 00:00:00,-0.005081339576279542
2010-07-15 00:00:00,0.0010020215129400434
2010-07-16 00:00:00,0.009485633457987142
2010-07-19 00:00:00,-0.00010460096482522996
2010-07-20 00:00:00,0.01054295340582101
2010-07-21 00:00:00,-0.003898991403413654
2010-07-22 00:00:00,0.0013076793290738298
2010-07-23 00:00:00,0.0037918082190473434
2010-07-26 00:00:00,0.006453629165031227
2010-07-27 00:00:00,-0.004806780969603408
2010-07-28 00:00:00,0.008702335578447462
2010-07-29 00:00:00,0.005780187183651364
2010-07-30 00:00:00,0.006702744240730807
2010-08-02 00:00:00,0.014308116450495012
2010-08-03 00:00:00,-0.0030089954597288804
2010-08-04 00:00:00,-0.007824590453743396
2010-08-05 00:00:00,0.004969979844956063
2010-08-06 00:00:00,0.008166176190093521
2010-08-09 00:00:00,0.010923685524330429
2010-08-10 00:00:00,-0.008479813416912618
2010-08-11 00:00:00,0.003786431473669527
2010-08-12 00:00:00,-0.00808917408968346
2010-08-13 00:00:00,0.009327354341194916
2010-08-16 00:00:00,0.00017527365462632893
2010-08-17 00:00:00,-0.001374154723428056
2010-08-18 00:00:00,-0.006514365296970692
2010-08-19 00:00:00,0.0027542793058814574
2010-08-20 00:00:00,-0.012921706595655502
2010-08-23 00:00:00,-0.002400293389252628
2010-08-24 00:00:00,-0.0014607981444433316
2010-08-25 00:00:00,0.004454416366314717
2010-08-26 00:00:00,0.00931849137027263
2010-08-27 00:00:00,0.005736926280320409
2010-08-30 00:00:00,0.030876590654615343
2010-08-31 00:00:00,-0.0036300498318473373
2010-09-01 00:00:00,0.009525325858117384
2010-09-02 00:00:00,0.0016931573705596392
2010-09-03 00:00:00,-0.0018887785964463166
2010-09-06 00:00:00,0.008804147726684253
2010-09-07 00:00:00,0.00382790899668195
2010-09-08 00:00:00,0.0004513979568552262
2010-09-09 00:00:00,-0.009918881227713006
2010-09-10 00:00:00,0.01698321341657083
2010-09-13 00:00:00,0.0019608341309518273
2010-09-14 00:00:00,-0.0046831284281810825
2010-09-15 00:00:00,-0.003890788676497059
2010-09-16 00:00:00,0.0016496623253086096
2010-09-17 00:00:00,0.00790750021359643
2010-09-20 00:00:00,0.007696690018768271
2010-09-21 00:00:00,-0.021420124587676836
2010-09-27 00:00:00,0.006629081524317293
2010-09-28 00:00:00,0.02182755351747323
2010-09-29 00:00:00,-0.015646002203930753
2010-09-30 00:00:00,0.004273862337682566
2010-10-08 00:00:00,0.016781431035559846
2010-10-11 00:00:00,0.03429610215550083
2010-10-12 00:00:00,-0.011522995232277178
2010-10-13 00:00:00,0.01144357900149573
2010-10-14 00:00:00,0.023841292827548877
2010-10-15 00:00:00,0.02235816053794748
2010-10-18 00:00:00,-0.008640088279906477
2010-10-19 00:00:00,0.02946289463859908
2010-10-20 00:00:00,0.009198645120846782
2010-10-21 00:00:00,-0.0012603754988639304
2010-10-22 00:00:00,0.014536488136045689
2010-10-25 00:00:00,0.034476228310702295
2010-10-26 00:00:00,0.001937808783903039
2010-10-27 00:00:00,-0.020412371676427177
2010-10-28 00:00:00,0.03926703715248614
2010-10-29 00:00:00,-0.05504106177869583
2010-11-01 00:00:00,0.012369985408805295
2010-11-02 00:00:00,0.005642095031165306
2010-11-03 00:00:00,0.03210961060324147
2010-11-04 00:00:00,0.0036766707028783596
2010-11-05 00:00:00,0.04146479964223038
2010-11-08 00:00:00,0.002727860678703564
2010-11-09 00:00:00,0.020916148993814554
2010-11-10 00:00:00,-0.01130411654275032
2010-11-11 00:00:00,-0.0094946069566203
2010-11-12 00:00:00,-0.04597538733718887
2010-11-15 00:00:00,-0.07442847573377231
2010-11-16 00:00:00,0.014277569217494568
2010-11-17 00:00:00,-0.028441736704574172
2010-11-18 00:00:00,0.024125624272359536
2010-11-19 00:00:00,0.009568258114206696
2010-11-22 00:00:00,-0.027211188067006398
2010-11-23 00:00:00,-0.0028000070651373887
2010-11-24 00:00:00,0.029833757254226656
2010-11-25 00:00:00,-0.00927324218543224
2010-11-26 00:00:00,-0.009373953416881742
2010-11-29 00:00:00,0.011204168875955212
2010-11-30 00:00:00,0.008621939734512862
2010-12-01 00:00:00,0.01151960560443821
2010-12-02 00:00:00,-0.002831669552699423
2010-12-03 00:00:00,0.0007592948236316843
2010-12-06 00:00:00,0.008203309274645632
2010-12-07 00:00:00,0.0028161748051949154
2010-12-08 00:00:00,-0.030453132270774175
2010-12-09 00:00:00,0.007388955426075539
2010-12-10 00:00:00,0.007909972830981049
2010-12-13 00:00:00,0.02310103919955031
2010-12-14 00:00:00,0.0021447465394384135
2010-12-15 00:00:00,-0.01771306816150331
2010-12-16 00:00:00,0.016094988922269682
2010-12-17 00:00:00,0.014559386626443072
2010-12-20 00:00:00,0.017703497009418534
2010-12-21 00:00:00,0.008999459197455373
2010-12-22 00:00:00,0.006233070770064408
2010-12-23 00:00:00,0.024466843971207686
2010-12-24 00:00:00,0.01970322415718595
2010-12-27 00:00:00,-0.01062674332934821
2010-12-28 00:00:00,0.018617112688433135
2010-12-29 00:00:00,-0.005313191129181716
2010-12-30 00:00:00,5.43810585742488e-05
2010-12-31 00:00:00,-0.03504218005463178
2011-01-04 00:00:00,0.020535907130312614
2011-01-05 00:00:00,-0.003472830891856571
2011-01-06 00:00:00,-0.0011379894610465957
2011-01-07 00:00:00,-0.04182315858909291
2011-01-10 00:00:00,0.012941760694571869
2011-01-11 00:00:00,0.006285063350568887
2011-01-12 00:00:00,0.01737233665868887
2011-01-13 00:00:00,-0.0012816321884460136
2011-01-14 00:00:00,0.011576750284383985
2011-01-17 00:00:00,-0.00887784528705371
2011-01-18 00:00:00,-0.004271049171751029
2011-01-19 00:00:00,0.010681108414716922
2011-01-20 00:00:00,-0.0031872840331891306
2011-01-21 00:00:00,0.014385394984138156
2011-01-24 00:00:00,0.0027140678556278885
2011-01-25 00:00:00,-0.011838507401251919
2011-01-26 00:00:00,0.0002268676106220724
2011-01-27 00:00:00,0.021238627117777797
2011-01-28 00:00:00,-0.006133903720448086
2011-01-31 00:00:00,0.016688260170501623
2011-02-01 00:00:00,0.0036713842906646033
2011-02-09 00:00:00,-0.008275679430602811
2011-02-10 00:00:00,0.0177186557701412
2011-02-11 00:00:00,0.0014655741864384453
2011-02-14 00:00:00,-0.00869611558079586
2011-02-15 00:00:00,-0.003064629405889363
2011-02-16 00:00:00,-0.003874993124417747
2011-02-17 00:00:00,-0.011689149689614764
2011-02-18 00:00:00,-0.011869449753218131
2011-02-21 00:00:00,0.001351254892625997
2011-02-22 00:00:00,-0.004783399132208599
2011-02-23 00:00:00,0.0010114229909825578
2011-02-24 00:00:00,-0.0213155331491931
2011-02-25 00:00:00,0.011693807401040424
2011-02-28 00:00:00,0.014853614781328295
2011-03-01 00:00:00,0.0004120790587560652
2011-03-02 00:00:00,0.002879351605294067
2011-03-03 00:00:00,-0.0019229715359998512
2011-03-04 00:00:00,-0.007631224536872594
2011-03-07 00:00:00,0.005888068868349361
2011-03-08 00:00:00,-0.016508934711949697
2011-03-09 00:00:00,0.0127092711152208
2011-03-10 00:00:00,-0.02078763882127721
2011-03-11 00:00:00,-0.024056219529368317
2011-03-14 00:00:00,0.0012394344536030832
2011-03-15 00:00:00,-0.0007889782118787325
2011-03-16 00:00:00,-0.001846184809589979
2011-03-17 00:00:00,0.002749814304831455
2011-03-18 00:00:00,0.009753462936048729
2011-03-21 00:00:00,-0.0025278867060002375
2011-03-22 00:00:00,0.00503857324413004
2011-03-23 00:00:00,0.018580715341905973
2011-03-24 00:00:00,-0.007853074784993974
2011-03-25 00:00:00,0.009844070251133541
2011-03-28 00:00:00,-0.01686424857605251
2011-03-29 00:00:00,-0.0001992881034575955
2011-03-30 00:00:00,-0.007408892391211452
2011-03-31 00:00:00,0.009541634352727035
2011-04-01 00:00:00,0.0030855873786659327
2011-04-06 00:00:00,0.009916526759558897
2011-04-07 00:00:00,-0.0023158664727360723
2011-04-08 00:00:00,0.019355936982831556
2011-04-11 00:00:00,-0.004509468641977099
2011-04-12 00:00:00,-0.007030393792740619
2011-04-13 00:00:00,-0.0027810005475887856
2011-04-14 00:00:00,-0.022974559889454405
2011-04-15 00:00:00,-0.009493921655213233
2011-04-18 00:00:00,0.0012030906546574016
2011-04-19 00:00:00,-0.009780172200506532
2011-04-20 00:00:00,0.00790062632591737
2011-04-21 00:00:00,0.003193376794784708
2011-04-22 00:00:00,-0.004833133247279631
2011-04-25 00:00:00,-0.006901112256109565
2011-04-26 00:00:00,-0.006900675347138452
2011-04-27 00:00:00,0.002117199046178575
2011-04-28 00:00:00,0.010148130340313255
2011-04-29 00:00:00,-0.0207492352928369
2011-05-03 00:00:00,-0.006099973555406923
2011-05-04 00:00:00,-0.015954901381404096
2011-05-05 00:00:00,-0.019345699034499897
2011-05-06 00:00:00,-0.004225006295174083
2011-05-09 00:00:00,0.010989609175581228
2011-05-10 00:00:00,0.008481849195811852
2011-05-11 00:00:00,0.0026018070535085425
2011-05-12 00:00:00,-0.02427631613790715
2011-05-13 00:00:00,0.026153839487722097
2011-05-16 00:00:00,-0.001609506036798547
2011-05-17 00:00:00,-0.0021142790145035617
2011-05-18 00:00:00,-0.002149329597579186
2011-05-19 00:00:00,0.00038124243079362685
2011-05-20 00:00:00,-0.019513896442128753
2011-05-23 00:00:00,-0.0028538717310229167
2011-05-24 00:00:00,0.010810891995791438
2011-05-25 00:00:00,0.006638872423723852
2011-05-26 00:00:00,0.012308254618259129
2011-05-27 00:00:00,0.010986436235781882
2011-05-30 00:00:00,-0.004691734072079123
2011-05-31 00:00:00,-0.002098861315665168
2011-06-01 00:00:00,-0.0020276082554807617
2011-06-02 00:00:00,0.00844817958756261
2011-06-03 00:00:00,0.021100227401789073
2011-06-07 00:00:00,-0.007443911577890483
2011-06-08 00:00:00,0.0015534493175977104
2011-06-09 00:00:00,-0.001895407085718226
2011-06-10 00:00:00,0.005456505069034501
2011-06-13 00:00:00,-0.004788839593027894
2011-06-14 00:00:00,-0.0037308787468789406
2011-06-15 00:00:00,0.015793399370062966
2011-06-16 00:00:00,-0.009389195464650446
2011-06-17 00:00:00,0.008960433703195214
2011-06-20 00:00:00,0.002957588162832314
2011-06-21 00:00:00,0.013568731674839407
2011-06-22 00:00:00,-0.00824487513799721
2011-06-23 00:00:00,-0.006551459802169091
2011-06-24 00:00:00,-0.002588085830532605
2011-06-27 00:00:00,-0.012222870602792368
2011-06-28 00:00:00,0.0034775256301087243
2011-06-29 00:00:00,0.015692346034099858
2011-06-30 00:00:00,0.002815722870097126
2011-07-01 00:00:00,-0.001427376185754059
2011-07-04 00:00:00,0.017347483588346924
2011-07-05 00:00:00,0.0034324603446680424
2011-07-06 00:00:00,-0.00010184341873664682
2011-07-07 00:00:00,0.01157431401385467
2011-07-08 00:00:00,0.006539251383423705
2011-07-11 00:00:00,-0.002992860678524223
2011-07-12 00:00:00,0.00310972305079793
2011-07-13 00:00:00,0.024234263674283163
2011-07-14 00:00:00,-0.012606472535070856
2011-07-15 00:00:00,-0.0025074973047050086
2011-07-18 00:00:00,0.001157462911840268
2011-07-19 00:00:00,0.021143964321324482
2011-07-20 00:00:00,-0.009470303790163559
2011-07-21 00:00:00,0.007709129985391083
2011-07-22 00:00:00,0.004456882424911823
2011-07-25 00:00:00,0.01069682757470769
2011-07-26 00:00:00,0.008191262642440966
2011-07-27 00:00:00,-0.0015041544251183092
2011-07-28 00:00:00,-0.004313465962602625
2011-07-29 00:00:00,-0.019658189983602692
2011-08-01 00:00:00,0.013641867457496515
2011-08-02 00:00:00,-0.013676549588747089
2011-08-03 00:00:00,0.0007200399644113897
2011-08-04 00:00:00,-0.0027987870288705974
2011-08-05 00:00:00,-0.008989638790436016
2011-08-08 00:00:00,0.0046097639020188375
2011-08-09 00:00:00,-0.003811376144931433
2011-08-10 00:00:00,0.0193710135969285
2011-08-11 00:00:00,0.010356432817001604
2011-08-12 00:00:00,-0.00070570764502631
2011-08-15 00:00:00,-0.00970160900641226
2011-08-16 00:00:00,-0.007503366237707754
2011-08-17 00:00:00,0.00662530800089467
2011-08-18 00:00:00,0.0012558084411762316
2011-08-19 00:00:00,-0.01601690581600046
2011-08-22 00:00:00,0.0022600866771436134
2011-08-23 00:00:00,0.005655210955542556
2011-08-24 00:00:00,-0.003036742664957015
2011-08-25 00:00:00,-0.020389304714158674
2011-08-26 00:00:00,0.006259790644666197
2011-08-29 00:00:00,0.005256556421979086
2011-08-30 00:00:00,-0.0041107523637057275
2011-08-31 00:00:00,-0.00018392860394589317
2011-09-01 00:00:00,-0.00215267427692567
2011-09-02 00:00:00,-0.012387339902369399
2011-09-05 00:00:00,-0.017031409382102458
2011-09-06 00:00:00,-0.004610280050072468
2011-09-07 00:00:00,0.00824080979710895
2011-09-08 00:00:00,-0.00751605981285397
2011-09-09 00:00:00,0.0011383444438766155
2011-09-13 00:00:00,0.0011333567817639612
2011-09-14 00:00:00,-0.02615312113727286
2011-09-15 00:00:00,0.005250990039334491
2011-09-16 00:00:00,0.009702472457859157
2011-09-19 00:00:00,-0.025162478864601434
2011-09-20 00:00:00,0.005365908639461514
2011-09-21 00:00:00,0.01177204247043906
2011-09-22 00:00:00,-0.011915088453116063
2011-09-23 00:00:00,-0.014898595603932474
2011-09-26 00:00:00,-0.013257133585443115
2011-09-27 00:00:00,0.025884189771830712
2011-09-28 00:00:00,0.0013073460054149333
2011-09-29 00:00:00,-0.009564157343774471
2011-09-30 00:00:00,0.020224131365851328
2011-10-10 00:00:00,0.0008554507673783629
2011-10-11 00:00:00,-0.0005277617938915791
2011-10-12 00:00:00,0.0015859130309101577
2011-10-13 00:00:00,-0.01329874021071642
2011-10-14 00:00:00,0.016664329732096306
2011-10-17 00:00:00,0.0021039036735308603
2011-10-18 00:00:00,-0.008302688716448459
2011-10-19 00:00:00,0.004875156414816395
2011-10-20 00:00:00,-0.03739105198158532
2011-10-21 00:00:00,0.008204785545348203
2011-10-24 00:00:00,0.011654266605259034
2011-10-25 00:00:00,0.01802770947607346
2011-10-26 00:00:00,0.005645740088987994
2011-10-27 00:00:00,-0.0027142829539255064
2011-10-28 00:00:00,-0.0035739562632903787
2011-10-31 00:00:00,-0.012134210981100457
2011-11-01 00:00:00,0.004894548552224487
2011-11-02 00:00:00,0.011330225132703653
2011-11-03 00:00:00,-0.003864153937386594
2011-11-04 00:00:00,0.0043984266692771445
2011-11-07 00:00:00,-0.002065600213776664
2011-11-08 00:00:00,-0.006450679326856279
2011-11-09 00:00:00,0.0035599980007994247
2011-11-10 00:00:00,-0.019166288809170706
2011-11-11 00:00:00,0.006927748751827778
2011-11-14 00:00:00,0.0014842359714011266
2011-11-15 00:00:00,-0.008573772422365122
2011-11-16 00:00:00,-0.012736180008349307
2011-11-17 00:00:00,0.005517531089966443
2011-11-18 00:00:00,-0.005803583530674672
2011-11-21 00:00:00,-0.01757031231845696
2011-11-22 00:00:00,0.0005198439327178672
2011-11-23 00:00:00,-0.017901486988446624
2011-11-24 00:00:00,-0.0013131803264735398
2011-11-25 00:00:00,-0.010016322106154107
2011-11-28 00:00:00,0.006954584503358507
2011-11-29 00:00:00,0.003595891836027487
2011-11-30 00:00:00,-0.007488468089588807
2011-12-01 00:00:00,0.01648955069965985
2011-12-02 00:00:00,-0.002467206553969148
2011-12-05 00:00:00,0.0034553130146695032
2011-12-06 00:00:00,-8.707682687814078e-05
2011-12-07 00:00:00,-0.010372967953963697
2011-12-08 00:00:00,-0.008911858095262404
2011-12-09 00:00:00,-0.0032575014127816937
2011-12-12 00:00:00,-0.019609377647480608
2011-12-13 00:00:00,-0.008505448319287012
2011-12-14 00:00:00,0.00614674073619681
2011-12-15 00:00:00,0.002830750004461313
2011-12-16 00:00:00,0.009224529983603347
2011-12-19 00:00:00,-0.0031362598384027107
2011-12-20 00:00:00,-0.007243399092759173
2011-12-21 00:00:00,-0.00841200344112214
2011-12-22 00:00:00,0.010483387325300741
2011-12-23 00:00:00,0.0014170447943577802
2011-12-26 00:00:00,-0.009630582608730398
2011-12-27 00:00:00,0.000548488625373933
2011-12-28 00:00:00,-0.005977078131761737
2011-12-29 00:00:00,-0.007849907819479252
2011-12-30 00:00:00,-0.015853514622012455
2012-01-04 00:00:00,0.017449897288058347
2012-01-05 00:00:00,0.03853482004896569
2012-01-06 00:00:00,-0.007080285361588778
2012-01-09 00:00:00,0.003028902377590015
2012-01-10 00:00:00,0.023205925997950905
2012-01-11 00:00:00,-0.001253763737252167
2012-01-12 00:00:00,0.0079276863426474
2012-01-13 00:00:00,-0.0023920416998551852
2012-01-16 00:00:00,0.0026786346410423434
2012-01-17 00:00:00,0.00319125844962187
2012-01-18 00:00:00,0.0008666588706101042
2012-01-19 00:00:00,0.002547174138399555
2012-01-20 00:00:00,0.016973698226299128
2012-01-30 00:00:00,-0.009985941098658802
2012-01-31 00:00:00,0.0019060579051735083
2012-02-01 00:00:00,-0.003957267176511237
2012-02-02 00:00:00,0.002490642193387016
2012-02-03 00:00:00,0.0006415164165205489
2012-02-06 00:00:00,0.005422628041799493
2012-02-07 00:00:00,-5.779226517022007e-05
2012-02-08 00:00:00,0.006550122949574133
2012-02-09 00:00:00,0.0016952963904510732
2012-02-10 00:00:00,0.0005695858655407893
2012-02-13 00:00:00,0.0016210508691123504
2012-02-14 00:00:00,-0.004737529678458863
2012-02-15 00:00:00,0.00014275006625674713
2012-02-16 00:00:00,-0.006995313204150033
2012-02-17 00:00:00,0.0036794312755772385
2012-02-20 00:00:00,0.003456716577232566
2012-02-21 00:00:00,0.002069109084524401
2012-02-22 00:00:00,0.0004272757900747326
2012-02-23 00:00:00,-0.0015137268327950482
2012-02-24 00:00:00,0.0006124508129454753
2012-02-27 00:00:00,0.006537107041955981
2012-02-28 00:00:00,0.0004514425754840179
2012-02-29 00:00:00,-0.0016304444421613162
2012-03-01 00:00:00,-0.004659219119244384
2012-03-02 00:00:00,0.0012867762230897029
2012-03-05 00:00:00,-0.004481204104649916
2012-03-06 00:00:00,-0.0011275849491644285
2012-03-07 00:00:00,-0.002883804500263154
2012-03-08 00:00:00,-0.0006655574346814408
2012-03-09 00:00:00,0.0057078167408519676
2012-03-12 00:00:00,-0.002106436551396751
2012-03-13 00:00:00,0.004596792880346312
2012-03-14 00:00:00,-0.0036139931879970444
2012-03-15 00:00:00,0.00475460963521801
2012-03-16 00:00:00,0.001665970873009348
2012-03-19 00:00:00,-0.001658791152975403
2012-03-20 00:00:00,0.000866992548268275
2012-03-21 00:00:00,-0.007497592807240605
2012-03-22 00:00:00,0.0007800930297314768
2012-03-23 00:00:00,0.003087147352342834
2012-03-26 00:00:00,-0.00029873970387150894
2012-03-27 00:00:00,-0.001133357839375626
2012-03-28 00:00:00,0.002790943416766112
2012-03-29 00:00:00,0.0011330707669841011
2012-03-30 00:00:00,-0.0005436932398339422
2012-04-05 00:00:00,0.005590651963601756
2012-04-06 00:00:00,0.0020935171744089764
2012-04-09 00:00:00,0.017259015562580915
2012-04-10 00:00:00,0.0009138962888559643
2012-04-11 00:00:00,-0.004116879443902377
2012-04-12 00:00:00,-0.0025797260970966684
2012-04-13 00:00:00,-0.0007055764652525998
2012-04-16 00:00:00,-0.007071055721953212
2012-04-17 00:00:00,-0.006043412497340084
2012-04-18 00:00:00,-0.0010996067653002983
2012-04-19 00:00:00,-0.006047380560721849
2012-04-20 00:00:00,0.00028537775275805366
2012-04-23 00:00:00,-0.00815744416554709
2012-04-24 00:00:00,-0.006034083664141265
2012-04-25 00:00:00,0.006193236502152422
2012-04-26 00:00:00,-0.0041227736945878
2012-04-27 00:00:00,-0.009443243850092764
2012-05-02 00:00:00,-0.0014644293633321315
2012-05-03 00:00:00,-0.0005446442237964089
2012-05-04 00:00:00,0.0025828991298786352
2012-05-07 00:00:00,-0.0018687792793079527
2012-05-08 00:00:00,-0.006528178173571764
2012-05-09 00:00:00,-0.009586678921629121
2012-05-10 00:00:00,-0.002764663415245616
2012-05-11 00:00:00,-0.015575081275672087
2012-05-14 00:00:00,-0.010308464725214295
2012-05-15 00:00:00,0.010377549327294844
2012-05-16 00:00:00,-0.021747821959961278
2012-05-17 00:00:00,0.017194546750888273
2012-05-18 00:00:00,-0.0044489853567108995
2012-05-21 00:00:00,0.005062561556309575
2012-05-22 00:00:00,-0.005373494417199587
2012-05-23 00:00:00,-0.018352680699670332
2012-05-24 00:00:00,0.008215581668991945
2012-05-25 00:00:00,-0.0039017847669293726
2012-05-28 00:00:00,-0.004907555537933539
2012-05-29 00:00:00,0.0064303038686133185
2012-05-30 00:00:00,-0.0014930151203433883
2012-05-31 00:00:00,0.0008421241533951296
2012-06-01 00:00:00,-0.01748601357137336
2012-06-04 00:00:00,-0.014374572428033416
2012-06-05 00:00:00,0.010336943849030611
2012-06-06 00:00:00,-0.01397318844355977
2012-06-07 00:00:00,0.01608649428947473
2012-06-08 00:00:00,-0.015690096992442615
2012-06-11 00:00:00,0.008863292967162373
2012-06-12 00:00:00,-0.009603310874311766
2012-06-13 00:00:00,-0.02089896558579374
2012-06-14 00:00:00,-0.002288213102398795
2012-06-15 00:00:00,0.0027519618677613877
2012-06-18 00:00:00,-0.007968181819128062
2012-06-19 00:00:00,-0.0005781595495102376
2012-06-20 00:00:00,0.009126272806254443
2012-06-21 00:00:00,-0.001039706548817687
2012-06-25 00:00:00,-0.00475027555521268
2012-06-26 00:00:00,0.013298989430148733
2012-06-27 00:00:00,-0.003193534324981706
2012-06-28 00:00:00,0.005438898800461667
2012-06-29 00:00:00,-0.0039872213541755075
2012-07-02 00:00:00,-0.0020741157690665757
2012-07-03 00:00:00,0.014736549091548978
2012-07-04 00:00:00,0.00987402218835598
2012-07-05 00:00:00,0.008155540342760004
2012-07-06 00:00:00,-0.007930041838266622
2012-07-09 00:00:00,-0.0015757547271376682
2012-07-10 00:00:00,-0.0027246737620112427
2012-07-11 00:00:00,-0.001821169243107934
2012-07-12 00:00:00,0.004065224064899731
2012-07-13 00:00:00,-0.0015171570808313328
2012-07-16 00:00:00,-0.008699152868357873
2012-07-17 00:00:00,-0.01803659922995271
2012-07-18 00:00:00,-0.0015091367737654071
2012-07-19 00:00:00,-0.001406606353281048
2012-07-20 00:00:00,-0.007205911605631887
2012-07-23 00:00:00,-0.007949569085430874
2012-07-24 00:00:00,-0.012695978836778643
2012-07-25 00:00:00,-0.0004988003532402363
2012-07-26 00:00:00,-0.02298593286908346
2012-07-27 00:00:00,-0.0035238360378654354
2012-07-30 00:00:00,-0.011051150355036343
2012-07-31 00:00:00,0.007635694961243056
2012-08-01 00:00:00,0.011342872772738488
2012-08-02 00:00:00,-0.016278166641781167
2012-08-03 00:00:00,0.006249499429419103
2012-08-06 00:00:00,0.005782725574109193
2012-08-07 00:00:00,-0.005730125344472259
2012-08-08 00:00:00,0.001126776127592377
2012-08-09 00:00:00,0.019573648387013032
2012-08-10 00:00:00,-0.004754085233585781
2012-08-13 00:00:00,-0.012814795245423172
2012-08-14 00:00:00,-0.010035728507537311
2012-08-15 00:00:00,0.03972159349093918
2012-08-16 00:00:00,-0.0021130914795092215
2012-08-17 00:00:00,-0.01073200989441736
2012-08-20 00:00:00,0.004765462958091549
2012-08-21 00:00:00,0.008203500652564033
2012-08-22 00:00:00,-0.012583421021587493
2012-08-23 00:00:00,-0.016735410258757244
2012-08-24 00:00:00,-0.00602380822255133
2012-08-27 00:00:00,0.006212030344450392
2012-08-28 00:00:00,-0.020648842553280256
2012-08-29 00:00:00,-0.005245777676744057
2012-08-30 00:00:00,0.019243480184726547
2012-08-31 00:00:00,0.00016212723700270715
2012-09-03 00:00:00,0.00039004035252676594
2012-09-04 00:00:00,-0.011730991958862513
2012-09-05 00:00:00,-0.003951655882219018
2012-09-06 00:00:00,0.0027814813415176776
2012-09-07 00:00:00,0.0013672513515554652
2012-09-10 00:00:00,0.0156852344316587
2012-09-11 00:00:00,-0.0008995917582669266
2012-09-12 00:00:00,0.004044459062797934
2012-09-13 00:00:00,-0.014272773799364868
2012-09-14 00:00:00,0.01172796524312325
2012-09-17 00:00:00,-0.0013621416494380423
2012-09-18 00:00:00,0.002754918319023414
2012-09-19 00:00:00,-0.00903842395412735
2012-09-20 00:00:00,0.007918036694400943
2012-09-21 00:00:00,-0.02277501261159931
2012-09-24 00:00:00,-0.02375328342794869
2012-09-25 00:00:00,-0.001963618777467757
2012-09-26 00:00:00,-4.594837237004157e-05
2012-09-27 00:00:00,0.0056733142798455205
2012-09-28 00:00:00,-0.00044557656811694546
2012-10-08 00:00:00,0.007742933063841884
2012-10-09 00:00:00,0.009939116188235841
2012-10-10 00:00:00,0.003320338720562699
2012-10-11 00:00:00,0.007480934959246621
2012-10-12 00:00:00,-0.005428396133956848
2012-10-15 00:00:00,0.004478575759184977
2012-10-16 00:00:00,0.003605113129671711
2012-10-17 00:00:00,0.011996745409279974
2012-10-18 00:00:00,-0.010002477065342297
2012-10-19 00:00:00,-0.009124089396333246
2012-10-22 00:00:00,0.008949131078460404
2012-10-23 00:00:00,-0.006966063134105638
2012-10-24 00:00:00,0.0030281845860824497
2012-10-25 00:00:00,-0.0006159501685949476
2012-10-26 00:00:00,-0.023440262042657145
2012-10-29 00:00:00,0.0037256892959223187
2012-10-30 00:00:00,0.005962158118706373
2012-10-31 00:00:00,0.0004605312034282605
2012-11-01 00:00:00,0.0024262907991954297
2012-11-02 00:00:00,-0.010493782639037441
2012-11-05 00:00:00,0.00896910655768779
2012-11-06 00:00:00,0.008192661310472138
2012-11-07 00:00:00,-0.002533047862770199
2012-11-08 00:00:00,-0.002596375550325658
2012-11-09 00:00:00,-0.0009886346034193583
2012-11-12 00:00:00,-0.0032718915281665373
2012-11-13 00:00:00,0.0006927321119030161
2012-11-14 00:00:00,0.02696823805262305
2012-11-15 00:00:00,-0.00402312342843858
2012-11-16 00:00:00,-0.0030830657435209075
2012-11-19 00:00:00,0.002840015822000108
2012-11-20 00:00:00,0.001071266986029551
2012-11-21 00:00:00,0.0012037092909586988
2012-11-22 00:00:00,0.0008304437669623965
2012-11-23 00:00:00,-0.001582650413028186
2012-11-26 00:00:00,-0.0011161291754582248
2012-11-27 00:00:00,-0.0077791619545749535
2012-11-28 00:00:00,-0.0029548706812466685
2012-11-29 00:00:00,-0.00460011739274524
2012-11-30 00:00:00,0.01317268267060312
2012-12-03 00:00:00,0.009842004502856216
2012-12-04 00:00:00,-0.0024799803720007008
2012-12-05 00:00:00,-0.0016485140940053489
2012-12-06 00:00:00,0.0024313121856842645
2012-12-07 00:00:00,-0.002490454786739593
2012-12-10 00:00:00,0.010058633030251007
2012-12-11 00:00:00,-8.833129640906101e-05
2012-12-12 00:00:00,-0.0021150411966768257
2012-12-13 00:00:00,-0.002341776996609757
2012-12-14 00:00:00,0.002338415108951164
2012-12-17 00:00:00,0.01399140059548376
2012-12-18 00:00:00,-0.0031005988188667066
2012-12-19 00:00:00,0.0012262252759784875
2012-12-20 00:00:00,0.0006309885796984549
2012-12-21 00:00:00,-0.0024743735446415283
2012-12-24 00:00:00,0.0014161280394078268
2012-12-25 00:00:00,-0.008704884009982372
2012-12-26 00:00:00,0.00882014903117212
2012-12-27 00:00:00,0.0024769263360147065
2012-12-28 00:00:00,0.003007850707207105
2012-12-31 00:00:00,0.0030988440766099856
2013-01-04 00:00:00,0.00447287028254828
2013-01-07 00:00:00,0.015249701089244283
2013-01-08 00:00:00,0.0061487604718384326
2013-01-09 00:00:00,-0.01089467275012268
2013-01-10 00:00:00,0.0016766490184736416
2013-01-11 00:00:00,-0.011796129067455863
2013-01-14 00:00:00,6.058522676211098e-05
2013-01-15 00:00:00,-0.0066323540856469965
2013-01-16 00:00:00,0.001637240542752716
2013-01-17 00:00:00,-0.006748279357102094
2013-01-18 00:00:00,0.004901752841468987
2013-01-21 00:00:00,-0.01395293418375465
2013-01-22 00:00:00,0.0010367560816622046
2013-01-23 00:00:00,-0.010744225994207768
2013-01-24 00:00:00,0.0032632029184538336
2013-01-25 00:00:00,-0.005112822035654774
2013-01-28 00:00:00,-0.013649362206488935
2013-01-29 00:00:00,0.001643709119411918
2013-01-30 00:00:00,0.006015450044784654
2013-01-31 00:00:00,0.010972640657015198
2013-02-01 00:00:00,0.006055485433597463
2013-02-04 00:00:00,-0.002402130655216328
2013-02-05 00:00:00,-0.005723183719478109
2013-02-06 00:00:00,0.0032797074922561453
2013-02-07 00:00:00,-0.013139761307463527
2013-02-08 00:00:00,-0.0003233875165032929
2013-02-18 00:00:00,-0.003624761219782835
2013-02-19 00:00:00,0.0055125189496347815
2013-02-20 00:00:00,-0.0014746222395575215
2013-02-21 00:00:00,0.007630338292791583
2013-02-22 00:00:00,0.011896702352923727
2013-02-25 00:00:00,-0.004453097630809366
2013-02-26 00:00:00,-0.01494527703636428
2013-02-27 00:00:00,0.004398563000918454
2013-02-28 00:00:00,0.006751993231924436
2013-03-01 00:00:00,0.0014711036169494651
2013-03-04 00:00:00,-0.008875083641190495
2013-03-05 00:00:00,0.009246753055603074
2013-03-06 00:00:00,-0.003298957568298455
2013-03-07 00:00:00,-0.006312648031061463
2013-03-08 00:00:00,0.008760631214186132
2013-03-11 00:00:00,0.00033799929886191293
2013-03-12 00:00:00,-0.004012429248456906
2013-03-13 00:00:00,0.004003694545513747
2013-03-14 00:00:00,-0.006580345960613299
2013-03-15 00:00:00,0.004841390871588969
2013-03-18 00:00:00,0.00465477085403343
2013-03-19 00:00:00,0.0027366785362199497
2013-03-20 00:00:00,0.011716753415597747
2013-03-21 00:00:00,0.00018394019714285115
2013-03-22 00:00:00,-0.005448839545739492
2013-03-25 00:00:00,-0.002050693180573604
2013-03-26 00:00:00,-0.006080347725734625
2013-03-27 00:00:00,-0.0015135736609734884
2013-03-28 00:00:00,-0.0057236550671624364
2013-03-29 00:00:00,-0.005607329973801423
2013-04-01 00:00:00,-0.00820835532513442
2013-04-02 00:00:00,0.0003562556993601529
2013-04-03 00:00:00,0.004671707839736472
2013-04-08 00:00:00,0.007921471770306887
2013-04-09 00:00:00,-0.0029799010831398354
2013-04-10 00:00:00,0.0036909796888091595
2013-04-11 00:00:00,-0.0032339073984988254
2013-04-12 00:00:00,-0.00444462989194494
2013-04-15 00:00:00,0.00023701042452639598
2013-04-16 00:00:00,-0.002393204528811199
2013-04-17 00:00:00,-0.0014648042730179833
2013-04-18 00:00:00,0.0038087624523006625
2013-04-19 00:00:00,-0.011252802845679977
2013-04-22 00:00:00,-0.022010518333816398
2013-04-23 00:00:00,-0.010695228897460107
2013-04-24 00:00:00,-0.00044319947365312196
2013-04-25 00:00:00,-0.0027455476992657157
2013-04-26 00:00:00,0.018057612555045566
2013-05-02 00:00:00,-0.0076149044769576735
2013-05-03 00:00:00,-0.00414065413237763
2013-05-06 00:00:00,0.012854989272652162
2013-05-07 00:00:00,0.0019834852282245574
2013-05-08 00:00:00,0.0012965959939532645
2013-05-09 00:00:00,-0.0066760934530391
2013-05-10 00:00:00,0.004310371365016996
2013-05-13 00:00:00,0.002734958123043141
2013-05-14 00:00:00,-0.0022646653458745503
2013-05-15 00:00:00,-0.012674829074759697
2013-05-16 00:00:00,0.0010790235357729383
2013-05-17 00:00:00,0.000938684234492948
2013-05-20 00:00:00,-0.005934818436335476
2013-05-21 00:00:00,0.0005299473504765118
2013-05-22 00:00:00,0.000893552200723402
2013-05-23 00:00:00,-0.012852907495844113
2013-05-24 00:00:00,0.0009171610330607205
2013-05-27 00:00:00,-0.0010045759555430411
2013-05-28 00:00:00,0.007265527807349459
2013-05-29 00:00:00,-0.019030625979710836
2013-05-30 00:00:00,0.0019625779529628407
2013-05-31 00:00:00,-0.002579665665715991
2013-06-03 00:00:00,0.0023887986358543944
2013-06-04 00:00:00,-0.00028659756021143235
2013-06-05 00:00:00,0.006295766963504201
2013-06-06 00:00:00,-0.005906511492006716
2013-06-07 00:00:00,0.009455827760115998
2013-06-13 00:00:00,-0.012900694766519116
2013-06-14 00:00:00,0.0035516041498946382
2013-06-17 00:00:00,0.02105255051630084
2013-06-18 00:00:00,-0.0029108291833860322
2013-06-19 00:00:00,0.000504689630145716
2013-06-20 00:00:00,-0.0057020442190720555
2013-06-21 00:00:00,-0.0071942079942419745
2013-06-24 00:00:00,-0.002296757812326189
2013-06-25 00:00:00,0.008616517636912402
2013-06-26 00:00:00,-0.002269064771574736
2013-06-27 00:00:00,-0.001476143165840993
2013-06-28 00:00:00,-0.003099175164749446
2013-07-01 00:00:00,0.008675432685022022
2013-07-02 00:00:00,0.0029695843753860807
2013-07-03 00:00:00,-0.0023067354965806697
2013-07-04 00:00:00,-0.01902269675406143
2013-07-05 00:00:00,-0.0015644493870914378
2013-07-08 00:00:00,-0.007666430397365365
2013-07-09 00:00:00,0.004653109462339211
2013-07-10 00:00:00,-0.001180914364892871
2013-07-11 00:00:00,0.002468858063834123
2013-07-12 00:00:00,-0.006844534220845189
2013-07-15 00:00:00,0.0004413146209576446
2013-07-16 00:00:00,-0.01190979431285455
2013-07-17 00:00:00,0.000754403385996083
2013-07-18 00:00:00,0.0036637497397085106
2013-07-19 00:00:00,-0.0018662612543142165
2013-07-22 00:00:00,0.010641320717767355
2013-07-23 00:00:00,-0.0018458274838256683
2013-07-24 00:00:00,-0.0011982021834118228
2013-07-25 00:00:00,0.0003437051406065539
2013-07-26 00:00:00,-0.003860140917008259
2013-07-29 00:00:00,-0.0008353821265097983
2013-07-30 00:00:00,0.007889928698027626
2013-07-31 00:00:00,-0.0032337814671118403
2013-08-01 00:00:00,0.007689430470372738
2013-08-02 00:00:00,-0.0022825919034811237
2013-08-05 00:00:00,0.004089314200224958
2013-08-06 00:00:00,-0.0022917615748017095
2013-08-07 00:00:00,-0.005009545534853221
2013-08-08 00:00:00,0.006777433353347906
2013-08-09 00:00:00,0.0006675932267738993
2013-08-12 00:00:00,0.012448283920554859
2013-08-13 00:00:00,0.0026073035846669868
2013-08-14 00:00:00,-0.006180617078762163
2013-08-15 00:00:00,0.0061260076781151085
2013-08-16 00:00:00,0.005221681683637902
2013-08-19 00:00:00,-0.010870971194907209
2013-08-20 00:00:00,-0.002228575835931945
2013-08-21 00:00:00,-0.004608278426188384
2013-08-22 00:00:00,-0.010396244960763412
2013-08-23 00:00:00,-0.005110618051938021
2013-08-26 00:00:00,0.021395770312640616
2013-08-27 00:00:00,-0.003379420490281837
2013-08-28 00:00:00,0.0006284164171559414
2013-08-29 00:00:00,0.0016293244840341892
2013-08-30 00:00:00,-0.008953523440666133
2013-09-02 00:00:00,-0.0013489833338309332
2013-09-03 00:00:00,0.006850180644605297
2013-09-04 00:00:00,0.0027332564750361943
2013-09-05 00:00:00,0.0003420775683591337
2013-09-06 00:00:00,0.02257505324220488
2013-09-09 00:00:00,0.0009682661723444674
2013-09-10 00:00:00,-0.0025849009062968165
2013-09-11 00:00:00,-6.739634126784466e-05
2013-09-12 00:00:00,-0.001916868654789905
2013-09-13 00:00:00,0.0004328897408687471
2013-09-16 00:00:00,-0.01235086717637024
2013-09-17 00:00:00,-0.001989506791847062
2013-09-18 00:00:00,-0.004393395888864338
2013-09-23 00:00:00,0.0021982911039206687
2013-09-24 00:00:00,0.005692252407832443
2013-09-25 00:00:00,0.006493005903766669
2013-09-26 00:00:00,0.0021947843280913926
2013-09-27 00:00:00,-0.005640647839084134
2013-09-30 00:00:00,-0.003313907461250043
2013-10-08 00:00:00,0.012905359361411683
2013-10-09 00:00:00,-0.0029213052412566665
2013-10-10 00:00:00,0.017165196235405578
2013-10-11 00:00:00,0.002510259392893621
2013-10-14 00:00:00,-0.0008551038487115692
2013-10-15 00:00:00,0.00756275168475784
2013-10-16 00:00:00,-0.006841496289265114
2013-10-17 00:00:00,0.00017121375551076845
2013-10-18 00:00:00,-0.0018494249717848632
2013-10-21 00:00:00,0.0130053189715984
2013-10-22 00:00:00,-0.006701276040779636
2013-10-23 00:00:00,-0.0070779552275871405
2013-10-24 00:00:00,0.002964136306764509
2013-10-25 00:00:00,-0.008654804201127186
2013-10-28 00:00:00,-0.0004566696468449871
2013-10-29 00:00:00,2.3261932553753084e-05
2013-10-30 00:00:00,0.00010516006749816675
2013-10-31 00:00:00,0.003072696337379721
2013-11-01 00:00:00,0.0023688875123739628
2013-11-04 00:00:00,-0.0016009042845955834
2013-11-05 00:00:00,0.005453660606943078
2013-11-06 00:00:00,-0.0020513849489297575
2013-11-07 00:00:00,-0.002414579497927005
2013-11-08 00:00:00,-0.0013238410810664236
2013-11-11 00:00:00,-0.0023388253276835913
2013-11-12 00:00:00,-0.0029384597097085186
2013-11-13 00:00:00,0.0014408278617019654
2013-11-14 00:00:00,0.0011640546204974012
2013-11-15 00:00:00,-0.013341626179169785
2013-11-18 00:00:00,-0.007017355185136687
2013-11-19 00:00:00,0.0015879789601964678
2013-11-20 00:00:00,0.0013910666174710151
2013-11-21 00:00:00,-0.0030290603341140976
2013-11-22 00:00:00,-0.005312431590424049
2013-11-25 00:00:00,-0.0033536574477329717
2013-11-26 00:00:00,-0.0008806137484044241
2013-11-27 00:00:00,0.003987475392356332
2013-11-28 00:00:00,0.0018029339453458082
2013-11-29 00:00:00,-0.002502258229213905
2013-12-02 00:00:00,-0.008670144260040535
2013-12-03 00:00:00,-0.0019215164545672847
2013-12-04 00:00:00,-0.00015684832106954705
2013-12-05 00:00:00,-0.0006838647763405259
2013-12-06 00:00:00,-0.0008853494909581983
2013-12-09 00:00:00,-0.009150364357521812
2013-12-10 00:00:00,-0.003231515427156939
2013-12-11 00:00:00,0.002250737485887999
2013-12-12 00:00:00,-0.005198935101825897
2013-12-13 00:00:00,-0.0010481246868567773
2013-12-16 00:00:00,0.0009727350667905199
2013-12-17 00:00:00,-0.0007511623729240524
2013-12-18 00:00:00,0.00025535095122064533
2013-12-19 00:00:00,-0.0007113881559257518
2013-12-20 00:00:00,0.0042238724575387465
2013-12-23 00:00:00,-0.0028612542129574647
2013-12-24 00:00:00,-0.0028860234807852603
2013-12-25 00:00:00,-0.0033342862693320763
2013-12-26 00:00:00,0.006627765754375181
2013-12-27 00:00:00,-0.005434577063356261
2013-12-30 00:00:00,-0.006650169692166696
2013-12-31 00:00:00,-0.007585331257988215
2014-01-02 00:00:00,0.0008784629382068143
2014-01-03 00:00:00,-0.00510814242232438
2014-01-06 00:00:00,-0.023050611202310778
2014-01-07 00:00:00,-0.008070391342507865
2014-01-08 00:00:00,-0.011444341313376794
2014-01-09 00:00:00,-0.0035845439046123806
2014-01-10 00:00:00,0.00043625166107541524
2014-01-13 00:00:00,0.0006642827445155763
2014-01-14 00:00:00,0.0042176835685250325
2014-01-15 00:00:00,-0.007003805045204814
2014-01-16 00:00:00,-0.015817955667259076
2014-01-17 00:00:00,0.0032005136336754614
2014-01-20 00:00:00,0.008147377312044624
2014-01-21 00:00:00,-0.0112842513469682
2014-01-22 00:00:00,0.0040053275368230334
2014-01-23 00:00:00,-0.00450515860788081
2014-01-24 00:00:00,0.002785545576724502
2014-01-27 00:00:00,-0.0014966443551615027
2014-01-28 00:00:00,-0.020704759873247713
2014-01-29 00:00:00,0.009189927387568186
2014-01-30 00:00:00,-0.0071417702705320885
2014-02-07 00:00:00,0.02390463209425797
2014-02-10 00:00:00,0.011459694398837428
2014-02-11 00:00:00,-0.003402004205727782
2014-02-12 00:00:00,0.0009112510738213953
2014-02-13 00:00:00,0.014529407810510708
2014-02-14 00:00:00,-0.0016679670742095754
2014-02-17 00:00:00,-0.009810878459047934
2014-02-18 00:00:00,0.005499647084341142
2014-02-19 00:00:00,0.005438840334685002
2014-02-20 00:00:00,0.006680579275264442
2014-02-21 00:00:00,0.015501451777564679
2014-02-24 00:00:00,0.004372615146073011
2014-02-25 00:00:00,0.007907004264267048
2014-02-26 00:00:00,-0.010443762247496657
2014-02-27 00:00:00,-0.001240694211396054
2014-02-28 00:00:00,-0.005027131174824673
2014-03-03 00:00:00,0.006384870409442023
2014-03-04 00:00:00,0.00017941607875360255
2014-03-05 00:00:00,-0.0002717418442746977
2014-03-06 00:00:00,0.029555952860303103
2014-03-07 00:00:00,0.009178090628567448
2014-03-10 00:00:00,-0.012425088432132636
2014-03-11 00:00:00,0.01793109937720483
2014-03-12 00:00:00,-0.005732256370340694
2014-03-13 00:00:00,-0.0057806301344575095
2014-03-14 00:00:00,-0.011711805504950545
2014-03-17 00:00:00,-0.015511637336961592
2014-03-18 00:00:00,-0.002393465634669023
2014-03-19 00:00:00,0.00766054142523398
2014-03-20 00:00:00,-0.009324270785287192
2014-03-21 00:00:00,0.0013284828136883586
2014-03-24 00:00:00,-0.014297150400372716
2014-03-25 00:00:00,0.001233094568393156
2014-03-26 00:00:00,0.0006564936938755483
2014-03-27 00:00:00,0.04409703006292576
2014-03-28 00:00:00,0.014685364433479453
2014-03-31 00:00:00,-0.00916485953984758
2014-04-01 00:00:00,0.014145722602490807
2014-04-02 00:00:00,-0.028683525653586672
2014-04-03 00:00:00,0.006398776270554185
2014-04-04 00:00:00,-0.0024808121329942256
2014-04-08 00:00:00,-0.004644102769723268
2014-04-09 00:00:00,0.012089785843864664
2014-04-10 00:00:00,-0.004642093496916244
2014-04-11 00:00:00,-0.0002136260054823591
2014-04-14 00:00:00,0.010679183322033214
2014-04-15 00:00:00,-0.0036441137667259094
2014-04-16 00:00:00,0.007694530191115323
2014-04-17 00:00:00,-0.0014698561285252376
2014-04-18 00:00:00,0.006584212323541561
2014-04-21 00:00:00,-0.008851643361360018
2014-04-22 00:00:00,0.001081082488086249
2014-04-23 00:00:00,0.0035821724683711142
2014-04-24 00:00:00,0.003910793902497156
2014-04-25 00:00:00,-0.0027956247231085696
2014-04-28 00:00:00,0.004666344311113679
2014-04-29 00:00:00,-0.004974638876915183
2014-04-30 00:00:00,0.001973951573474908
2014-05-05 00:00:00,-0.013467549061218165
2014-05-06 00:00:00,-0.011791963159596297
2014-05-07 00:00:00,0.0029415347959800275
2014-05-08 00:00:00,-0.0017982964090100806
2014-05-09 00:00:00,-0.00135325645949258
2014-05-12 00:00:00,0.002014659172084876
2014-05-13 00:00:00,0.0067414908715626165
2014-05-14 00:00:00,0.026609141178691953
2014-05-15 00:00:00,-0.0036651052566892828
2014-05-16 00:00:00,0.004241427075887261
2014-05-19 00:00:00,0.009982092069944715
2014-05-20 00:00:00,0.0030128742640400663
2014-05-21 00:00:00,-0.005788709413329762
2014-05-22 00:00:00,-0.00891721120428901
2014-05-23 00:00:00,-0.004291984451280095
2014-05-26 00:00:00,0.0058999427669717
2014-05-27 00:00:00,-0.003960803150266479
2014-05-28 00:00:00,-0.0005306727760671093
2014-05-29 00:00:00,0.0017558851360581773
2014-05-30 00:00:00,0.007093279090748528
2014-06-03 00:00:00,-0.008346027808614154
2014-06-04 00:00:00,-0.006419967571071439
2014-06-05 00:00:00,0.0034176469136046883
2014-06-06 00:00:00,-0.009708661434919885
2014-06-09 00:00:00,-0.0006005340642264434
2014-06-10 00:00:00,-0.007745152688400481
2014-06-11 00:00:00,-0.0056037242120631214
2014-06-12 00:00:00,-0.010797414935949545
2014-06-13 00:00:00,0.0031788540489392503
2014-06-16 00:00:00,0.008101959461302544
2014-06-17 00:00:00,-0.0040095708693660415
2014-06-18 00:00:00,0.017314328688324387
2014-06-19 00:00:00,0.002982877636765302
2014-06-20 00:00:00,0.005462982055981502
2014-06-23 00:00:00,0.005964748142830878
2014-06-24 00:00:00,-0.008606173641777737
2014-06-25 00:00:00,0.007913320120163991
2014-06-26 00:00:00,0.003858286685306078
2014-06-27 00:00:00,-0.009296259323438139
2014-06-30 00:00:00,-0.014795134850668856
2014-07-01 00:00:00,0.0012450623615527512
2014-07-02 00:00:00,0.00368826554693813
2014-07-03 00:00:00,-0.004050177763824547
2014-07-04 00:00:00,0.0019166765117784035
2014-07-07 00:00:00,-0.027778639463281407
2014-07-08 00:00:00,0.004637397399475551
2014-07-09 00:00:00,0.003415749446807892
2014-07-10 00:00:00,-0.003192770712783566
2014-07-11 00:00:00,-0.01146172331134121
2014-07-14 00:00:00,0.004156697882272686
2014-07-15 00:00:00,0.0010369102479517167
2014-07-16 00:00:00,0.002227808268551401
2014-07-17 00:00:00,-0.0013355398451797562
2014-07-18 00:00:00,0.0065639461713453695
2014-07-21 00:00:00,-0.0013115451049570126
2014-07-22 00:00:00,0.014058506789118574
2014-07-23 00:00:00,-0.00374233628490106
2014-07-24 00:00:00,-0.01184492832796491
2014-07-25 00:00:00,-0.0033648597909811118
2014-07-28 00:00:00,0.010482510673232026
2014-07-29 00:00:00,-0.0016089767283601342
2014-07-30 00:00:00,-0.010059656158607155
2014-07-31 00:00:00,0.001670240989960492
2014-08-01 00:00:00,-0.009366247213913104
2014-08-04 00:00:00,0.011545321981088819
2014-08-05 00:00:00,-0.009824735585610922
2014-08-06 00:00:00,-0.0034435046492086174
2014-08-07 00:00:00,0.002793649002343024
2014-08-08 00:00:00,-0.006510827386265738
2014-08-11 00:00:00,-0.002851229158755353
2014-08-12 00:00:00,-0.007645548445968764
2014-08-13 00:00:00,-0.010964071019701205
2014-08-14 00:00:00,0.00200084872870665
2014-08-15 00:00:00,-0.0037462201828925012
2014-08-18 00:00:00,0.002743196157809935
2014-08-19 00:00:00,-0.01310675281369611
2014-08-20 00:00:00,-0.012202577933435488
2014-08-21 00:00:00,0.005280432825745196
2014-08-22 00:00:00,0.01431729074675081
2014-08-25 00:00:00,-0.013380639697994856
2014-08-26 00:00:00,-0.001280873162683216
2014-08-27 00:00:00,0.011253421999958046
2014-08-28 00:00:00,-0.007553686475728738
2014-08-29 00:00:00,0.017518271515072792
2014-09-01 00:00:00,0.009670933129357184
2014-09-02 00:00:00,-0.0008274623168401662
2014-09-03 00:00:00,-0.007366026474145859
2014-09-04 00:00:00,-0.006298510123077472
2014-09-05 00:00:00,-0.011782631903299312
2014-09-09 00:00:00,0.0011278388506990034
2014-09-10 00:00:00,-0.009700737993619146
2014-09-11 00:00:00,-0.010705123985382925
2014-09-12 00:00:00,0.009451640497174951
2014-09-15 00:00:00,-0.004935640640835293
2014-09-16 00:00:00,-0.0056987603626026395
2014-09-17 00:00:00,0.0022470504836078486
2014-09-18 00:00:00,0.004649028172690528
2014-09-19 00:00:00,-0.026334993259001238
2014-09-22 00:00:00,-0.01297296036730966
2014-09-23 00:00:00,0.0003721250833366163
2014-09-24 00:00:00,0.005888960243963792
2014-09-25 00:00:00,0.022490406929659867
2014-09-26 00:00:00,0.030478402152720907
2014-09-29 00:00:00,0.03237487656941518
2014-09-30 00:00:00,-0.0015601889819349957
2014-10-08 00:00:00,-0.010547406300274731
2014-10-09 00:00:00,-0.0035873138994012566
2014-10-10 00:00:00,-0.013891949835231121
2014-10-13 00:00:00,0.01135131170395609
2014-10-14 00:00:00,0.0023613025614204197
2014-10-15 00:00:00,0.02234169450751544
2014-10-16 00:00:00,-0.006309981498463957
2014-10-17 00:00:00,-0.011341957090625798
2014-10-20 00:00:00,0.008657592818038795
2014-10-21 00:00:00,0.005598660717065274
2014-10-22 00:00:00,0.008531260774850002
2014-10-23 00:00:00,0.005572672923715549
2014-10-24 00:00:00,-0.008259500735764536
2014-10-27 00:00:00,-0.009458489592352848
2014-10-28 00:00:00,-0.008964502920259743
2014-10-29 00:00:00,0.011653025629432712
2014-10-30 00:00:00,0.0023870667289305203
2014-10-31 00:00:00,0.008251182599731344
2014-11-03 00:00:00,-0.01493178721984012
2014-11-04 00:00:00,-0.011018864358945502
2014-11-05 00:00:00,-0.01449942476542776
2014-11-06 00:00:00,0.0045229119629608405
2014-11-07 00:00:00,0.03140241729640114
2014-11-10 00:00:00,-0.00639362737535365
2014-11-11 00:00:00,0.007957497854597317
2014-11-12 00:00:00,0.021100672415482302
2014-11-13 00:00:00,-0.011706953210146143
2014-11-14 00:00:00,0.0002885260958247482
2014-11-17 00:00:00,0.0031679461454814373
2014-11-18 00:00:00,-0.0021492608587253548
2014-11-19 00:00:00,-0.01845024685282326
2014-11-20 00:00:00,0.0013281794376540645
2014-11-21 00:00:00,-0.000953287506168965
2014-11-24 00:00:00,-0.008437078921706864
2014-11-25 00:00:00,0.010362577191697975
2014-11-26 00:00:00,-0.003831304677127667
2014-11-27 00:00:00,0.0018574995408864314
2014-11-28 00:00:00,-0.015342947508056093
2014-12-01 00:00:00,-0.009468875928821174
2014-12-02 00:00:00,0.002748570010636664
2014-12-03 00:00:00,-0.009833201721122786
2014-12-04 00:00:00,0.002963357809147693
2014-12-05 00:00:00,0.002792421701437009
2014-12-08 00:00:00,-0.006282773322580204
2014-12-09 00:00:00,0.006924517952858755
2014-12-10 00:00:00,0.03204929499254061
2014-12-11 00:00:00,-0.008270968765200726
2014-12-12 00:00:00,-0.008896962493302962
2014-12-15 00:00:00,0.004921984569582705
2014-12-16 00:00:00,-0.0047453103592906
2014-12-17 00:00:00,-0.012306342920417879
2014-12-18 00:00:00,0.010692634894635678
2014-12-19 00:00:00,-0.0008030316112481728
2014-12-22 00:00:00,0.0009718079886467113
2014-12-23 00:00:00,-0.006457761140243434
2014-12-24 00:00:00,0.003254422803425472
2014-12-25 00:00:00,-0.0027073828801210675
2014-12-26 00:00:00,0.00019619913081703189
2014-12-29 00:00:00,0.004684845479927979
2014-12-30 00:00:00,0.00311569537791323
2014-12-31 00:00:00,0.005263674983236877
2015-01-05 00:00:00,-0.01083137316315086
2015-01-06 00:00:00,0.0061542693098224355
2015-01-07 00:00:00,0.016115281296828377
2015-01-08 00:00:00,0.004056030213181572
2015-01-09 00:00:00,0.001890686131401642
2015-01-12 00:00:00,0.014793349543808176
2015-01-13 00:00:00,-0.007337615878851178
2015-01-14 00:00:00,-0.0029078585721827865
2015-01-15 00:00:00,0.0007348619014990732
2015-01-16 00:00:00,0.0016673260018837954
2015-01-19 00:00:00,0.0202889161764519
2015-01-20 00:00:00,-0.00023311123565783465
2015-01-21 00:00:00,0.03134390885740035
2015-01-22 00:00:00,0.0038416974642347945
2015-01-23 00:00:00,0.008634194704681297
2015-01-26 00:00:00,-0.005444713667441592
2015-01-27 00:00:00,0.014908845609629351
2015-01-28 00:00:00,-0.017098967108414298
2015-01-29 00:00:00,0.0005916638873602054
2015-01-30 00:00:00,-0.014186031844662494
2015-02-02 00:00:00,0.022146795173414224
2015-02-03 00:00:00,-0.002532048993179714
2015-02-04 00:00:00,-0.0011378806939076336
2015-02-05 00:00:00,-0.004255311175559107
2015-02-06 00:00:00,0.006647889696428599
2015-02-09 00:00:00,0.0014371559546106916
2015-02-10 00:00:00,0.015186207886311864
2015-02-11 00:00:00,0.0029429361751116545
2015-02-12 00:00:00,0.0019370309962205567
2015-02-13 00:00:00,-0.004700662397145061
2015-02-16 00:00:00,-0.0012870683582713038
2015-02-17 00:00:00,0.004267492601140344
2015-02-25 00:00:00,-0.023890838190680608
2015-02-26 00:00:00,-0.001826634677926986
2015-02-27 00:00:00,0.015159187238944494
2015-03-02 00:00:00,0.020790681476271278
2015-03-03 00:00:00,-0.004594987120001948
2015-03-04 00:00:00,-0.0054775553445822744
2015-03-05 00:00:00,-0.01129521754245244
2015-03-06 00:00:00,-0.004052457971172818
2015-03-09 00:00:00,-0.02975669554124083
2015-03-10 00:00:00,0.0016110819452685998
2015-03-11 00:00:00,0.0018594156235292036
2015-03-12 00:00:00,0.019089076072883904
2015-03-13 00:00:00,0.005619468468782696
2015-03-16 00:00:00,-0.003997723961731259
2015-03-17 00:00:00,0.0009996500948499243
2015-03-18 00:00:00,-0.010622509110066791
2015-03-19 00:00:00,-0.0013792744646234922
2015-03-20 00:00:00,-0.0014074679152565883
2015-03-23 00:00:00,0.01581140523939717
2015-03-24 00:00:00,0.03468086784842317
2015-03-25 00:00:00,-0.006154184188285283
2015-03-26 00:00:00,0.0038677664546957757
2015-03-27 00:00:00,0.011521354889879598
2015-03-30 00:00:00,0.013525924339946815
2015-03-31 00:00:00,-0.0031426802705610823
2015-04-01 00:00:00,0.009184304542069643
2015-04-02 00:00:00,0.001615756584433914
2015-04-03 00:00:00,-0.006058288031498105
2015-04-07 00:00:00,-0.004460433456404567
2015-04-08 00:00:00,0.008992272098748089
2015-04-09 00:00:00,-7.516547207653268e-06
2015-04-10 00:00:00,0.006788748992438087
2015-04-13 00:00:00,0.013854838752282328
2015-04-14 00:00:00,0.004146650264180929
2015-04-15 00:00:00,-0.000919676614595355
2015-04-16 00:00:00,-0.00331719112827078
2015-04-17 00:00:00,0.017390561980768382
2015-04-20 00:00:00,0.0008529308890141696
2015-04-21 00:00:00,-0.001234537186720952
2015-04-22 00:00:00,0.006628153127782976
2015-04-23 00:00:00,-0.014908716358770446
2015-04-24 00:00:00,0.008798817508401724
2015-04-27 00:00:00,-0.0018235284293300902
2015-04-28 00:00:00,-0.003508816633254863
2015-04-29 00:00:00,0.0016345206585954841
2015-04-30 00:00:00,-0.004926908918792328
2015-05-04 00:00:00,-0.002309286679488154
2015-05-05 00:00:00,0.012733792793904186
2015-05-06 00:00:00,0.007351540001194756
2015-05-07 00:00:00,-0.003439557723507458
2015-05-08 00:00:00,-0.01004602990316461
2015-05-11 00:00:00,0.007687480035889704
2015-05-12 00:00:00,-0.004760897659849439
2015-05-13 00:00:00,0.006040020426525627
2015-05-14 00:00:00,-0.004254261309303398
2015-05-15 00:00:00,-0.0013071554851854517
2015-05-18 00:00:00,0.003023992227113359
2015-05-19 00:00:00,-0.0008122707710083166
2015-05-20 00:00:00,-0.022478436635004706
2015-05-21 00:00:00,0.007994426994721415
2015-05-22 00:00:00,0.007212891385927955
2015-05-25 00:00:00,-0.006668265329700329
2015-05-26 00:00:00,0.009291984596958791
2015-05-27 00:00:00,0.0034331883408957875
2015-05-28 00:00:00,0.004129855404874316
2015-05-29 00:00:00,0.0038544795761357165
2015-06-01 00:00:00,0.0003622535795537729
2015-06-02 00:00:00,0.01452382969410726
2015-06-03 00:00:00,-0.003671482057248987
2015-06-04 00:00:00,0.005956861117988987
2015-06-05 00:00:00,-0.007713130825029779
2015-06-08 00:00:00,0.0017842868152808666
2015-06-09 00:00:00,-0.0031739063491502684
2015-06-10 00:00:00,0.0008467787471111432
2015-06-11 00:00:00,-0.0031285684120457846
2015-06-12 00:00:00,-0.00706583465586641
2015-06-15 00:00:00,-0.017885716728786916
2015-06-16 00:00:00,-0.01330940384729018
2015-06-17 00:00:00,-0.004843757461031273
2015-06-18 00:00:00,0.00531104364111501
2015-06-19 00:00:00,-0.009583603571146071
2015-06-23 00:00:00,0.011363827625813894
2015-06-24 00:00:00,0.0002704226697953782
2015-06-25 00:00:00,0.0001425287546301668
2015-06-26 00:00:00,0.0014937906086500696
2015-06-29 00:00:00,0.018992229663446825
2015-06-30 00:00:00,-0.005044402606412035
2015-07-01 00:00:00,0.0060894904124535465
2015-07-02 00:00:00,-0.011201690560358135
2015-07-03 00:00:00,-0.0036833908399557247
2015-07-06 00:00:00,0.0011335748947476354
2015-07-07 00:00:00,0.0038348080464385426
2015-07-08 00:00:00,-0.03727192752715647
2015-07-09 00:00:00,0.0036725346109507395
2015-07-10 00:00:00,0.0028969429924894374
2015-07-13 00:00:00,0.0006701110615399131
2015-07-14 00:00:00,-0.00022649305922628482
2015-07-15 00:00:00,-0.0029050579923889375
2015-07-16 00:00:00,-0.01625698295214839
2015-07-17 00:00:00,0.00626469726890333
2015-07-20 00:00:00,0.005303623488598808
2015-07-21 00:00:00,-0.005156521761577881
2015-07-22 00:00:00,-0.003856980399692289
2015-07-23 00:00:00,-0.019130529359882242
2015-07-24 00:00:00,0.0006379071779625267
2015-07-27 00:00:00,-0.013261599204305252
2015-07-28 00:00:00,0.004063830342918351
2015-07-29 00:00:00,0.007529035190082745
2015-07-30 00:00:00,0.022060866342522356
2015-07-31 00:00:00,-0.0027568835989789653
2015-08-03 00:00:00,-0.019550750969454578
2015-08-04 00:00:00,0.00517119026602364
2015-08-05 00:00:00,0.002466186934890535
2015-08-06 00:00:00,-0.02295179402694747
2015-08-07 00:00:00,-0.0101884330199572
2015-08-10 00:00:00,-0.011537660121407556
2015-08-11 00:00:00,0.022609422954029457
2015-08-12 00:00:00,0.0018361363358874172
2015-08-13 00:00:00,0.034279937184349185
2015-08-14 00:00:00,-0.004446244135077992
2015-08-17 00:00:00,0.01649424047197101
2015-08-18 00:00:00,-0.008318397422655388
2015-08-19 00:00:00,0.0015396139891821203
2015-08-20 00:00:00,-0.008508449221687475
2015-08-21 00:00:00,0.000901960247635003
2015-08-24 00:00:00,-0.040697492859516626
2015-08-25 00:00:00,0.005016358222004191
2015-08-26 00:00:00,0.0020073667284883356
2015-08-27 00:00:00,0.011052890804989168
2015-08-28 00:00:00,0.01653736009458817
2015-08-31 00:00:00,-0.008939795805133377
2015-09-01 00:00:00,-0.016530737717616928
2015-09-02 00:00:00,0.005687781716208207
2015-09-07 00:00:00,0.015329269687510916
2015-09-08 00:00:00,0.006794571081381484
2015-09-09 00:00:00,0.0010247022297020791
2015-09-10 00:00:00,0.037889357440020976
2015-09-11 00:00:00,0.00046093260014057336
2015-09-14 00:00:00,0.0001818487946134706
2015-09-15 00:00:00,-0.0052132960361459535
2015-09-16 00:00:00,0.005806260763650872
2015-09-17 00:00:00,-0.0024109700923398147
2015-09-18 00:00:00,-0.010771109753720198
2015-09-21 00:00:00,0.00936949962090794
2015-09-22 00:00:00,0.0016770952120841454
2015-09-23 00:00:00,0.0076262795810499995
2015-09-24 00:00:00,0.010600654038178892
2015-09-25 00:00:00,-0.004771973558521436
2015-09-28 00:00:00,0.008246286105597633
2015-09-29 00:00:00,-0.010675294834091575
2015-09-30 00:00:00,0.012749981743804373
2015-10-08 00:00:00,0.008047056528800889
2015-10-09 00:00:00,0.003884736416648771
2015-10-12 00:00:00,-0.0047860088142748225
2015-10-13 00:00:00,0.0008750505572314715
2015-10-14 00:00:00,3.746379358959828e-05
2015-10-15 00:00:00,0.0035045461712228665
2015-10-16 00:00:00,-0.013083047065675535
2015-10-19 00:00:00,-0.005170882221800621
2015-10-20 00:00:00,0.006923100566081697
2015-10-21 00:00:00,0.002904725633363192
2015-10-22 00:00:00,-0.00104572545564674
2015-10-23 00:00:00,-0.0007284613707168042
2015-10-26 00:00:00,-0.011474978665327762
2015-10-27 00:00:00,0.004292572409792861
2015-10-28 00:00:00,0.0015560201218498548
2015-10-29 00:00:00,-0.005144675785855535
2015-10-30 00:00:00,-0.006574007596292564
2015-11-02 00:00:00,-0.0017709891861902305
2015-11-03 00:00:00,0.00017680752265758493
2015-11-04 00:00:00,0.011703818102929198
2015-11-05 00:00:00,-0.01044917358682973
2015-11-06 00:00:00,-0.006286594317678085
2015-11-09 00:00:00,0.0006106618281067622
2015-11-10 00:00:00,-0.013244507507595205
2015-11-11 00:00:00,0.0019498171981391366
2015-11-12 00:00:00,0.004531522471174609
2015-11-13 00:00:00,0.0005324027123556618
2015-11-16 00:00:00,-0.0022874257533845865
2015-11-17 00:00:00,-0.0002551846285457904
2015-11-18 00:00:00,-0.016333434085117116
2015-11-19 00:00:00,0.0018992672059172655
2015-11-20 00:00:00,0.006764922796477668
2015-11-23 00:00:00,0.022895530864240676
2015-11-24 00:00:00,0.012710660060448964
2015-11-25 00:00:00,0.002490568873100951
2015-11-26 00:00:00,0.0026102615993213174
2015-11-27 00:00:00,-0.005844606877637326
2015-11-30 00:00:00,-0.0066829293691546
2015-12-01 00:00:00,0.004706112185843603
2015-12-02 00:00:00,0.009556303923661913
2015-12-03 00:00:00,-0.006526203679268927
2015-12-04 00:00:00,-0.009382114163209554
2015-12-07 00:00:00,0.009133128061692863
2015-12-08 00:00:00,-0.010400477712004252
2015-12-09 00:00:00,-0.008178293661334934
2015-12-10 00:00:00,-0.00238065969502399
2015-12-11 00:00:00,0.017724415620767653
2015-12-14 00:00:00,0.002538775955029937
2015-12-15 00:00:00,-0.0015642157529234257
2015-12-16 00:00:00,-0.0007709001772446822
2015-12-17 00:00:00,-0.000265832983439962
2015-12-18 00:00:00,0.0032844545433243777
2015-12-21 00:00:00,0.021596003146358234
2015-12-22 00:00:00,-0.0038644598030895816
2015-12-23 00:00:00,-0.004799652972295454
2015-12-24 00:00:00,-0.0015488580354104942
2015-12-25 00:00:00,0.004027598552080791
2015-12-28 00:00:00,-0.008343491877506382
2015-12-29 00:00:00,0.009657841141694323
2015-12-30 00:00:00,-0.0004106552161319277
2015-12-31 00:00:00,0.006629365181247016
2016-01-04 00:00:00,-0.009192724404631702
2016-01-05 00:00:00,-0.002050488155755037
2016-01-06 00:00:00,-0.008813773929346791
2016-01-07 00:00:00,-0.0013158681599784172
2016-01-08 00:00:00,0.005140672972425264
2016-01-11 00:00:00,-0.01634966508326785
2016-01-12 00:00:00,-0.0035063695611656787
2016-01-13 00:00:00,0.0025438971094087215
2016-01-14 00:00:00,-0.0010809200669343877
2016-01-15 00:00:00,-0.006104581558036504
2016-01-18 00:00:00,0.011459271652660918
2016-01-19 00:00:00,0.007028604660424209
2016-01-20 00:00:00,-0.008759757475134688
2016-01-21 00:00:00,-0.005357475922886157
2016-01-22 00:00:00,0.006304323238233378
2016-01-25 00:00:00,-0.006977192099895113
2016-01-26 00:00:00,0.0014470839993712126
2016-01-27 00:00:00,0.003716404784104288
2016-01-28 00:00:00,-0.005517812721276605
2016-01-29 00:00:00,-0.008122072282908399
2016-02-01 00:00:00,-0.003400822410897786
2016-02-02 00:00:00,0.0027089328696940917
2016-02-03 00:00:00,0.0007459758515706572
2016-02-04 00:00:00,0.00495271168409861
2016-02-05 00:00:00,0.003970157959085174
2016-02-15 00:00:00,-0.00584356595505342
2016-02-16 00:00:00,-0.008734841752785938
2016-02-17 00:00:00,-0.007209674084299622
2016-02-18 00:00:00,0.00019448703512736643
2016-02-19 00:00:00,0.00850911192501802
2016-02-22 00:00:00,-0.0014659112604764601
2016-02-23 00:00:00,0.007671113807017571
2016-02-24 00:00:00,0.009458269450244972
2016-02-25 00:00:00,-0.003877634829593579
2016-02-26 00:00:00,0.0017051600520119337
2016-02-29 00:00:00,-0.013880078571062326
2016-03-01 00:00:00,0.0029944014573715094
2016-03-02 00:00:00,0.002983985634385178
2016-03-03 00:00:00,-0.003155435367533377
2016-03-04 00:00:00,0.005975897756810289
2016-03-07 00:00:00,-0.006049389780239611
2016-03-08 00:00:00,-0.006568514280834159
2016-03-09 00:00:00,0.012267093168083498
2016-03-10 00:00:00,-0.008397407352032205
2016-03-11 00:00:00,0.00960980308751247
2016-03-14 00:00:00,0.0006579306678906605
2016-03-15 00:00:00,0.0009489906661543923
2016-03-16 00:00:00,0.00270448536135115
2016-03-17 00:00:00,0.009655499284519697
2016-03-18 00:00:00,0.005300866753159106
2016-03-21 00:00:00,0.005341815108919956
2016-03-22 00:00:00,0.005267331430608868
2016-03-23 00:00:00,-0.00541071026331752
2016-03-24 00:00:00,-0.0005635152544984923
2016-03-25 00:00:00,0.00458395588586491
2016-03-28 00:00:00,-0.0033753131126170732
2016-03-29 00:00:00,-0.004192639589864822
2016-03-30 00:00:00,0.00358169736628855
2016-03-31 00:00:00,-0.0006358339078806896
2016-04-01 00:00:00,0.006324572201390932
2016-04-05 00:00:00,0.005470954961778407
2016-04-06 00:00:00,-0.005476663396478898
2016-04-07 00:00:00,0.0027259141881721405
2016-04-08 00:00:00,-0.009137798011760623
2016-04-11 00:00:00,-0.0012800945829557486
2016-04-12 00:00:00,1.1815790216695987e-05
2016-04-13 00:00:00,0.0028236356903936777
2016-04-14 00:00:00,0.008569277756823368
2016-04-15 00:00:00,-0.0011922300086708582
2016-04-18 00:00:00,0.013534955059725018
2016-04-19 00:00:00,-0.0025540401447829986
2016-04-20 00:00:00,0.003201155089298746
2016-04-21 00:00:00,0.004021186554800327
2016-04-22 00:00:00,-0.02413243717286684
2016-04-25 00:00:00,0.003614298909869751
2016-04-26 00:00:00,0.005311969987382037
2016-04-27 00:00:00,-0.0010298615048267568
2016-04-28 00:00:00,-0.015225765626842191
2016-04-29 00:00:00,-0.0037387792041119194
2016-05-03 00:00:00,0.01163427677010409
2016-05-04 00:00:00,0.01332804710398161
2016-05-05 00:00:00,0.0018599694282062096
2016-05-06 00:00:00,-0.009658334684771508
2016-05-09 00:00:00,-0.004276486087306353
2016-05-10 00:00:00,0.004766983774177502
2016-05-11 00:00:00,-0.0011707687564762592
2016-05-12 00:00:00,0.01062719667600076
2016-05-13 00:00:00,-0.0066084529810854775
2016-05-16 00:00:00,0.0022623093568381325
2016-05-17 00:00:00,-0.0030505901394051183
2016-05-18 00:00:00,-0.013180391070729991
2016-05-19 00:00:00,-0.002024583964573945
2016-05-20 00:00:00,-0.003356855540660897
2016-05-23 00:00:00,0.011763559870206608
2016-05-24 00:00:00,-0.006568235013621471
2016-05-25 00:00:00,-0.005118772072206235
2016-05-26 00:00:00,0.009522640425879247
2016-05-27 00:00:00,0.0008592987013364972
2016-05-30 00:00:00,0.007144325307152366
2016-05-31 00:00:00,0.0031261217156197674
2016-06-01 00:00:00,-0.010868021310826093
2016-06-02 00:00:00,0.0011538236503763066
2016-06-03 00:00:00,0.028684196786851635
2016-06-06 00:00:00,0.011708840611296178
2016-06-07 00:00:00,-0.010483216252757166
2016-06-08 00:00:00,0.0011294395652909905
2016-06-13 00:00:00,0.016754658600774963
2016-06-14 00:00:00,-0.0023367843370142305
2016-06-15 00:00:00,-0.005401145221376691
2016-06-16 00:00:00,0.003870865342133767
2016-06-17 00:00:00,0.008774788094070951
2016-06-20 00:00:00,0.006188793363198775
2016-06-21 00:00:00,-0.004388267498257936
2016-06-22 00:00:00,-0.0016682603771535076
2016-06-23 00:00:00,-0.004411838910411969
2016-06-24 00:00:00,-0.009839557043216152
2016-06-27 00:00:00,0.013393247537218489
2016-06-28 00:00:00,0.010226114094967986
2016-06-29 00:00:00,0.0012916992677554084
2016-06-30 00:00:00,0.04104993484167929
2016-07-01 00:00:00,-0.015894763852412952
2016-07-04 00:00:00,0.015427087179075816
2016-07-05 00:00:00,-0.011803427985753623
2016-07-06 00:00:00,0.0010700826382472606
2016-07-07 00:00:00,-0.012796053748885816
2016-07-08 00:00:00,-0.01706094813485559
2016-07-11 00:00:00,0.0076696319777589395
2016-07-12 00:00:00,0.0215325424238475
2016-07-13 00:00:00,-0.003993460736598897
2016-07-14 00:00:00,-0.0050171320820866505
2016-07-15 00:00:00,0.003145723393220834
2016-07-18 00:00:00,-0.007436522013736235
2016-07-19 00:00:00,0.010550867660920948
2016-07-20 00:00:00,-0.005133609654830784
2016-07-21 00:00:00,0.0006845953190628418
2016-07-22 00:00:00,-0.005361851899373216
2016-07-25 00:00:00,0.0036021499698974946
2016-07-26 00:00:00,0.001557108040209032
2016-07-27 00:00:00,-0.005994924442641603
2016-07-28 00:00:00,-0.009778908519650575
2016-07-29 00:00:00,-0.0019059578893665385
2016-08-01 00:00:00,0.008223049128184945
2016-08-02 00:00:00,-0.0026270029162677178
2016-08-03 00:00:00,0.0006630156068039295
2016-08-04 00:00:00,-0.008864874847270166
2016-08-05 00:00:00,0.005463416759080353
2016-08-08 00:00:00,0.009827172675505258
2016-08-09 00:00:00,0.0008659232764807179
2016-08-10 00:00:00,-0.0046285559533219
2016-08-11 00:00:00,-0.0072102926117074695
2016-08-12 00:00:00,0.0003750944064733197
2016-08-15 00:00:00,0.006825668464739865
2016-08-16 00:00:00,0.003507701788991735
2016-08-17 00:00:00,0.007133718023870639
2016-08-18 00:00:00,-0.0012393569145682237
2016-08-19 00:00:00,0.01604608722368761
2016-08-22 00:00:00,0.0016050824570106315
2016-08-23 00:00:00,0.008732056444576752
2016-08-24 00:00:00,-0.0025617727837173865
2016-08-25 00:00:00,-0.00744491680330428
2016-08-26 00:00:00,0.0015519782701696183
2016-08-29 00:00:00,0.002471114996589252
2016-08-30 00:00:00,0.0036114616093554375
2016-08-31 00:00:00,-0.004621889859166894
2016-09-01 00:00:00,-0.0033534308947807956
2016-09-02 00:00:00,-0.0034636716566424086
2016-09-05 00:00:00,0.011638682548544388
2016-09-06 00:00:00,-0.0014698806610762283
2016-09-07 00:00:00,0.001634726356254168
2016-09-08 00:00:00,-0.0033229833151944277
2016-09-09 00:00:00,0.000814274699255435
2016-09-12 00:00:00,0.0001469497858459512
2016-09-13 00:00:00,0.015092626277634746
2016-09-14 00:00:00,0.00025097240518712205
2016-09-19 00:00:00,0.020640939999462038
2016-09-20 00:00:00,-0.000686262030768825
2016-09-21 00:00:00,-0.003220026193733183
2016-09-22 00:00:00,0.00950652461660706
2016-09-23 00:00:00,0.003890048818059988
2016-09-26 00:00:00,0.017254077063699302
2016-09-27 00:00:00,0.009332027494786566
2016-09-28 00:00:00,0.005332813240004564
2016-09-29 00:00:00,-0.0017962092649547179
2016-09-30 00:00:00,0.002552087044713769
2016-10-10 00:00:00,0.0021409152571219003
2016-10-11 00:00:00,-0.010260700255740884
2016-10-12 00:00:00,0.005189193468254416
2016-10-13 00:00:00,0.006209075160861666
2016-10-14 00:00:00,0.0006594336649816679
2016-10-17 00:00:00,0.007050469054305397
2016-10-18 00:00:00,0.0013637690348202725
2016-10-19 00:00:00,-0.009948526823610915
2016-10-20 00:00:00,-0.0013779726790783542
2016-10-21 00:00:00,-0.0002848666827492963
2016-10-24 00:00:00,0.023906512234983746
2016-10-25 00:00:00,0.003952707083657359
2016-10-26 00:00:00,-0.0015841499406709092
2016-10-27 00:00:00,-0.004270376031775047
2016-10-28 00:00:00,-0.005216768940829231
2016-10-31 00:00:00,-0.0072370251410003306
2016-11-01 00:00:00,-0.0019817986247606667
2016-11-02 00:00:00,-9.726664628506576e-05
2016-11-03 00:00:00,0.010831732284572793
2016-11-04 00:00:00,-0.011273079476730286
2016-11-07 00:00:00,0.0045526414965118
2016-11-08 00:00:00,0.0033159949983245784
2016-11-09 00:00:00,-0.003036863132552803
2016-11-10 00:00:00,0.005516176979585952
2016-11-11 00:00:00,0.0013991084946423094
2016-11-14 00:00:00,0.0008295034329779405
2016-11-15 00:00:00,0.0040291961387297626
2016-11-16 00:00:00,-0.004609802600242907
2016-11-17 00:00:00,-0.006550226661174663
2016-11-18 00:00:00,0.0021993335068866138
2016-11-21 00:00:00,0.005550426360762861
2016-11-22 00:00:00,0.005507480361824246
2016-11-23 00:00:00,-0.009251435278337938
2016-11-24 00:00:00,0.017590775266280723
2016-11-25 00:00:00,0.005495242204265782
2016-11-28 00:00:00,0.036975335053937686
2016-11-29 00:00:00,0.0068945211936537465
2016-11-30 00:00:00,-0.011219059878511684
2016-12-01 00:00:00,-0.005364276373984622
2016-12-02 00:00:00,-0.011434802180802284
2016-12-05 00:00:00,-0.003891762329050308
2016-12-06 00:00:00,-0.0027830097414468513
2016-12-07 00:00:00,0.009365720217636042
2016-12-08 00:00:00,-0.0016202709630155354
2016-12-09 00:00:00,-0.005126623016663445
2016-12-12 00:00:00,0.005082474961435546
2016-12-13 00:00:00,0.0015251359470500603
2016-12-14 00:00:00,-0.023995974407285958
2016-12-15 00:00:00,-0.0014804903231597777
2016-12-16 00:00:00,0.005434878186239667
2016-12-19 00:00:00,-0.007083306895641628
2016-12-20 00:00:00,-0.015030900590857987
2016-12-21 00:00:00,0.0024145080050956835
2016-12-22 00:00:00,0.001365909630858031
2016-12-23 00:00:00,-0.0005920519719492257
2016-12-26 00:00:00,-0.009699778949521343
2016-12-27 00:00:00,0.006714589340189647
2016-12-28 00:00:00,-0.0011434528711946612
2016-12-29 00:00:00,0.007266122734667091
2016-12-30 00:00:00,0.004205819618378737
2017-01-03 00:00:00,-0.012078280685396625
2017-01-04 00:00:00,0.00923811570346511
2017-01-05 00:00:00,0.001898624847300523
2017-01-06 00:00:00,-0.0067189246627497035
2017-01-09 00:00:00,0.005883127473063965
2017-01-10 00:00:00,-0.0038881671364583426
2017-01-11 00:00:00,0.0058311960503480975
2017-01-12 00:00:00,-0.0017727840406400741
2017-01-13 00:00:00,-0.0036031235196654077
2017-01-16 00:00:00,0.0008887101159074096
2017-01-17 00:00:00,-0.0005376124131001303
2017-01-18 00:00:00,0.0052315527005295515
2017-01-19 00:00:00,0.016557405750301513
2017-01-20 00:00:00,-0.012428364262543679
2017-01-23 00:00:00,0.002327751467045669
2017-01-24 00:00:00,0.005361156815330004
2017-01-25 00:00:00,0.00036791720633067015
2017-01-26 00:00:00,-0.0027216347802581087
2017-02-03 00:00:00,0.001022067860029896
2017-02-06 00:00:00,0.003100145159403267
2017-02-07 00:00:00,0.0013305335460433998
2017-02-08 00:00:00,-0.002663854253053377
2017-02-09 00:00:00,-0.006723667905148556
2017-02-10 00:00:00,0.0022045412345055304
2017-02-13 00:00:00,0.006034711181483576
2017-02-14 00:00:00,-0.005137671512631337
2017-02-15 00:00:00,-0.01025352965772841
2017-02-16 00:00:00,0.0004272265823692667
2017-02-17 00:00:00,0.0007370149924463831
2017-02-20 00:00:00,-0.0002693521037998581
2017-02-21 00:00:00,0.0011061830993459587
2017-02-22 00:00:00,0.003052476739693777
2017-02-23 00:00:00,0.0005739697738968985
2017-02-24 00:00:00,-0.011029478981258167
2017-02-27 00:00:00,-0.0010145656401547853
2017-02-28 00:00:00,-0.004383859956819669
2017-03-01 00:00:00,0.011735787468377445
2017-03-02 00:00:00,0.0005697477077211133
2017-03-03 00:00:00,0.012611476409541744
2017-03-06 00:00:00,-0.0033287009367424236
2017-03-07 00:00:00,-0.0110666245965938
2017-03-08 00:00:00,-0.011660099099315424
2017-03-09 00:00:00,0.006901279439629926
2017-03-10 00:00:00,-0.0020220881056706164
2017-03-13 00:00:00,0.002819847596836844
2017-03-14 00:00:00,-0.00020471863820492597
2017-03-15 00:00:00,0.007274502814723194
2017-03-16 00:00:00,-0.009121996103182872
2017-03-17 00:00:00,0.0014826854017946367
2017-03-20 00:00:00,-0.002065983373049529
2017-03-21 00:00:00,-0.009582885721520995
2017-03-22 00:00:00,-0.0019846717774353317
2017-03-23 00:00:00,-0.0010910888892783355
2017-03-24 00:00:00,-0.001437838601515029
2017-03-27 00:00:00,0.0012209064252677315
2017-03-28 00:00:00,-0.004775754276697297
2017-03-29 00:00:00,-0.0007151517765680016
2017-03-30 00:00:00,-0.014838888677692896
2017-03-31 00:00:00,-0.0021061080360064155
2017-04-05 00:00:00,0.0052853554649250345
2017-04-06 00:00:00,-0.0012182720785894885
2017-04-07 00:00:00,0.0016776644539842067
2017-04-10 00:00:00,0.014830199782756459
2017-04-11 00:00:00,0.0025384601562323805
2017-04-12 00:00:00,0.0038267963402689453
2017-04-13 00:00:00,0.0010345197716681298
2017-04-14 00:00:00,-0.0011014309122422405
2017-04-17 00:00:00,0.00938242663346811
2017-04-18 00:00:00,-0.00332210247561171
2017-04-19 00:00:00,0.005518094495320369
2017-04-20 00:00:00,-0.0019214320288597486
2017-04-21 00:00:00,-0.0035457654108099756
2017-04-24 00:00:00,-0.014600026796669496
2017-04-25 00:00:00,-0.004748922081794227
2017-04-26 00:00:00,0.004210251095780881
2017-04-27 00:00:00,-0.008752036657986295
2017-04-28 00:00:00,-0.0023288418975596636
2017-05-02 00:00:00,0.013757977084324358
2017-05-03 00:00:00,-0.005685344283149818
2017-05-04 00:00:00,0.011669817709262453
2017-05-05 00:00:00,-0.009524859007722042
2017-05-08 00:00:00,-0.004670998626504552
2017-05-09 00:00:00,0.0016530602540176798
2017-05-10 00:00:00,-0.003222583564563175
2017-05-11 00:00:00,0.006591499776685827
2017-05-12 00:00:00,-0.001365392660020448
2017-05-15 00:00:00,0.0050242940605345066
2017-05-16 00:00:00,0.0003840256516163265
2017-05-17 00:00:00,0.008467850577234648
2017-05-18 00:00:00,-0.004474236081982608
2017-05-19 00:00:00,0.001981268731868102
2017-05-22 00:00:00,-0.005534743979174639
2017-05-23 00:00:00,0.002706901313241472
2017-05-24 00:00:00,-0.004738265565812916
2017-05-25 00:00:00,-0.0010312344730170064
2017-05-26 00:00:00,-0.0013196219927674724
2017-05-31 00:00:00,-0.01077250703515742
2017-06-01 00:00:00,0.0037429790936112095
2017-06-02 00:00:00,0.0002455268306105207
2017-06-05 00:00:00,-0.003007897459681108
2017-06-06 00:00:00,0.0012818060577537427
2017-06-07 00:00:00,0.003947568633488885
2017-06-08 00:00:00,0.001880739034738843
2017-06-09 00:00:00,0.0066069115079752105
2017-06-12 00:00:00,-0.0034273738005757837
2017-06-13 00:00:00,-0.005945865641185377
2017-06-14 00:00:00,0.0004550837038714839
2017-06-15 00:00:00,-0.0020159396838602683
2017-06-16 00:00:00,-0.006252399186136404
2017-06-19 00:00:00,-0.008364408490649122
2017-06-20 00:00:00,0.0017799932385771378
2017-06-21 00:00:00,0.0010258163215721705
2017-06-22 00:00:00,-0.013706488113473525
2017-06-23 00:00:00,0.007690778342211324
2017-06-26 00:00:00,-0.00180235506851123
2017-06-27 00:00:00,-0.015896897241917562
2017-06-28 00:00:00,-0.006439892180919005
2017-06-29 00:00:00,-0.0005232877316189155
2017-06-30 00:00:00,0.0004321185148947748
2017-07-03 00:00:00,-0.0021534151524511547
2017-07-04 00:00:00,-0.015294449564307477
2017-07-05 00:00:00,-0.011272696180639752
2017-07-06 00:00:00,0.0004206016145320568
2017-07-07 00:00:00,-0.001457128213820269
2017-07-10 00:00:00,0.01117270245410773
2017-07-11 00:00:00,-0.002713616157438259
2017-07-12 00:00:00,-0.00038262032305447224
2017-07-13 00:00:00,0.00020147054736496806
2017-07-14 00:00:00,0.0068415640367394115
2017-07-17 00:00:00,-0.01352750266283842
2017-07-18 00:00:00,0.008941727984287828
2017-07-19 00:00:00,-0.0014231631954010338
2017-07-20 00:00:00,0.0054037682268983644
2017-07-21 00:00:00,-0.0002229056593351375
2017-07-24 00:00:00,-0.008940929056424629
2017-07-25 00:00:00,-0.0005607200622217423
2017-07-26 00:00:00,-0.016371535546289007
2017-07-27 00:00:00,0.003265138079657559
2017-07-28 00:00:00,-0.010331708724778732
2017-07-31 00:00:00,-0.00514503181603676
2017-08-01 00:00:00,0.013947671725948352
2017-08-02 00:00:00,0.0032209832339640254
2017-08-03 00:00:00,0.00106077534247917
2017-08-04 00:00:00,0.0065676844434026105
2017-08-07 00:00:00,0.008811792260152052
2017-08-08 00:00:00,-0.003628008393954163
2017-08-09 00:00:00,-0.0035435534888208498
2017-08-10 00:00:00,0.0039232302148923814
2017-08-11 00:00:00,0.00010127761827938286
2017-08-14 00:00:00,0.0015201513373397368
2017-08-15 00:00:00,0.008032021356128016
2017-08-16 00:00:00,2.8538909085940034e-05
2017-08-17 00:00:00,0.0024445034730447013
2017-08-18 00:00:00,0.003924334751174818
2017-08-21 00:00:00,0.0016517092215544427
2017-08-22 00:00:00,0.0035064232927155548
2017-08-23 00:00:00,-0.0076298442321888205
2017-08-24 00:00:00,0.0021408059959691084
2017-08-25 00:00:00,0.014656124150906669
2017-08-28 00:00:00,0.010527348199440567
2017-08-29 00:00:00,-0.0038738318225689516
2017-08-30 00:00:00,-0.01384194565167196
2017-08-31 00:00:00,0.0011654424716736056
2017-09-01 00:00:00,0.003392424814641082
2017-09-04 00:00:00,-0.006531256353793813
2017-09-05 00:00:00,-0.0001361921352622808
2017-09-06 00:00:00,-0.012347523092968937
2017-09-07 00:00:00,-0.010502071883336073
2017-09-08 00:00:00,-0.009824966043991079
2017-09-11 00:00:00,-1.0866505918416536e-05
2017-09-12 00:00:00,0.0009704318184902139
2017-09-13 00:00:00,-0.0033465194184472136
2017-09-14 00:00:00,0.008114062515032439
2017-09-15 00:00:00,-0.004920178540442133
2017-09-18 00:00:00,-0.0010320743774958618
2017-09-19 00:00:00,-0.00633027065834646
2017-09-20 00:00:00,0.002218881170423348
2017-09-21 00:00:00,-0.003818128213947891
2017-09-22 00:00:00,0.002551965517474386
2017-09-25 00:00:00,-0.0024116774445016587
2017-09-26 00:00:00,-0.001260322249300061
2017-09-27 00:00:00,-0.00488177329377959
2017-09-28 00:00:00,-0.004991410589182954
2017-09-29 00:00:00,0.004605657912538197
2017-10-09 00:00:00,-0.012527398820350588
2017-10-10 00:00:00,0.013343954405196756
2017-10-11 00:00:00,0.00935484545209464
2017-10-12 00:00:00,0.004644883219748985
2017-10-13 00:00:00,0.006853640005712203
2017-10-16 00:00:00,0.00014559649061229862
2017-10-17 00:00:00,-0.001464670672284063
2017-10-18 00:00:00,0.000370094267014176
2017-10-19 00:00:00,-0.007696746309629021
2017-10-20 00:00:00,-0.003550338909025341
2017-10-23 00:00:00,0.005302078824727996
2017-10-24 00:00:00,0.001498701430765026
2017-10-25 00:00:00,0.01798593455878117
2017-10-26 00:00:00,0.003695706302223156
2017-10-27 00:00:00,0.0013511272243469374
2017-10-30 00:00:00,-0.0038169574674646878
2017-10-31 00:00:00,-0.0014703382665841591
2017-11-01 00:00:00,-0.0038981870210623715
2017-11-02 00:00:00,0.007902973449850803
2017-11-03 00:00:00,0.0018179485540179563
2017-11-06 00:00:00,0.004877880626121156
2017-11-07 00:00:00,0.004222747189817966
2017-11-08 00:00:00,0.00036198343520021936
2017-11-09 00:00:00,0.007945849667474914
2017-11-10 00:00:00,-0.011614588597604447
2017-11-13 00:00:00,0.007385948341538828
2017-11-14 00:00:00,-0.00017253901929026316
2017-11-15 00:00:00,-0.002747077729064906
2017-11-16 00:00:00,-0.007998382616851485
2017-11-17 00:00:00,-0.00784061833459071
2017-11-20 00:00:00,0.005308235589491783
2017-11-21 00:00:00,-0.002133751069658185
2017-11-22 00:00:00,-0.0058120689323198915
2017-11-23 00:00:00,0.006107821781251133
2017-11-24 00:00:00,0.003237204489772605
2017-11-27 00:00:00,0.009284445971821764
2017-11-28 00:00:00,0.0008350792550717578
2017-11-29 00:00:00,-0.005469882561658812
2017-11-30 00:00:00,-0.010492550696250547
2017-12-01 00:00:00,0.002922417084590734
2017-12-04 00:00:00,0.004029979783218174
2017-12-05 00:00:00,0.006322420089700964
2017-12-06 00:00:00,-0.001423787979702551
2017-12-07 00:00:00,0.001045432792386558
2017-12-08 00:00:00,0.0015695587802173616
2017-12-11 00:00:00,-0.007129510130970629
2017-12-12 00:00:00,-0.0037333553353906535
2017-12-13 00:00:00,-0.020209501323838475
2017-12-14 00:00:00,-0.01550555555483446
2017-12-15 00:00:00,-0.001564826932939467
2017-12-18 00:00:00,0.004082918289594062
2017-12-19 00:00:00,-0.005529367668693497
2017-12-20 00:00:00,-0.00017719363823265333
2017-12-21 00:00:00,0.0001143366031903792
2017-12-22 00:00:00,-0.0023339125879894285
2017-12-25 00:00:00,0.0019730160451225665
2017-12-26 00:00:00,-0.002637000647777943
2017-12-27 00:00:00,-0.008853769885049045
2017-12-28 00:00:00,0.00155767698115028
2017-12-29 00:00:00,-0.00040380795730665664
2018-01-02 00:00:00,-0.006070828059517086
2018-01-03 00:00:00,0.0014058330725112977
2018-01-04 00:00:00,-0.01029140500773551
2018-01-05 00:00:00,-0.0019136097260998852
2018-01-08 00:00:00,0.0018559117289791427
2018-01-09 00:00:00,-0.0022415360948667695
2018-01-10 00:00:00,0.0013968075840260497
2018-01-11 00:00:00,-0.0006288580926138154
2018-01-12 00:00:00,-0.0012450700722467234
2018-01-15 00:00:00,-0.007990723991863513
2018-01-16 00:00:00,-0.004095804111667878
2018-01-17 00:00:00,-0.005812405783543584
2018-01-18 00:00:00,-0.0030637416615875157
2018-01-19 00:00:00,-0.002641740436916451
2018-01-22 00:00:00,0.001710730553215134
2018-01-23 00:00:00,-0.002726471508205819
2018-01-24 00:00:00,0.006134246599129867
2018-01-25 00:00:00,0.0006356994101421876
2018-01-26 00:00:00,-0.0004631288304260961
2018-01-29 00:00:00,-0.003812378694816765
2018-01-30 00:00:00,-0.000800093106802624
2018-01-31 00:00:00,0.008570523044936662
2018-02-01 00:00:00,-0.0034066913379292574
2018-02-02 00:00:00,-0.0011148677033585574
2018-02-05 00:00:00,0.0010926047064485633
2018-02-06 00:00:00,-0.0004788110938712675
2018-02-07 00:00:00,-0.003781942166908858
2018-02-08 00:00:00,0.004519135911774219
2018-02-09 00:00:00,-0.008072039607823323
2018-02-12 00:00:00,0.010063310386773994
2018-02-13 00:00:00,-0.00169263111476059
2018-02-14 00:00:00,-0.004882291591030041
2018-02-22 00:00:00,-0.002287593602231297
2018-02-23 00:00:00,0.008576827913283847
2018-02-26 00:00:00,0.0005891771824753089
2018-02-27 00:00:00,-0.0037326672972398667
2018-02-28 00:00:00,-0.00275877098623567
2018-03-01 00:00:00,-0.0004051066247834356
2018-03-02 00:00:00,-0.00046629277776566447
2018-03-05 00:00:00,-0.005201922337119691
2018-03-06 00:00:00,-0.008418405481635083
2018-03-07 00:00:00,0.00013539032533271822
2018-03-08 00:00:00,-0.0018556759516851207
2018-03-09 00:00:00,-0.005080355964595218
2018-03-12 00:00:00,0.00785605179205806
2018-03-13 00:00:00,0.0028322543532761646
2018-03-14 00:00:00,0.00028821478681928525
2018-03-15 00:00:00,0.002927702441276381
2018-03-16 00:00:00,-0.003360244122239897
2018-03-19 00:00:00,0.0038746868307175664
2018-03-20 00:00:00,-0.003364811137291146
2018-03-21 00:00:00,-0.005699565396015793
2018-03-22 00:00:00,0.002212882103168612
2018-03-23 00:00:00,-0.0014736723069372903
2018-03-26 00:00:00,-0.0032802529787712142
2018-03-27 00:00:00,-0.001775870845808214
2018-03-28 00:00:00,-0.004835735054532497
2018-03-29 00:00:00,-0.009305799474723542
2018-03-30 00:00:00,0.006314059142061179
2018-04-02 00:00:00,0.0008372493182222662
2018-04-03 00:00:00,-0.006356249058129593
2018-04-04 00:00:00,0.0007161736938756658
2018-04-09 00:00:00,-0.0005067881045710543
2018-04-10 00:00:00,0.0027541668158497234
2018-04-11 00:00:00,-0.002512803429111088
2018-04-12 00:00:00,-0.008474006439164072
2018-04-13 00:00:00,-0.001256913646085045
2018-04-16 00:00:00,-0.009252634990200681
2018-04-17 00:00:00,-0.008493709878911071
2018-04-18 00:00:00,0.0006581873428537222
2018-04-19 00:00:00,0.007795977297877732
2018-04-20 00:00:00,0.004920260103250751
2018-04-23 00:00:00,-0.0037343880291245135
2018-04-24 00:00:00,-0.0048174496261726985
2018-04-25 00:00:00,0.00957272145023147
2018-04-26 00:00:00,-0.0014069977664764588
2018-04-27 00:00:00,-0.009361886597574198
2018-05-02 00:00:00,-0.00527128798445442
2018-05-03 00:00:00,0.0006572508724247417
2018-05-04 00:00:00,1.3581195454470674e-05
2018-05-07 00:00:00,0.002400915515565094
2018-05-08 00:00:00,-0.0006657030139466391
2018-05-09 00:00:00,6.473986901855966e-05
2018-05-10 00:00:00,-0.0001742784188241142
2018-05-11 00:00:00,0.004135548254552868
2018-05-14 00:00:00,0.009138965018875789
2018-05-15 00:00:00,-0.0020705882438728507
2018-05-16 00:00:00,0.003625224943866856
2018-05-17 00:00:00,0.003904980488748988
2018-05-18 00:00:00,-0.0012582617964899123
2018-05-21 00:00:00,0.003598255813172413
2018-05-22 00:00:00,-0.00030069095427620596
2018-05-23 00:00:00,-0.0019043155444559146
2018-05-24 00:00:00,0.004713310303817719
2018-05-25 00:00:00,-0.0020845784660946665
2018-05-28 00:00:00,-0.012208981610937863
2018-05-29 00:00:00,0.002097234146622551
2018-05-30 00:00:00,0.001250570398526385
2018-05-31 00:00:00,-0.002161108221593988
2018-06-01 00:00:00,0.005603676880564956
2018-06-04 00:00:00,0.0018487988834408053
2018-06-05 00:00:00,-0.007252335502872187
2018-06-06 00:00:00,-0.00959766925420058
2018-06-07 00:00:00,0.0012127212750732141
2018-06-08 00:00:00,-0.02802756079826696
