2009-01-05 00:00:00,134106.0
2009-01-06 00:00:00,249698.0
2009-01-07 00:00:00,130968.0
2009-01-08 00:00:00,647246.0
2009-01-09 00:00:00,839806.0
2009-01-12 00:00:00,273208.0
2009-01-13 00:00:00,495752.0
2009-01-14 00:00:00,713730.0
2009-01-15 00:00:00,530052.0
2009-01-16 00:00:00,575864.0
2009-01-19 00:00:00,531452.0
2009-01-20 00:00:00,463496.0
2009-01-21 00:00:00,314404.0
2009-01-22 00:00:00,410668.0
2009-01-23 00:00:00,294188.0
2009-02-02 00:00:00,251858.0
2009-02-03 00:00:00,329754.0
2009-02-04 00:00:00,520012.0
2009-02-05 00:00:00,499446.0
2009-02-06 00:00:00,601042.0
2009-02-09 00:00:00,251176.0
2009-02-10 00:00:00,675850.0
2009-02-11 00:00:00,530064.0
2009-02-12 00:00:00,682368.0
2009-02-13 00:00:00,490166.0
2009-02-16 00:00:00,428890.0
2009-02-17 00:00:00,534306.0
2009-02-18 00:00:00,530866.0
2009-02-19 00:00:00,489800.0
2009-02-20 00:00:00,331906.0
2009-02-23 00:00:00,448064.0
2009-02-24 00:00:00,431006.0
2009-02-25 00:00:00,341030.0
2009-02-26 00:00:00,505726.0
2009-02-27 00:00:00,453098.0
2009-03-02 00:00:00,348748.0
2009-03-03 00:00:00,465878.0
2009-03-04 00:00:00,510656.0
2009-03-05 00:00:00,624152.0
2009-03-06 00:00:00,603952.0
2009-03-09 00:00:00,596900.0
2009-03-10 00:00:00,658028.0
2009-03-11 00:00:00,464876.0
2009-03-12 00:00:00,446308.0
2009-03-13 00:00:00,433334.0
2009-03-16 00:00:00,423426.0
2009-03-17 00:00:00,558330.0
2009-03-18 00:00:00,514802.0
2009-03-19 00:00:00,486492.0
2009-03-20 00:00:00,623376.0
2009-03-23 00:00:00,849386.0
2009-03-24 00:00:00,984440.0
2009-03-25 00:00:00,708230.0
2009-03-26 00:00:00,818384.0
2009-03-27 00:00:00,949858.0
2009-03-30 00:00:00,812092.0
2009-03-31 00:00:00,802144.0
2009-04-01 00:00:00,790708.0
2009-04-02 00:00:00,758750.0
2009-04-03 00:00:00,639334.0
2009-04-07 00:00:00,585610.0
2009-04-08 00:00:00,951214.0
2009-04-09 00:00:00,871664.0
2009-04-10 00:00:00,510136.0
2009-04-13 00:00:00,1118958.0
2009-04-14 00:00:00,1323184.0
2009-04-15 00:00:00,1168780.0
2009-04-16 00:00:00,1009812.0
2009-04-17 00:00:00,741694.0
2009-04-20 00:00:00,712036.0
2009-04-21 00:00:00,168426.0
2009-04-22 00:00:00,1120094.0
2009-04-23 00:00:00,1118950.0
2009-04-24 00:00:00,1063940.0
2009-04-27 00:00:00,1033182.0
2009-04-28 00:00:00,1101524.0
2009-04-29 00:00:00,1128568.0
2009-04-30 00:00:00,1012368.0
2009-05-04 00:00:00,263414.0
2009-05-05 00:00:00,1163406.0
2009-05-06 00:00:00,1029448.0
2009-05-07 00:00:00,1129530.0
2009-05-08 00:00:00,1173630.0
2009-05-11 00:00:00,1054384.0
2009-05-12 00:00:00,1209590.0
2009-05-13 00:00:00,1094270.0
2009-05-14 00:00:00,787800.0
2009-05-15 00:00:00,1019240.0
2009-05-18 00:00:00,996996.0
2009-05-19 00:00:00,755992.0
2009-05-20 00:00:00,1003098.0
2009-05-21 00:00:00,1021402.0
2009-05-22 00:00:00,935300.0
2009-05-25 00:00:00,799214.0
2009-05-26 00:00:00,1027562.0
2009-05-27 00:00:00,830808.0
2009-06-01 00:00:00,587324.0
2009-06-02 00:00:00,1181148.0
2009-06-03 00:00:00,978326.0
2009-06-04 00:00:00,945482.0
2009-06-05 00:00:00,833478.0
2009-06-08 00:00:00,846854.0
2009-06-09 00:00:00,1138104.0
2009-06-10 00:00:00,1049670.0
2009-06-11 00:00:00,794512.0
2009-06-12 00:00:00,899208.0
2009-06-15 00:00:00,711260.0
2009-06-16 00:00:00,996992.0
2009-06-17 00:00:00,968890.0
2009-06-18 00:00:00,868638.0
2009-06-19 00:00:00,684554.0
2009-06-22 00:00:00,662618.0
2009-06-23 00:00:00,949666.0
2009-06-24 00:00:00,1082716.0
2009-06-25 00:00:00,1310434.0
2009-06-26 00:00:00,1055646.0
2009-06-29 00:00:00,1160862.0
2009-06-30 00:00:00,1003864.0
2009-07-01 00:00:00,836062.0
2009-07-02 00:00:00,938696.0
2009-07-03 00:00:00,1127014.0
2009-07-06 00:00:00,879980.0
2009-07-07 00:00:00,882036.0
2009-07-08 00:00:00,872266.0
2009-07-09 00:00:00,961300.0
2009-07-10 00:00:00,1066288.0
2009-07-13 00:00:00,925634.0
2009-07-14 00:00:00,993124.0
2009-07-15 00:00:00,1038424.0
2009-07-16 00:00:00,1221894.0
2009-07-17 00:00:00,947026.0
2009-07-20 00:00:00,1169000.0
2009-07-21 00:00:00,1127596.0
2009-07-22 00:00:00,1203112.0
2009-07-23 00:00:00,1137604.0
2009-07-24 00:00:00,1085394.0
2009-07-27 00:00:00,1148416.0
2009-07-28 00:00:00,896922.0
2009-07-29 00:00:00,1287792.0
2009-07-30 00:00:00,1026076.0
2009-07-31 00:00:00,615216.0
2009-08-03 00:00:00,1073980.0
2009-08-04 00:00:00,1135022.0
2009-08-05 00:00:00,1247920.0
2009-08-06 00:00:00,1212078.0
2009-08-07 00:00:00,1127412.0
2009-08-10 00:00:00,1046332.0
2009-08-11 00:00:00,926274.0
2009-08-12 00:00:00,919996.0
2009-08-13 00:00:00,1010716.0
2009-08-14 00:00:00,934124.0
2009-08-17 00:00:00,295088.0
2009-08-18 00:00:00,771564.0
2009-08-19 00:00:00,1154430.0
2009-08-20 00:00:00,1092698.0
2009-08-21 00:00:00,795358.0
2009-08-24 00:00:00,124566.0
2009-08-25 00:00:00,775782.0
2009-08-26 00:00:00,616182.0
2009-08-27 00:00:00,600762.0
2009-08-28 00:00:00,552364.0
2009-08-31 00:00:00,922708.0
2009-09-01 00:00:00,660544.0
2009-09-02 00:00:00,700680.0
2009-09-03 00:00:00,742980.0
2009-09-04 00:00:00,826254.0
2009-09-07 00:00:00,606380.0
2009-09-08 00:00:00,478894.0
2009-09-09 00:00:00,615472.0
2009-09-10 00:00:00,609964.0
2009-09-11 00:00:00,636504.0
2009-09-14 00:00:00,551534.0
2009-09-15 00:00:00,483588.0
2009-09-16 00:00:00,469082.0
2009-09-17 00:00:00,446972.0
2009-09-18 00:00:00,409952.0
2009-09-21 00:00:00,525962.0
2009-09-22 00:00:00,468756.0
2009-09-23 00:00:00,553960.0
2009-09-24 00:00:00,662698.0
2009-09-25 00:00:00,573232.0
2009-09-28 00:00:00,650744.0
2009-09-29 00:00:00,514994.0
2009-09-30 00:00:00,533364.0
2009-10-09 00:00:00,385234.0
2009-10-12 00:00:00,456804.0
2009-10-13 00:00:00,338358.0
2009-10-14 00:00:00,388632.0
2009-10-15 00:00:00,497764.0
2009-10-16 00:00:00,385834.0
2009-10-19 00:00:00,500818.0
2009-10-20 00:00:00,568050.0
2009-10-21 00:00:00,440404.0
2009-10-22 00:00:00,506110.0
2009-10-23 00:00:00,430820.0
2009-10-26 00:00:00,452310.0
2009-10-27 00:00:00,339386.0
2009-10-28 00:00:00,492678.0
2009-10-29 00:00:00,464024.0
2009-10-30 00:00:00,358332.0
2009-11-02 00:00:00,352768.0
2009-11-03 00:00:00,277464.0
2009-11-04 00:00:00,304692.0
2009-11-05 00:00:00,254786.0
2009-11-06 00:00:00,325338.0
2009-11-09 00:00:00,277978.0
2009-11-10 00:00:00,308402.0
2009-11-11 00:00:00,294090.0
2009-11-12 00:00:00,283740.0
2009-11-13 00:00:00,275580.0
2009-11-16 00:00:00,581108.0
2009-11-17 00:00:00,354590.0
2009-11-18 00:00:00,361744.0
2009-11-19 00:00:00,337078.0
2009-11-20 00:00:00,282376.0
2009-11-23 00:00:00,297228.0
2009-11-24 00:00:00,429522.0
2009-11-25 00:00:00,346870.0
2009-11-26 00:00:00,488412.0
2009-11-27 00:00:00,580448.0
2009-11-30 00:00:00,382946.0
2009-12-01 00:00:00,318760.0
2009-12-02 00:00:00,347050.0
2009-12-03 00:00:00,332006.0
2009-12-04 00:00:00,273396.0
2009-12-07 00:00:00,273878.0
2009-12-08 00:00:00,213782.0
2009-12-09 00:00:00,309056.0
2009-12-10 00:00:00,432148.0
2009-12-11 00:00:00,261098.0
2009-12-14 00:00:00,385862.0
2009-12-15 00:00:00,282732.0
2009-12-16 00:00:00,236212.0
2009-12-17 00:00:00,303404.0
2009-12-18 00:00:00,255218.0
2009-12-21 00:00:00,253656.0
2009-12-22 00:00:00,227456.0
2009-12-23 00:00:00,263634.0
2009-12-24 00:00:00,438806.0
2009-12-25 00:00:00,315642.0
2009-12-28 00:00:00,424070.0
2009-12-29 00:00:00,257744.0
2009-12-30 00:00:00,305650.0
2009-12-31 00:00:00,327036.0
2010-01-04 00:00:00,347244.0
2010-01-05 00:00:00,324230.0
2010-01-06 00:00:00,403530.0
2010-01-07 00:00:00,749392.0
2010-01-08 00:00:00,667010.0
2010-01-11 00:00:00,417290.0
2010-01-12 00:00:00,369820.0
2010-01-13 00:00:00,563814.0
2010-01-14 00:00:00,294078.0
2010-01-15 00:00:00,309810.0
2010-01-18 00:00:00,327254.0
2010-01-19 00:00:00,351972.0
2010-01-20 00:00:00,397372.0
2010-01-21 00:00:00,419004.0
2010-01-22 00:00:00,532304.0
2010-01-25 00:00:00,350078.0
2010-01-26 00:00:00,392844.0
2010-01-27 00:00:00,366876.0
2010-01-28 00:00:00,597608.0
2010-01-29 00:00:00,625928.0
2010-02-01 00:00:00,709166.0
2010-02-02 00:00:00,524824.0
2010-02-03 00:00:00,602872.0
2010-02-04 00:00:00,535152.0
2010-02-05 00:00:00,507622.0
2010-02-08 00:00:00,377484.0
2010-02-09 00:00:00,504364.0
2010-02-10 00:00:00,471248.0
2010-02-11 00:00:00,354916.0
2010-02-12 00:00:00,322868.0
2010-02-22 00:00:00,333504.0
2010-02-23 00:00:00,378172.0
2010-02-24 00:00:00,356372.0
2010-02-25 00:00:00,445420.0
2010-02-26 00:00:00,353418.0
2010-03-01 00:00:00,553772.0
2010-03-02 00:00:00,420032.0
2010-03-03 00:00:00,332510.0
2010-03-04 00:00:00,456348.0
2010-03-05 00:00:00,401790.0
2010-03-08 00:00:00,366046.0
2010-03-09 00:00:00,322676.0
2010-03-10 00:00:00,286232.0
2010-03-11 00:00:00,449684.0
2010-03-12 00:00:00,338256.0
2010-03-15 00:00:00,413186.0
2010-03-16 00:00:00,413944.0
2010-03-17 00:00:00,397278.0
2010-03-18 00:00:00,422586.0
2010-03-19 00:00:00,364880.0
2010-03-22 00:00:00,289222.0
2010-03-23 00:00:00,331714.0
2010-03-24 00:00:00,344174.0
2010-03-25 00:00:00,380112.0
2010-03-26 00:00:00,445584.0
2010-03-29 00:00:00,504232.0
2010-03-30 00:00:00,489724.0
2010-03-31 00:00:00,403940.0
2010-04-01 00:00:00,404048.0
2010-04-02 00:00:00,328982.0
2010-04-06 00:00:00,382380.0
2010-04-07 00:00:00,313328.0
2010-04-08 00:00:00,299794.0
2010-04-09 00:00:00,283016.0
2010-04-12 00:00:00,366064.0
2010-04-13 00:00:00,347154.0
2010-04-14 00:00:00,293508.0
2010-04-15 00:00:00,331740.0
2010-04-16 00:00:00,279004.0
2010-04-19 00:00:00,447608.0
2010-04-20 00:00:00,333418.0
2010-04-21 00:00:00,403948.0
2010-04-22 00:00:00,349082.0
2010-04-23 00:00:00,349306.0
2010-04-26 00:00:00,286322.0
2010-04-27 00:00:00,354836.0
2010-04-28 00:00:00,501326.0
2010-04-29 00:00:00,319036.0
2010-04-30 00:00:00,498332.0
2010-05-04 00:00:00,347130.0
2010-05-05 00:00:00,375476.0
2010-05-06 00:00:00,574948.0
2010-05-07 00:00:00,688344.0
2010-05-10 00:00:00,638276.0
2010-05-11 00:00:00,656842.0
2010-05-12 00:00:00,685658.0
2010-05-13 00:00:00,493298.0
2010-05-14 00:00:00,435120.0
2010-05-17 00:00:00,501448.0
2010-05-18 00:00:00,828466.0
2010-05-19 00:00:00,859954.0
2010-05-20 00:00:00,700304.0
2010-05-21 00:00:00,736324.0
2010-05-24 00:00:00,621154.0
2010-05-25 00:00:00,632268.0
2010-05-26 00:00:00,467206.0
2010-05-27 00:00:00,515500.0
2010-05-28 00:00:00,448932.0
2010-05-31 00:00:00,456444.0
2010-06-01 00:00:00,560462.0
2010-06-02 00:00:00,861068.0
2010-06-03 00:00:00,661046.0
2010-06-04 00:00:00,739270.0
2010-06-07 00:00:00,36096.0
2010-06-08 00:00:00,891416.0
2010-06-09 00:00:00,798386.0
2010-06-10 00:00:00,693908.0
2010-06-11 00:00:00,557202.0
2010-06-17 00:00:00,433100.0
2010-06-18 00:00:00,594072.0
2010-06-21 00:00:00,855954.0
2010-06-22 00:00:00,656378.0
2010-06-23 00:00:00,746276.0
2010-06-24 00:00:00,653524.0
2010-06-25 00:00:00,555138.0
2010-06-28 00:00:00,639930.0
2010-06-29 00:00:00,675838.0
2010-06-30 00:00:00,625968.0
2010-07-01 00:00:00,695398.0
2010-07-02 00:00:00,684560.0
2010-07-05 00:00:00,547700.0
2010-07-06 00:00:00,613748.0
2010-07-07 00:00:00,450388.0
2010-07-08 00:00:00,471440.0
2010-07-09 00:00:00,482582.0
2010-07-12 00:00:00,458148.0
2010-07-13 00:00:00,492842.0
2010-07-14 00:00:00,445954.0
2010-07-15 00:00:00,487312.0
2010-07-16 00:00:00,454806.0
2010-07-19 00:00:00,467624.0
2010-07-20 00:00:00,405822.0
2010-07-21 00:00:00,391044.0
2010-07-22 00:00:00,457346.0
2010-07-23 00:00:00,550058.0
2010-07-26 00:00:00,443398.0
2010-07-27 00:00:00,503192.0
2010-07-28 00:00:00,590644.0
2010-07-29 00:00:00,553360.0
2010-07-30 00:00:00,458876.0
2010-08-02 00:00:00,536018.0
2010-08-03 00:00:00,516168.0
2010-08-04 00:00:00,492828.0
2010-08-05 00:00:00,613806.0
2010-08-06 00:00:00,425234.0
2010-08-09 00:00:00,369568.0
2010-08-10 00:00:00,408850.0
2010-08-11 00:00:00,502734.0
2010-08-12 00:00:00,544222.0
2010-08-13 00:00:00,379168.0
2010-08-16 00:00:00,441918.0
2010-08-17 00:00:00,373088.0
2010-08-18 00:00:00,427504.0
2010-08-19 00:00:00,418428.0
2010-08-20 00:00:00,413990.0
2010-08-23 00:00:00,347320.0
2010-08-24 00:00:00,457482.0
2010-08-25 00:00:00,428400.0
2010-08-26 00:00:00,327728.0
2010-08-27 00:00:00,315008.0
2010-08-30 00:00:00,408910.0
2010-08-31 00:00:00,404340.0
2010-09-01 00:00:00,447096.0
2010-09-02 00:00:00,346470.0
2010-09-03 00:00:00,225472.0
2010-09-06 00:00:00,268746.0
2010-09-07 00:00:00,305686.0
2010-09-08 00:00:00,290596.0
2010-09-09 00:00:00,538298.0
2010-09-10 00:00:00,313694.0
2010-09-13 00:00:00,290100.0
2010-09-14 00:00:00,274592.0
2010-09-15 00:00:00,276690.0
2010-09-16 00:00:00,269512.0
2010-09-17 00:00:00,301874.0
2010-09-20 00:00:00,261206.0
2010-09-21 00:00:00,213042.0
2010-09-27 00:00:00,221140.0
2010-09-28 00:00:00,130986.0
2010-09-29 00:00:00,181226.0
2010-09-30 00:00:00,229278.0
2010-10-08 00:00:00,228418.0
2010-10-11 00:00:00,417986.0
2010-10-12 00:00:00,295520.0
2010-10-13 00:00:00,273038.0
2010-10-14 00:00:00,325842.0
2010-10-15 00:00:00,212852.0
2010-10-18 00:00:00,227222.0
2010-10-19 00:00:00,303054.0
2010-10-20 00:00:00,258208.0
2010-10-21 00:00:00,244398.0
2010-10-22 00:00:00,289066.0
2010-10-25 00:00:00,450082.0
2010-10-26 00:00:00,294650.0
2010-10-27 00:00:00,336654.0
2010-10-28 00:00:00,245332.0
2010-10-29 00:00:00,293416.0
2010-11-01 00:00:00,218130.0
2010-11-02 00:00:00,210528.0
2010-11-03 00:00:00,217612.0
2010-11-04 00:00:00,190144.0
2010-11-05 00:00:00,371216.0
2010-11-08 00:00:00,292340.0
2010-11-09 00:00:00,430122.0
2010-11-10 00:00:00,329918.0
2010-11-11 00:00:00,607170.0
2010-11-12 00:00:00,747846.0
2010-11-15 00:00:00,669668.0
2010-11-16 00:00:00,524814.0
2010-11-17 00:00:00,354874.0
2010-11-18 00:00:00,403080.0
2010-11-19 00:00:00,418276.0
2010-11-22 00:00:00,361546.0
2010-11-23 00:00:00,635610.0
2010-11-24 00:00:00,360604.0
2010-11-25 00:00:00,248146.0
2010-11-26 00:00:00,510570.0
2010-11-29 00:00:00,276856.0
2010-11-30 00:00:00,325210.0
2010-12-01 00:00:00,262406.0
2010-12-02 00:00:00,264722.0
2010-12-03 00:00:00,267904.0
2010-12-06 00:00:00,189460.0
2010-12-07 00:00:00,269760.0
2010-12-08 00:00:00,292662.0
2010-12-09 00:00:00,333570.0
2010-12-10 00:00:00,241816.0
2010-12-13 00:00:00,258730.0
2010-12-14 00:00:00,247122.0
2010-12-15 00:00:00,250752.0
2010-12-16 00:00:00,313088.0
2010-12-17 00:00:00,227412.0
2010-12-20 00:00:00,304496.0
2010-12-21 00:00:00,239332.0
2010-12-22 00:00:00,253906.0
2010-12-23 00:00:00,241652.0
2010-12-24 00:00:00,245104.0
2010-12-27 00:00:00,224240.0
2010-12-28 00:00:00,213772.0
2010-12-29 00:00:00,182312.0
2010-12-30 00:00:00,383406.0
2010-12-31 00:00:00,341698.0
2011-01-04 00:00:00,239302.0
2011-01-05 00:00:00,289762.0
2011-01-06 00:00:00,190914.0
2011-01-07 00:00:00,329620.0
2011-01-10 00:00:00,178580.0
2011-01-11 00:00:00,218896.0
2011-01-12 00:00:00,153780.0
2011-01-13 00:00:00,158414.0
2011-01-14 00:00:00,156030.0
2011-01-17 00:00:00,155050.0
2011-01-18 00:00:00,222448.0
2011-01-19 00:00:00,193008.0
2011-01-20 00:00:00,203076.0
2011-01-21 00:00:00,215132.0
2011-01-24 00:00:00,170712.0
2011-01-25 00:00:00,187062.0
2011-01-26 00:00:00,175510.0
2011-01-27 00:00:00,152130.0
2011-01-28 00:00:00,187392.0
2011-01-31 00:00:00,175370.0
2011-02-01 00:00:00,172460.0
2011-02-09 00:00:00,146868.0
2011-02-10 00:00:00,142034.0
2011-02-11 00:00:00,196528.0
2011-02-14 00:00:00,164344.0
2011-02-15 00:00:00,160018.0
2011-02-16 00:00:00,203908.0
2011-02-17 00:00:00,193148.0
2011-02-18 00:00:00,225146.0
2011-02-21 00:00:00,195382.0
2011-02-22 00:00:00,237896.0
2011-02-23 00:00:00,239768.0
2011-02-24 00:00:00,238338.0
2011-02-25 00:00:00,175218.0
2011-02-28 00:00:00,201826.0
2011-03-01 00:00:00,157520.0
2011-03-02 00:00:00,200920.0
2011-03-03 00:00:00,180970.0
2011-03-04 00:00:00,176614.0
2011-03-07 00:00:00,137816.0
2011-03-08 00:00:00,280478.0
2011-03-09 00:00:00,164980.0
2011-03-10 00:00:00,251924.0
2011-03-11 00:00:00,212610.0
2011-03-14 00:00:00,337320.0
2011-03-15 00:00:00,317532.0
2011-03-16 00:00:00,262430.0
2011-03-17 00:00:00,224314.0
2011-03-18 00:00:00,200334.0
2011-03-21 00:00:00,144026.0
2011-03-22 00:00:00,161398.0
2011-03-23 00:00:00,148314.0
2011-03-24 00:00:00,139036.0
2011-03-25 00:00:00,138190.0
2011-03-28 00:00:00,212372.0
2011-03-29 00:00:00,141634.0
2011-03-30 00:00:00,152418.0
2011-03-31 00:00:00,151864.0
2011-04-01 00:00:00,124214.0
2011-04-06 00:00:00,157384.0
2011-04-07 00:00:00,117662.0
2011-04-08 00:00:00,194550.0
2011-04-11 00:00:00,139962.0
2011-04-12 00:00:00,163288.0
2011-04-13 00:00:00,163220.0
2011-04-14 00:00:00,163916.0
2011-04-15 00:00:00,203780.0
2011-04-18 00:00:00,162934.0
2011-04-19 00:00:00,261766.0
2011-04-20 00:00:00,175390.0
2011-04-21 00:00:00,183122.0
2011-04-22 00:00:00,136088.0
2011-04-25 00:00:00,143018.0
2011-04-26 00:00:00,204500.0
2011-04-27 00:00:00,211930.0
2011-04-28 00:00:00,223668.0
2011-04-29 00:00:00,238050.0
2011-05-03 00:00:00,177156.0
2011-05-04 00:00:00,301590.0
2011-05-05 00:00:00,257284.0
2011-05-06 00:00:00,280546.0
2011-05-09 00:00:00,227470.0
2011-05-10 00:00:00,301920.0
2011-05-11 00:00:00,236082.0
2011-05-12 00:00:00,370320.0
2011-05-13 00:00:00,338864.0
2011-05-16 00:00:00,260502.0
2011-05-17 00:00:00,280646.0
2011-05-18 00:00:00,204216.0
2011-05-19 00:00:00,221084.0
2011-05-20 00:00:00,206732.0
2011-05-23 00:00:00,282960.0
2011-05-24 00:00:00,237232.0
2011-05-25 00:00:00,261732.0
2011-05-26 00:00:00,215412.0
2011-05-27 00:00:00,229118.0
2011-05-30 00:00:00,181680.0
2011-05-31 00:00:00,182414.0
2011-06-01 00:00:00,179600.0
2011-06-02 00:00:00,180918.0
2011-06-03 00:00:00,160238.0
2011-06-07 00:00:00,168212.0
2011-06-08 00:00:00,215662.0
2011-06-09 00:00:00,165488.0
2011-06-10 00:00:00,201312.0
2011-06-13 00:00:00,176998.0
2011-06-14 00:00:00,180908.0
2011-06-15 00:00:00,173770.0
2011-06-16 00:00:00,150522.0
2011-06-17 00:00:00,120826.0
2011-06-20 00:00:00,167878.0
2011-06-21 00:00:00,172466.0
2011-06-22 00:00:00,146702.0
2011-06-23 00:00:00,221512.0
2011-06-24 00:00:00,208194.0
2011-06-27 00:00:00,251742.0
2011-06-28 00:00:00,141344.0
2011-06-29 00:00:00,179852.0
2011-06-30 00:00:00,265490.0
2011-07-01 00:00:00,169416.0
2011-07-04 00:00:00,168018.0
2011-07-05 00:00:00,130162.0
2011-07-06 00:00:00,138176.0
2011-07-07 00:00:00,152394.0
2011-07-08 00:00:00,163188.0
2011-07-11 00:00:00,126028.0
2011-07-12 00:00:00,164292.0
2011-07-13 00:00:00,156526.0
2011-07-14 00:00:00,124562.0
2011-07-15 00:00:00,102384.0
2011-07-18 00:00:00,120352.0
2011-07-19 00:00:00,139352.0
2011-07-20 00:00:00,144180.0
2011-07-21 00:00:00,128572.0
2011-07-22 00:00:00,141756.0
2011-07-25 00:00:00,135650.0
2011-07-26 00:00:00,166592.0
2011-07-27 00:00:00,114122.0
2011-07-28 00:00:00,145686.0
2011-07-29 00:00:00,203438.0
2011-08-01 00:00:00,199664.0
2011-08-02 00:00:00,193590.0
2011-08-03 00:00:00,153896.0
2011-08-04 00:00:00,187894.0
2011-08-05 00:00:00,415400.0
2011-08-08 00:00:00,404584.0
2011-08-09 00:00:00,609496.0
2011-08-10 00:00:00,391586.0
2011-08-11 00:00:00,517518.0
2011-08-12 00:00:00,289184.0
2011-08-15 00:00:00,283562.0
2011-08-16 00:00:00,323016.0
2011-08-17 00:00:00,292148.0
2011-08-18 00:00:00,286292.0
2011-08-19 00:00:00,269066.0
2011-08-22 00:00:00,278698.0
2011-08-23 00:00:00,224580.0
2011-08-24 00:00:00,171736.0
2011-08-25 00:00:00,209642.0
2011-08-26 00:00:00,269002.0
2011-08-29 00:00:00,183516.0
2011-08-30 00:00:00,250948.0
2011-08-31 00:00:00,184474.0
2011-09-01 00:00:00,244230.0
2011-09-02 00:00:00,216162.0
2011-09-05 00:00:00,237870.0
2011-09-06 00:00:00,329910.0
2011-09-07 00:00:00,240588.0
2011-09-08 00:00:00,186474.0
2011-09-09 00:00:00,203416.0
2011-09-13 00:00:00,361398.0
2011-09-14 00:00:00,576084.0
2011-09-15 00:00:00,569496.0
2011-09-16 00:00:00,400686.0
2011-09-19 00:00:00,513414.0
2011-09-20 00:00:00,533476.0
2011-09-21 00:00:00,664162.0
2011-09-22 00:00:00,726290.0
2011-09-23 00:00:00,652380.0
2011-09-26 00:00:00,783632.0
2011-09-27 00:00:00,1120358.0
2011-09-28 00:00:00,1154430.0
2011-09-29 00:00:00,936722.0
2011-09-30 00:00:00,659230.0
2011-10-10 00:00:00,585122.0
2011-10-11 00:00:00,839082.0
2011-10-12 00:00:00,1154194.0
2011-10-13 00:00:00,963918.0
2011-10-14 00:00:00,1038086.0
2011-10-17 00:00:00,905392.0
2011-10-18 00:00:00,1072376.0
2011-10-19 00:00:00,1236336.0
2011-10-20 00:00:00,730738.0
2011-10-21 00:00:00,1472380.0
2011-10-24 00:00:00,983184.0
2011-10-25 00:00:00,1338810.0
2011-10-26 00:00:00,1274092.0
2011-10-27 00:00:00,1038930.0
2011-10-28 00:00:00,1011280.0
2011-10-31 00:00:00,1179446.0
2011-11-01 00:00:00,1412424.0
2011-11-02 00:00:00,1334988.0
2011-11-03 00:00:00,1179898.0
2011-11-04 00:00:00,1316252.0
2011-11-07 00:00:00,1050768.0
2011-11-08 00:00:00,1224896.0
2011-11-09 00:00:00,1149978.0
2011-11-10 00:00:00,651624.0
2011-11-11 00:00:00,991542.0
2011-11-14 00:00:00,1089842.0
2011-11-15 00:00:00,872208.0
2011-11-16 00:00:00,1084440.0
2011-11-17 00:00:00,1267118.0
2011-11-18 00:00:00,1143906.0
2011-11-21 00:00:00,766188.0
2011-11-22 00:00:00,866946.0
2011-11-23 00:00:00,930126.0
2011-11-24 00:00:00,1511556.0
2011-11-25 00:00:00,923184.0
2011-11-28 00:00:00,987494.0
2011-11-29 00:00:00,723718.0
2011-11-30 00:00:00,836304.0
2011-12-01 00:00:00,773132.0
2011-12-02 00:00:00,750610.0
2011-12-05 00:00:00,610710.0
2011-12-06 00:00:00,603192.0
2011-12-07 00:00:00,506766.0
2011-12-08 00:00:00,513732.0
2011-12-09 00:00:00,486654.0
2011-12-12 00:00:00,584764.0
2011-12-13 00:00:00,508866.0
2011-12-14 00:00:00,530682.0
2011-12-15 00:00:00,864862.0
2011-12-16 00:00:00,694974.0
2011-12-19 00:00:00,752800.0
2011-12-20 00:00:00,674128.0
2011-12-21 00:00:00,541694.0
2011-12-22 00:00:00,622644.0
2011-12-23 00:00:00,549080.0
2011-12-26 00:00:00,549264.0
2011-12-27 00:00:00,451446.0
2011-12-28 00:00:00,455052.0
2011-12-29 00:00:00,444322.0
2011-12-30 00:00:00,586254.0
2012-01-04 00:00:00,513272.0
2012-01-05 00:00:00,547976.0
2012-01-06 00:00:00,552240.0
2012-01-09 00:00:00,734668.0
2012-01-10 00:00:00,690370.0
2012-01-11 00:00:00,709600.0
2012-01-12 00:00:00,612802.0
2012-01-13 00:00:00,781790.0
2012-01-16 00:00:00,641754.0
2012-01-17 00:00:00,817416.0
2012-01-18 00:00:00,594030.0
2012-01-19 00:00:00,620438.0
2012-01-20 00:00:00,496460.0
2012-01-30 00:00:00,541798.0
2012-01-31 00:00:00,506218.0
2012-02-01 00:00:00,480972.0
2012-02-02 00:00:00,519626.0
2012-02-03 00:00:00,412076.0
2012-02-06 00:00:00,505540.0
2012-02-07 00:00:00,506606.0
2012-02-08 00:00:00,655874.0
2012-02-09 00:00:00,820896.0
2012-02-10 00:00:00,681540.0
2012-02-13 00:00:00,607014.0
2012-02-14 00:00:00,516838.0
2012-02-15 00:00:00,539774.0
2012-02-16 00:00:00,663122.0
2012-02-17 00:00:00,527416.0
2012-02-20 00:00:00,619332.0
2012-02-21 00:00:00,763688.0
2012-02-22 00:00:00,465462.0
2012-02-23 00:00:00,500650.0
2012-02-24 00:00:00,642336.0
2012-02-27 00:00:00,600962.0
2012-02-28 00:00:00,484760.0
2012-02-29 00:00:00,528722.0
2012-03-01 00:00:00,560920.0
2012-03-02 00:00:00,573066.0
2012-03-05 00:00:00,458384.0
2012-03-06 00:00:00,481764.0
2012-03-07 00:00:00,498336.0
2012-03-08 00:00:00,395502.0
2012-03-09 00:00:00,491594.0
2012-03-12 00:00:00,418150.0
2012-03-13 00:00:00,393436.0
2012-03-14 00:00:00,511976.0
2012-03-15 00:00:00,498078.0
2012-03-16 00:00:00,493108.0
2012-03-19 00:00:00,422060.0
2012-03-20 00:00:00,523350.0
2012-03-21 00:00:00,478110.0
2012-03-22 00:00:00,587604.0
2012-03-23 00:00:00,389806.0
2012-03-26 00:00:00,326264.0
2012-03-27 00:00:00,368244.0
2012-03-28 00:00:00,331534.0
2012-03-29 00:00:00,436390.0
2012-03-30 00:00:00,336892.0
2012-04-05 00:00:00,432866.0
2012-04-06 00:00:00,381116.0
2012-04-09 00:00:00,409682.0
2012-04-10 00:00:00,607114.0
2012-04-11 00:00:00,663422.0
2012-04-12 00:00:00,531036.0
2012-04-13 00:00:00,519034.0
2012-04-16 00:00:00,562018.0
2012-04-17 00:00:00,501198.0
2012-04-18 00:00:00,875178.0
2012-04-19 00:00:00,503168.0
2012-04-20 00:00:00,472664.0
2012-04-23 00:00:00,586342.0
2012-04-24 00:00:00,742518.0
2012-04-25 00:00:00,375748.0
2012-04-26 00:00:00,570734.0
2012-04-27 00:00:00,449156.0
2012-05-02 00:00:00,462692.0
2012-05-03 00:00:00,396830.0
2012-05-04 00:00:00,368622.0
2012-05-07 00:00:00,459412.0
2012-05-08 00:00:00,410594.0
2012-05-09 00:00:00,524948.0
2012-05-10 00:00:00,470694.0
2012-05-11 00:00:00,534718.0
2012-05-14 00:00:00,892916.0
2012-05-15 00:00:00,756022.0
2012-05-16 00:00:00,844272.0
2012-05-17 00:00:00,826690.0
2012-05-18 00:00:00,935950.0
2012-05-21 00:00:00,589892.0
2012-05-22 00:00:00,447720.0
2012-05-23 00:00:00,626664.0
2012-05-24 00:00:00,729968.0
2012-05-25 00:00:00,628516.0
2012-05-28 00:00:00,608842.0
2012-05-29 00:00:00,631572.0
2012-05-30 00:00:00,694710.0
2012-05-31 00:00:00,629178.0
2012-06-01 00:00:00,646926.0
2012-06-04 00:00:00,1045250.0
2012-06-05 00:00:00,589954.0
2012-06-06 00:00:00,667938.0
2012-06-07 00:00:00,550556.0
2012-06-08 00:00:00,747786.0
2012-06-11 00:00:00,662228.0
2012-06-12 00:00:00,481066.0
2012-06-13 00:00:00,429224.0
2012-06-14 00:00:00,579860.0
2012-06-15 00:00:00,650534.0
2012-06-18 00:00:00,600470.0
2012-06-19 00:00:00,457476.0
2012-06-20 00:00:00,439042.0
2012-06-21 00:00:00,557300.0
2012-06-25 00:00:00,502746.0
2012-06-26 00:00:00,611022.0
2012-06-27 00:00:00,619750.0
2012-06-28 00:00:00,455762.0
2012-06-29 00:00:00,791990.0
2012-07-02 00:00:00,552002.0
2012-07-03 00:00:00,703206.0
2012-07-04 00:00:00,486212.0
2012-07-05 00:00:00,510372.0
2012-07-06 00:00:00,557044.0
2012-07-09 00:00:00,468372.0
2012-07-10 00:00:00,445424.0
2012-07-11 00:00:00,490956.0
2012-07-12 00:00:00,438802.0
2012-07-13 00:00:00,455596.0
2012-07-16 00:00:00,451702.0
2012-07-17 00:00:00,524412.0
2012-07-18 00:00:00,450570.0
2012-07-19 00:00:00,384532.0
2012-07-20 00:00:00,444626.0
2012-07-23 00:00:00,817042.0
2012-07-24 00:00:00,606668.0
2012-07-25 00:00:00,622662.0
2012-07-26 00:00:00,573666.0
2012-07-27 00:00:00,564724.0
2012-07-30 00:00:00,618326.0
2012-07-31 00:00:00,467550.0
2012-08-01 00:00:00,605618.0
2012-08-02 00:00:00,435160.0
2012-08-03 00:00:00,528332.0
2012-08-06 00:00:00,339822.0
2012-08-07 00:00:00,325920.0
2012-08-08 00:00:00,342720.0
2012-08-09 00:00:00,422018.0
2012-08-10 00:00:00,428236.0
2012-08-13 00:00:00,377150.0
2012-08-14 00:00:00,730288.0
2012-08-15 00:00:00,532008.0
2012-08-16 00:00:00,414976.0
2012-08-17 00:00:00,430762.0
2012-08-20 00:00:00,359348.0
2012-08-21 00:00:00,448016.0
2012-08-22 00:00:00,427246.0
2012-08-23 00:00:00,609034.0
2012-08-24 00:00:00,311472.0
2012-08-27 00:00:00,385980.0
2012-08-28 00:00:00,294114.0
2012-08-29 00:00:00,416308.0
2012-08-30 00:00:00,445954.0
2012-08-31 00:00:00,277044.0
2012-09-03 00:00:00,486984.0
2012-09-04 00:00:00,369518.0
2012-09-05 00:00:00,263650.0
2012-09-06 00:00:00,490100.0
2012-09-07 00:00:00,486348.0
2012-09-10 00:00:00,527578.0
2012-09-11 00:00:00,392422.0
2012-09-12 00:00:00,414512.0
2012-09-13 00:00:00,328702.0
2012-09-14 00:00:00,670408.0
2012-09-17 00:00:00,379790.0
2012-09-18 00:00:00,321068.0
2012-09-19 00:00:00,405970.0
2012-09-20 00:00:00,467488.0
2012-09-21 00:00:00,317058.0
2012-09-24 00:00:00,426056.0
2012-09-25 00:00:00,269104.0
2012-09-26 00:00:00,311482.0
2012-09-27 00:00:00,373028.0
2012-09-28 00:00:00,265078.0
2012-10-08 00:00:00,257552.0
2012-10-09 00:00:00,371114.0
2012-10-10 00:00:00,265796.0
2012-10-11 00:00:00,379852.0
2012-10-12 00:00:00,327972.0
2012-10-15 00:00:00,284638.0
2012-10-16 00:00:00,225720.0
2012-10-17 00:00:00,246396.0
2012-10-18 00:00:00,268614.0
2012-10-19 00:00:00,307794.0
2012-10-22 00:00:00,322740.0
2012-10-23 00:00:00,374260.0
2012-10-24 00:00:00,397856.0
2012-10-25 00:00:00,357504.0
2012-10-26 00:00:00,431154.0
2012-10-29 00:00:00,367976.0
2012-10-30 00:00:00,368666.0
2012-10-31 00:00:00,357804.0
2012-11-01 00:00:00,339016.0
2012-11-02 00:00:00,327452.0
2012-11-05 00:00:00,455180.0
2012-11-06 00:00:00,368806.0
2012-11-07 00:00:00,411096.0
2012-11-08 00:00:00,308480.0
2012-11-09 00:00:00,303968.0
2012-11-12 00:00:00,424440.0
2012-11-13 00:00:00,282580.0
2012-11-14 00:00:00,283058.0
2012-11-15 00:00:00,314514.0
2012-11-16 00:00:00,240906.0
2012-11-19 00:00:00,286778.0
2012-11-20 00:00:00,256422.0
2012-11-21 00:00:00,285926.0
2012-11-22 00:00:00,189038.0
2012-11-23 00:00:00,400076.0
2012-11-26 00:00:00,297602.0
2012-11-27 00:00:00,314356.0
2012-11-28 00:00:00,273266.0
2012-11-29 00:00:00,250610.0
2012-11-30 00:00:00,460860.0
2012-12-03 00:00:00,312468.0
2012-12-04 00:00:00,268702.0
2012-12-05 00:00:00,353938.0
2012-12-06 00:00:00,307114.0
2012-12-07 00:00:00,226636.0
2012-12-10 00:00:00,338716.0
2012-12-11 00:00:00,200890.0
2012-12-12 00:00:00,217618.0
2012-12-13 00:00:00,276418.0
2012-12-14 00:00:00,347076.0
2012-12-17 00:00:00,385664.0
2012-12-18 00:00:00,264588.0
2012-12-19 00:00:00,219860.0
2012-12-20 00:00:00,402780.0
2012-12-21 00:00:00,385118.0
2012-12-24 00:00:00,211736.0
2012-12-25 00:00:00,305798.0
2012-12-26 00:00:00,180312.0
2012-12-27 00:00:00,321930.0
2012-12-28 00:00:00,200794.0
2012-12-31 00:00:00,245438.0
2013-01-04 00:00:00,262630.0
2013-01-07 00:00:00,223584.0
2013-01-08 00:00:00,233818.0
2013-01-09 00:00:00,143670.0
2013-01-10 00:00:00,279968.0
2013-01-11 00:00:00,301830.0
2013-01-14 00:00:00,234562.0
2013-01-15 00:00:00,299076.0
2013-01-16 00:00:00,254000.0
2013-01-17 00:00:00,223294.0
2013-01-18 00:00:00,247298.0
2013-01-21 00:00:00,130174.0
2013-01-22 00:00:00,289600.0
2013-01-23 00:00:00,168048.0
2013-01-24 00:00:00,228764.0
2013-01-25 00:00:00,192270.0
2013-01-28 00:00:00,153422.0
2013-01-29 00:00:00,262800.0
2013-01-30 00:00:00,280930.0
2013-01-31 00:00:00,237996.0
2013-02-01 00:00:00,206242.0
2013-02-04 00:00:00,245520.0
2013-02-05 00:00:00,197172.0
2013-02-06 00:00:00,192844.0
2013-02-07 00:00:00,140436.0
2013-02-08 00:00:00,144622.0
2013-02-18 00:00:00,231846.0
2013-02-19 00:00:00,193870.0
2013-02-20 00:00:00,213972.0
2013-02-21 00:00:00,453450.0
2013-02-22 00:00:00,262248.0
2013-02-25 00:00:00,296910.0
2013-02-26 00:00:00,321528.0
2013-02-27 00:00:00,257876.0
2013-02-28 00:00:00,272252.0
2013-03-01 00:00:00,411758.0
2013-03-04 00:00:00,457658.0
2013-03-05 00:00:00,258334.0
2013-03-06 00:00:00,282724.0
2013-03-07 00:00:00,284984.0
2013-03-08 00:00:00,232314.0
2013-03-11 00:00:00,265066.0
2013-03-12 00:00:00,357850.0
2013-03-13 00:00:00,358786.0
2013-03-14 00:00:00,376202.0
2013-03-15 00:00:00,344408.0
2013-03-18 00:00:00,737258.0
2013-03-19 00:00:00,465214.0
2013-03-20 00:00:00,581108.0
2013-03-21 00:00:00,660400.0
2013-03-22 00:00:00,334064.0
2013-03-25 00:00:00,351012.0
2013-03-26 00:00:00,307210.0
2013-03-27 00:00:00,330924.0
2013-03-28 00:00:00,442680.0
2013-03-29 00:00:00,489038.0
2013-04-01 00:00:00,644192.0
2013-04-02 00:00:00,590552.0
2013-04-03 00:00:00,511016.0
2013-04-08 00:00:00,381720.0
2013-04-09 00:00:00,470816.0
2013-04-10 00:00:00,406572.0
2013-04-11 00:00:00,351082.0
2013-04-12 00:00:00,356280.0
2013-04-15 00:00:00,929094.0
2013-04-16 00:00:00,874126.0
2013-04-17 00:00:00,784056.0
2013-04-18 00:00:00,170050.0
2013-04-19 00:00:00,1398960.0
2013-04-22 00:00:00,1223068.0
2013-04-23 00:00:00,1528970.0
2013-04-24 00:00:00,1632768.0
2013-04-25 00:00:00,1342354.0
2013-04-26 00:00:00,1246692.0
2013-05-02 00:00:00,975526.0
2013-05-03 00:00:00,1427834.0
2013-05-06 00:00:00,1040080.0
2013-05-07 00:00:00,1230144.0
2013-05-08 00:00:00,1006350.0
2013-05-09 00:00:00,896784.0
2013-05-10 00:00:00,1021462.0
2013-05-13 00:00:00,853790.0
2013-05-14 00:00:00,977070.0
2013-05-15 00:00:00,905526.0
2013-05-16 00:00:00,970176.0
2013-05-17 00:00:00,828358.0
2013-05-20 00:00:00,899814.0
2013-05-21 00:00:00,840612.0
2013-05-22 00:00:00,749340.0
2013-05-23 00:00:00,1096986.0
2013-05-24 00:00:00,919678.0
2013-05-27 00:00:00,642284.0
2013-05-28 00:00:00,990674.0
2013-05-29 00:00:00,802734.0
2013-05-30 00:00:00,1094982.0
2013-05-31 00:00:00,675054.0
2013-06-03 00:00:00,576350.0
2013-06-04 00:00:00,512458.0
2013-06-05 00:00:00,591948.0
2013-06-06 00:00:00,802562.0
2013-06-07 00:00:00,616038.0
2013-06-13 00:00:00,844018.0
2013-06-14 00:00:00,589798.0
2013-06-17 00:00:00,489762.0
2013-06-18 00:00:00,766656.0
2013-06-19 00:00:00,630666.0
2013-06-20 00:00:00,727218.0
2013-06-21 00:00:00,1072924.0
2013-06-24 00:00:00,1198960.0
2013-06-25 00:00:00,1460532.0
2013-06-26 00:00:00,1220200.0
2013-06-27 00:00:00,1049674.0
2013-06-28 00:00:00,917204.0
2013-07-01 00:00:00,993578.0
2013-07-02 00:00:00,984168.0
2013-07-03 00:00:00,963382.0
2013-07-04 00:00:00,806276.0
2013-07-05 00:00:00,811204.0
2013-07-08 00:00:00,921654.0
2013-07-09 00:00:00,997596.0
2013-07-10 00:00:00,1227320.0
2013-07-11 00:00:00,1295352.0
2013-07-12 00:00:00,802540.0
2013-07-15 00:00:00,852820.0
2013-07-16 00:00:00,682214.0
2013-07-17 00:00:00,1300072.0
2013-07-18 00:00:00,809970.0
2013-07-19 00:00:00,764252.0
2013-07-22 00:00:00,725090.0
2013-07-23 00:00:00,758128.0
2013-07-24 00:00:00,828098.0
2013-07-25 00:00:00,612988.0
2013-07-26 00:00:00,704516.0
2013-07-29 00:00:00,776408.0
2013-07-30 00:00:00,579608.0
2013-07-31 00:00:00,769722.0
2013-08-01 00:00:00,842326.0
2013-08-02 00:00:00,597718.0
2013-08-05 00:00:00,518466.0
2013-08-06 00:00:00,467376.0
2013-08-07 00:00:00,456406.0
2013-08-08 00:00:00,1084782.0
2013-08-09 00:00:00,623606.0
2013-08-12 00:00:00,683114.0
2013-08-13 00:00:00,534098.0
2013-08-14 00:00:00,631230.0
2013-08-15 00:00:00,555772.0
2013-08-16 00:00:00,922020.0
2013-08-19 00:00:00,469310.0
2013-08-20 00:00:00,478148.0
2013-08-21 00:00:00,346108.0
2013-08-22 00:00:00,511640.0
2013-08-23 00:00:00,408868.0
2013-08-26 00:00:00,453700.0
2013-08-27 00:00:00,391986.0
2013-08-28 00:00:00,471348.0
2013-08-29 00:00:00,557228.0
2013-08-30 00:00:00,462776.0
2013-09-02 00:00:00,606182.0
2013-09-03 00:00:00,426020.0
2013-09-04 00:00:00,357184.0
2013-09-05 00:00:00,497934.0
2013-09-06 00:00:00,308348.0
2013-09-09 00:00:00,399420.0
2013-09-10 00:00:00,399404.0
2013-09-11 00:00:00,324668.0
2013-09-12 00:00:00,393896.0
2013-09-13 00:00:00,457030.0
2013-09-16 00:00:00,329318.0
2013-09-17 00:00:00,379786.0
2013-09-18 00:00:00,324658.0
2013-09-23 00:00:00,440754.0
2013-09-24 00:00:00,390438.0
2013-09-25 00:00:00,324834.0
2013-09-26 00:00:00,423082.0
2013-09-27 00:00:00,338342.0
2013-09-30 00:00:00,294292.0
2013-10-08 00:00:00,240116.0
2013-10-09 00:00:00,545492.0
2013-10-10 00:00:00,353454.0
2013-10-11 00:00:00,343916.0
2013-10-14 00:00:00,436124.0
2013-10-15 00:00:00,263194.0
2013-10-16 00:00:00,375560.0
2013-10-17 00:00:00,406478.0
2013-10-18 00:00:00,323290.0
2013-10-21 00:00:00,311350.0
2013-10-22 00:00:00,246572.0
2013-10-23 00:00:00,349646.0
2013-10-24 00:00:00,471546.0
2013-10-25 00:00:00,439098.0
2013-10-28 00:00:00,289504.0
2013-10-29 00:00:00,510908.0
2013-10-30 00:00:00,413570.0
2013-10-31 00:00:00,377044.0
2013-11-01 00:00:00,368460.0
2013-11-04 00:00:00,375308.0
2013-11-05 00:00:00,344002.0
2013-11-06 00:00:00,322606.0
2013-11-07 00:00:00,281746.0
2013-11-08 00:00:00,291480.0
2013-11-11 00:00:00,255456.0
2013-11-12 00:00:00,317892.0
2013-11-13 00:00:00,613726.0
2013-11-14 00:00:00,426420.0
2013-11-15 00:00:00,602878.0
2013-11-18 00:00:00,439426.0
2013-11-19 00:00:00,580492.0
2013-11-20 00:00:00,430388.0
2013-11-21 00:00:00,444042.0
2013-11-22 00:00:00,392758.0
2013-11-25 00:00:00,378334.0
2013-11-26 00:00:00,390984.0
2013-11-27 00:00:00,316552.0
2013-11-28 00:00:00,376582.0
2013-11-29 00:00:00,322426.0
2013-12-02 00:00:00,294332.0
2013-12-03 00:00:00,390764.0
2013-12-04 00:00:00,314290.0
2013-12-05 00:00:00,281144.0
2013-12-06 00:00:00,271278.0
2013-12-09 00:00:00,260462.0
2013-12-10 00:00:00,303076.0
2013-12-11 00:00:00,251302.0
2013-12-12 00:00:00,340890.0
2013-12-13 00:00:00,337390.0
2013-12-16 00:00:00,224994.0
2013-12-17 00:00:00,309336.0
2013-12-18 00:00:00,303788.0
2013-12-19 00:00:00,381502.0
2013-12-20 00:00:00,457498.0
2013-12-23 00:00:00,403568.0
2013-12-24 00:00:00,262942.0
2013-12-25 00:00:00,460930.0
2013-12-26 00:00:00,498598.0
2013-12-27 00:00:00,305616.0
2013-12-30 00:00:00,322480.0
2013-12-31 00:00:00,434032.0
2014-01-02 00:00:00,325324.0
2014-01-03 00:00:00,464526.0
2014-01-06 00:00:00,375488.0
2014-01-07 00:00:00,373516.0
2014-01-08 00:00:00,336650.0
2014-01-09 00:00:00,630646.0
2014-01-10 00:00:00,526290.0
2014-01-13 00:00:00,489824.0
2014-01-14 00:00:00,349750.0
2014-01-15 00:00:00,393362.0
2014-01-16 00:00:00,494122.0
2014-01-17 00:00:00,329760.0
2014-01-20 00:00:00,243444.0
2014-01-21 00:00:00,269394.0
2014-01-22 00:00:00,363628.0
2014-01-23 00:00:00,335678.0
2014-01-24 00:00:00,415126.0
2014-01-27 00:00:00,406736.0
2014-01-28 00:00:00,252748.0
2014-01-29 00:00:00,189986.0
2014-01-30 00:00:00,291346.0
2014-02-07 00:00:00,155012.0
2014-02-10 00:00:00,241074.0
2014-02-11 00:00:00,357666.0
2014-02-12 00:00:00,284340.0
2014-02-13 00:00:00,195404.0
2014-02-14 00:00:00,255286.0
2014-02-17 00:00:00,439868.0
2014-02-18 00:00:00,272486.0
2014-02-19 00:00:00,237082.0
2014-02-20 00:00:00,359200.0
2014-02-21 00:00:00,205426.0
2014-02-24 00:00:00,537502.0
2014-02-25 00:00:00,589210.0
2014-02-26 00:00:00,535842.0
2014-02-27 00:00:00,620278.0
2014-02-28 00:00:00,588244.0
2014-03-03 00:00:00,501858.0
2014-03-04 00:00:00,410306.0
2014-03-05 00:00:00,543906.0
2014-03-06 00:00:00,402800.0
2014-03-07 00:00:00,443478.0
2014-03-10 00:00:00,923370.0
2014-03-11 00:00:00,1523992.0
2014-03-12 00:00:00,2239006.0
2014-03-13 00:00:00,1899400.0
2014-03-14 00:00:00,1406746.0
2014-03-17 00:00:00,1182582.0
2014-03-18 00:00:00,1145130.0
2014-03-19 00:00:00,1082792.0
2014-03-20 00:00:00,2369494.0
2014-03-21 00:00:00,1282728.0
2014-03-24 00:00:00,994446.0
2014-03-25 00:00:00,1102768.0
2014-03-26 00:00:00,968528.0
2014-03-27 00:00:00,843926.0
2014-03-28 00:00:00,1038364.0
2014-03-31 00:00:00,888862.0
2014-04-01 00:00:00,493526.0
2014-04-02 00:00:00,731910.0
2014-04-03 00:00:00,967748.0
2014-04-04 00:00:00,606956.0
2014-04-08 00:00:00,320384.0
2014-04-09 00:00:00,446576.0
2014-04-10 00:00:00,717484.0
2014-04-11 00:00:00,663848.0
2014-04-14 00:00:00,914902.0
2014-04-15 00:00:00,670498.0
2014-04-16 00:00:00,758760.0
2014-04-17 00:00:00,583684.0
2014-04-18 00:00:00,510418.0
2014-04-21 00:00:00,471370.0
2014-04-22 00:00:00,578000.0
2014-04-23 00:00:00,575316.0
2014-04-24 00:00:00,717042.0
2014-04-25 00:00:00,1072514.0
2014-04-28 00:00:00,694026.0
2014-04-29 00:00:00,587460.0
2014-04-30 00:00:00,380146.0
2014-05-05 00:00:00,287594.0
2014-05-06 00:00:00,403348.0
2014-05-07 00:00:00,394178.0
2014-05-08 00:00:00,532624.0
2014-05-09 00:00:00,502646.0
2014-05-12 00:00:00,774966.0
2014-05-13 00:00:00,707638.0
2014-05-14 00:00:00,561674.0
2014-05-15 00:00:00,665668.0
2014-05-16 00:00:00,581300.0
2014-05-19 00:00:00,743446.0
2014-05-20 00:00:00,514248.0
2014-05-21 00:00:00,565224.0
2014-05-22 00:00:00,660514.0
2014-05-23 00:00:00,487532.0
2014-05-26 00:00:00,453102.0
2014-05-27 00:00:00,376082.0
2014-05-28 00:00:00,384104.0
2014-05-29 00:00:00,438304.0
2014-05-30 00:00:00,587630.0
2014-06-03 00:00:00,294800.0
2014-06-04 00:00:00,487970.0
2014-06-05 00:00:00,525786.0
2014-06-06 00:00:00,479738.0
2014-06-09 00:00:00,968382.0
2014-06-10 00:00:00,517494.0
2014-06-11 00:00:00,518514.0
2014-06-12 00:00:00,423018.0
2014-06-13 00:00:00,626628.0
2014-06-16 00:00:00,447836.0
2014-06-17 00:00:00,374904.0
2014-06-18 00:00:00,357136.0
2014-06-19 00:00:00,339712.0
2014-06-20 00:00:00,532590.0
2014-06-23 00:00:00,737398.0
2014-06-24 00:00:00,463506.0
2014-06-25 00:00:00,344820.0
2014-06-26 00:00:00,606276.0
2014-06-27 00:00:00,452620.0
2014-06-30 00:00:00,377078.0
2014-07-01 00:00:00,638354.0
2014-07-02 00:00:00,488356.0
2014-07-03 00:00:00,712622.0
2014-07-04 00:00:00,579314.0
2014-07-07 00:00:00,562484.0
2014-07-08 00:00:00,511612.0
2014-07-09 00:00:00,589144.0
2014-07-10 00:00:00,582682.0
2014-07-11 00:00:00,414438.0
2014-07-14 00:00:00,494576.0
2014-07-15 00:00:00,689540.0
2014-07-16 00:00:00,496886.0
2014-07-17 00:00:00,627318.0
2014-07-18 00:00:00,466358.0
2014-07-21 00:00:00,574528.0
2014-07-22 00:00:00,524866.0
2014-07-23 00:00:00,416664.0
2014-07-24 00:00:00,579408.0
2014-07-25 00:00:00,468488.0
2014-07-28 00:00:00,593224.0
2014-07-29 00:00:00,391250.0
2014-07-30 00:00:00,489152.0
2014-07-31 00:00:00,394728.0
2014-08-01 00:00:00,345964.0
2014-08-04 00:00:00,342850.0
2014-08-05 00:00:00,318034.0
2014-08-06 00:00:00,523232.0
2014-08-07 00:00:00,427150.0
2014-08-08 00:00:00,405008.0
2014-08-11 00:00:00,324734.0
2014-08-12 00:00:00,377522.0
2014-08-13 00:00:00,472600.0
2014-08-14 00:00:00,500544.0
2014-08-15 00:00:00,446420.0
2014-08-18 00:00:00,335472.0
2014-08-19 00:00:00,304948.0
2014-08-20 00:00:00,554928.0
2014-08-21 00:00:00,783142.0
2014-08-22 00:00:00,691810.0
2014-08-25 00:00:00,412792.0
2014-08-26 00:00:00,287374.0
2014-08-27 00:00:00,341558.0
2014-08-28 00:00:00,347002.0
2014-08-29 00:00:00,616724.0
2014-09-01 00:00:00,427528.0
2014-09-02 00:00:00,424650.0
2014-09-03 00:00:00,461920.0
2014-09-04 00:00:00,462098.0
2014-09-05 00:00:00,426702.0
2014-09-09 00:00:00,357676.0
2014-09-10 00:00:00,851388.0
2014-09-11 00:00:00,733048.0
2014-09-12 00:00:00,642956.0
2014-09-15 00:00:00,602864.0
2014-09-16 00:00:00,503696.0
2014-09-17 00:00:00,754624.0
2014-09-18 00:00:00,465104.0
2014-09-19 00:00:00,535040.0
2014-09-22 00:00:00,1134234.0
2014-09-23 00:00:00,777060.0
2014-09-24 00:00:00,707700.0
2014-09-25 00:00:00,733352.0
2014-09-26 00:00:00,710128.0
2014-09-29 00:00:00,564924.0
2014-09-30 00:00:00,444328.0
2014-10-08 00:00:00,283566.0
2014-10-09 00:00:00,690544.0
2014-10-10 00:00:00,738286.0
2014-10-13 00:00:00,731842.0
2014-10-14 00:00:00,550254.0
2014-10-15 00:00:00,567726.0
2014-10-16 00:00:00,888146.0
2014-10-17 00:00:00,1060148.0
2014-10-20 00:00:00,615938.0
2014-10-21 00:00:00,582292.0
2014-10-22 00:00:00,636126.0
2014-10-23 00:00:00,504622.0
2014-10-24 00:00:00,448832.0
2014-10-27 00:00:00,441070.0
2014-10-28 00:00:00,455702.0
2014-10-29 00:00:00,444626.0
2014-10-30 00:00:00,525386.0
2014-10-31 00:00:00,562192.0
2014-11-03 00:00:00,609600.0
2014-11-04 00:00:00,369036.0
2014-11-05 00:00:00,840860.0
2014-11-06 00:00:00,670226.0
2014-11-07 00:00:00,450766.0
2014-11-10 00:00:00,435078.0
2014-11-11 00:00:00,318330.0
2014-11-12 00:00:00,361728.0
2014-11-13 00:00:00,340776.0
2014-11-14 00:00:00,547030.0
2014-11-17 00:00:00,547788.0
2014-11-18 00:00:00,390474.0
2014-11-19 00:00:00,420232.0
2014-11-20 00:00:00,387064.0
2014-11-21 00:00:00,374660.0
2014-11-24 00:00:00,504078.0
2014-11-25 00:00:00,349748.0
2014-11-26 00:00:00,908400.0
2014-11-27 00:00:00,650992.0
2014-11-28 00:00:00,1106732.0
2014-12-01 00:00:00,1613320.0
2014-12-02 00:00:00,1043428.0
2014-12-03 00:00:00,973210.0
2014-12-04 00:00:00,718120.0
2014-12-05 00:00:00,729414.0
2014-12-08 00:00:00,555430.0
2014-12-09 00:00:00,733212.0
2014-12-10 00:00:00,789494.0
2014-12-11 00:00:00,530076.0
2014-12-12 00:00:00,405932.0
2014-12-15 00:00:00,417898.0
2014-12-16 00:00:00,595080.0
2014-12-17 00:00:00,766176.0
2014-12-18 00:00:00,772578.0
2014-12-19 00:00:00,515234.0
2014-12-22 00:00:00,417550.0
2014-12-23 00:00:00,474044.0
2014-12-24 00:00:00,356934.0
2014-12-25 00:00:00,335494.0
2014-12-26 00:00:00,278226.0
2014-12-29 00:00:00,565564.0
2014-12-30 00:00:00,575154.0
2014-12-31 00:00:00,494316.0
2015-01-05 00:00:00,352902.0
2015-01-06 00:00:00,766976.0
2015-01-07 00:00:00,530452.0
2015-01-08 00:00:00,382756.0
2015-01-09 00:00:00,674360.0
2015-01-12 00:00:00,707068.0
2015-01-13 00:00:00,749914.0
2015-01-14 00:00:00,743106.0
2015-01-15 00:00:00,1754276.0
2015-01-16 00:00:00,1158206.0
2015-01-19 00:00:00,981420.0
2015-01-20 00:00:00,848136.0
2015-01-21 00:00:00,694468.0
2015-01-22 00:00:00,1038368.0
2015-01-23 00:00:00,1185602.0
2015-01-26 00:00:00,1511950.0
2015-01-27 00:00:00,1239414.0
2015-01-28 00:00:00,1243006.0
2015-01-29 00:00:00,1090418.0
2015-01-30 00:00:00,1157312.0
2015-02-02 00:00:00,1038834.0
2015-02-03 00:00:00,993632.0
2015-02-04 00:00:00,1102026.0
2015-02-05 00:00:00,960306.0
2015-02-06 00:00:00,902920.0
2015-02-09 00:00:00,797276.0
2015-02-10 00:00:00,559328.0
2015-02-11 00:00:00,688454.0
2015-02-12 00:00:00,538908.0
2015-02-13 00:00:00,863414.0
2015-02-16 00:00:00,503316.0
2015-02-17 00:00:00,351092.0
2015-02-25 00:00:00,240066.0
2015-02-26 00:00:00,659552.0
2015-02-27 00:00:00,760786.0
2015-03-02 00:00:00,709090.0
2015-03-03 00:00:00,686820.0
2015-03-04 00:00:00,475254.0
2015-03-05 00:00:00,506052.0
2015-03-06 00:00:00,513392.0
2015-03-09 00:00:00,781842.0
2015-03-10 00:00:00,632760.0
2015-03-11 00:00:00,527240.0
2015-03-12 00:00:00,769060.0
2015-03-13 00:00:00,722832.0
2015-03-16 00:00:00,540210.0
2015-03-17 00:00:00,687334.0
2015-03-18 00:00:00,809804.0
2015-03-19 00:00:00,823434.0
2015-03-20 00:00:00,842140.0
2015-03-23 00:00:00,1440572.0
2015-03-24 00:00:00,1023558.0
2015-03-25 00:00:00,770224.0
2015-03-26 00:00:00,754640.0
2015-03-27 00:00:00,980498.0
2015-03-30 00:00:00,741690.0
2015-03-31 00:00:00,694592.0
2015-04-01 00:00:00,650576.0
2015-04-02 00:00:00,716732.0
2015-04-03 00:00:00,454238.0
2015-04-07 00:00:00,216798.0
2015-04-08 00:00:00,461036.0
2015-04-09 00:00:00,421534.0
2015-04-10 00:00:00,426998.0
2015-04-13 00:00:00,524350.0
2015-04-14 00:00:00,661286.0
2015-04-15 00:00:00,556156.0
2015-04-16 00:00:00,497224.0
2015-04-17 00:00:00,551452.0
2015-04-20 00:00:00,494236.0
2015-04-21 00:00:00,522470.0
2015-04-22 00:00:00,421158.0
2015-04-23 00:00:00,668074.0
2015-04-24 00:00:00,462188.0
2015-04-27 00:00:00,698006.0
2015-04-28 00:00:00,621970.0
2015-04-29 00:00:00,571242.0
2015-04-30 00:00:00,578256.0
2015-05-04 00:00:00,508940.0
2015-05-05 00:00:00,424744.0
2015-05-06 00:00:00,712378.0
2015-05-07 00:00:00,482314.0
2015-05-08 00:00:00,412482.0
2015-05-11 00:00:00,434946.0
2015-05-12 00:00:00,308978.0
2015-05-13 00:00:00,398982.0
2015-05-14 00:00:00,406874.0
2015-05-15 00:00:00,316094.0
2015-05-18 00:00:00,339862.0
2015-05-19 00:00:00,370388.0
2015-05-20 00:00:00,670764.0
2015-05-21 00:00:00,383358.0
2015-05-22 00:00:00,309922.0
2015-05-25 00:00:00,346900.0
2015-05-26 00:00:00,502982.0
2015-05-27 00:00:00,519782.0
2015-05-28 00:00:00,553166.0
2015-05-29 00:00:00,398226.0
2015-06-01 00:00:00,469110.0
2015-06-02 00:00:00,391780.0
2015-06-03 00:00:00,362280.0
2015-06-04 00:00:00,387730.0
2015-06-05 00:00:00,518964.0
2015-06-08 00:00:00,372568.0
2015-06-09 00:00:00,259380.0
2015-06-10 00:00:00,269096.0
2015-06-11 00:00:00,316796.0
2015-06-12 00:00:00,481236.0
2015-06-15 00:00:00,350362.0
2015-06-16 00:00:00,372958.0
2015-06-17 00:00:00,339942.0
2015-06-18 00:00:00,366180.0
2015-06-19 00:00:00,401044.0
2015-06-23 00:00:00,231438.0
2015-06-24 00:00:00,411104.0
2015-06-25 00:00:00,553546.0
2015-06-26 00:00:00,564038.0
2015-06-29 00:00:00,748974.0
2015-06-30 00:00:00,552070.0
2015-07-01 00:00:00,545670.0
2015-07-02 00:00:00,370016.0
2015-07-03 00:00:00,370564.0
2015-07-06 00:00:00,834128.0
2015-07-07 00:00:00,810306.0
2015-07-08 00:00:00,1914418.0
2015-07-09 00:00:00,1340274.0
2015-07-10 00:00:00,964754.0
2015-07-13 00:00:00,640452.0
2015-07-14 00:00:00,475216.0
2015-07-15 00:00:00,486206.0
2015-07-16 00:00:00,604440.0
2015-07-17 00:00:00,356674.0
2015-07-20 00:00:00,652972.0
2015-07-21 00:00:00,447860.0
2015-07-22 00:00:00,642684.0
2015-07-23 00:00:00,707446.0
2015-07-24 00:00:00,990218.0
2015-07-27 00:00:00,793434.0
2015-07-28 00:00:00,707330.0
2015-07-29 00:00:00,888322.0
2015-07-30 00:00:00,626718.0
2015-07-31 00:00:00,558094.0
2015-08-03 00:00:00,735446.0
2015-08-04 00:00:00,690854.0
2015-08-05 00:00:00,443658.0
2015-08-06 00:00:00,419306.0
2015-08-07 00:00:00,744056.0
2015-08-10 00:00:00,574904.0
2015-08-11 00:00:00,1165422.0
2015-08-12 00:00:00,1097946.0
2015-08-13 00:00:00,816488.0
2015-08-14 00:00:00,480966.0
2015-08-17 00:00:00,495184.0
2015-08-18 00:00:00,450516.0
2015-08-19 00:00:00,693282.0
2015-08-20 00:00:00,558428.0
2015-08-21 00:00:00,591204.0
2015-08-24 00:00:00,1200346.0
2015-08-25 00:00:00,1256568.0
2015-08-26 00:00:00,871868.0
2015-08-27 00:00:00,788120.0
2015-08-28 00:00:00,842236.0
2015-08-31 00:00:00,599454.0
2015-09-01 00:00:00,532206.0
2015-09-02 00:00:00,387062.0
2015-09-07 00:00:00,291984.0
2015-09-08 00:00:00,458962.0
2015-09-09 00:00:00,1333460.0
2015-09-10 00:00:00,857194.0
2015-09-11 00:00:00,718222.0
2015-09-14 00:00:00,728602.0
2015-09-15 00:00:00,692412.0
2015-09-16 00:00:00,761200.0
2015-09-17 00:00:00,924282.0
2015-09-18 00:00:00,685038.0
2015-09-21 00:00:00,945512.0
2015-09-22 00:00:00,597050.0
2015-09-23 00:00:00,1245774.0
2015-09-24 00:00:00,755824.0
2015-09-25 00:00:00,915322.0
2015-09-28 00:00:00,408352.0
2015-09-29 00:00:00,820372.0
2015-09-30 00:00:00,542470.0
2015-10-08 00:00:00,418686.0
2015-10-09 00:00:00,1035088.0
2015-10-12 00:00:00,772434.0
2015-10-13 00:00:00,597274.0
2015-10-14 00:00:00,558550.0
2015-10-15 00:00:00,620570.0
2015-10-16 00:00:00,600624.0
2015-10-19 00:00:00,611134.0
2015-10-20 00:00:00,596440.0
2015-10-21 00:00:00,645310.0
2015-10-22 00:00:00,675276.0
2015-10-23 00:00:00,861046.0
2015-10-26 00:00:00,923642.0
2015-10-27 00:00:00,724966.0
2015-10-28 00:00:00,667650.0
2015-10-29 00:00:00,795608.0
2015-10-30 00:00:00,686744.0
2015-11-02 00:00:00,515968.0
2015-11-03 00:00:00,415732.0
2015-11-04 00:00:00,576468.0
2015-11-05 00:00:00,777342.0
2015-11-06 00:00:00,875070.0
2015-11-09 00:00:00,770350.0
2015-11-10 00:00:00,904604.0
2015-11-11 00:00:00,830440.0
2015-11-12 00:00:00,604990.0
2015-11-13 00:00:00,1138536.0
2015-11-16 00:00:00,762192.0
2015-11-17 00:00:00,1662608.0
2015-11-18 00:00:00,1267430.0
2015-11-19 00:00:00,1203752.0
2015-11-20 00:00:00,1315930.0
2015-11-23 00:00:00,1644808.0
2015-11-24 00:00:00,1497388.0
2015-11-25 00:00:00,1855652.0
2015-11-26 00:00:00,1951954.0
2015-11-27 00:00:00,1391998.0
2015-11-30 00:00:00,1503454.0
2015-12-01 00:00:00,1244960.0
2015-12-02 00:00:00,1041448.0
2015-12-03 00:00:00,1109142.0
2015-12-04 00:00:00,1086412.0
2015-12-07 00:00:00,954588.0
2015-12-08 00:00:00,792392.0
2015-12-09 00:00:00,812702.0
2015-12-10 00:00:00,826824.0
2015-12-11 00:00:00,870914.0
2015-12-14 00:00:00,1059144.0
2015-12-15 00:00:00,854578.0
2015-12-16 00:00:00,799690.0
2015-12-17 00:00:00,903596.0
2015-12-18 00:00:00,825270.0
2015-12-21 00:00:00,891608.0
2015-12-22 00:00:00,852240.0
2015-12-23 00:00:00,804104.0
2015-12-24 00:00:00,740120.0
2015-12-25 00:00:00,392566.0
2015-12-28 00:00:00,570498.0
2015-12-29 00:00:00,601028.0
2015-12-30 00:00:00,908466.0
2015-12-31 00:00:00,688624.0
2016-01-04 00:00:00,554668.0
2016-01-05 00:00:00,768126.0
2016-01-06 00:00:00,786632.0
2016-01-07 00:00:00,966768.0
2016-01-08 00:00:00,1449068.0
2016-01-11 00:00:00,965366.0
2016-01-12 00:00:00,933030.0
2016-01-13 00:00:00,884684.0
2016-01-14 00:00:00,991560.0
2016-01-15 00:00:00,824152.0
2016-01-18 00:00:00,983902.0
2016-01-19 00:00:00,881620.0
2016-01-20 00:00:00,691348.0
2016-01-21 00:00:00,763060.0
2016-01-22 00:00:00,768696.0
2016-01-25 00:00:00,591800.0
2016-01-26 00:00:00,632460.0
2016-01-27 00:00:00,914748.0
2016-01-28 00:00:00,668118.0
2016-01-29 00:00:00,773856.0
2016-02-01 00:00:00,546018.0
2016-02-02 00:00:00,391662.0
2016-02-03 00:00:00,514590.0
2016-02-04 00:00:00,588578.0
2016-02-05 00:00:00,401834.0
2016-02-15 00:00:00,380022.0
2016-02-16 00:00:00,475874.0
2016-02-17 00:00:00,533292.0
2016-02-18 00:00:00,363974.0
2016-02-19 00:00:00,542920.0
2016-02-22 00:00:00,601836.0
2016-02-23 00:00:00,481704.0
2016-02-24 00:00:00,549762.0
2016-02-25 00:00:00,672488.0
2016-02-26 00:00:00,702670.0
2016-02-29 00:00:00,1321548.0
2016-03-01 00:00:00,896108.0
2016-03-02 00:00:00,1033420.0
2016-03-03 00:00:00,897604.0
2016-03-04 00:00:00,1150426.0
2016-03-07 00:00:00,1560806.0
2016-03-08 00:00:00,1344380.0
2016-03-09 00:00:00,1224738.0
2016-03-10 00:00:00,737870.0
2016-03-11 00:00:00,728418.0
2016-03-14 00:00:00,753092.0
2016-03-15 00:00:00,707070.0
2016-03-16 00:00:00,636728.0
2016-03-17 00:00:00,663340.0
2016-03-18 00:00:00,1150628.0
2016-03-21 00:00:00,747510.0
2016-03-22 00:00:00,610660.0
2016-03-23 00:00:00,534870.0
2016-03-24 00:00:00,919750.0
2016-03-25 00:00:00,365214.0
2016-03-28 00:00:00,316114.0
2016-03-29 00:00:00,576176.0
2016-03-30 00:00:00,887750.0
2016-03-31 00:00:00,703364.0
2016-04-01 00:00:00,584210.0
2016-04-05 00:00:00,340888.0
2016-04-06 00:00:00,367660.0
2016-04-07 00:00:00,399588.0
2016-04-08 00:00:00,775224.0
2016-04-11 00:00:00,657058.0
2016-04-12 00:00:00,588494.0
2016-04-13 00:00:00,1211294.0
2016-04-14 00:00:00,560386.0
2016-04-15 00:00:00,518336.0
2016-04-18 00:00:00,636206.0
2016-04-19 00:00:00,658758.0
2016-04-20 00:00:00,1038870.0
2016-04-21 00:00:00,1056332.0
2016-04-22 00:00:00,1007736.0
2016-04-25 00:00:00,1045428.0
2016-04-26 00:00:00,713566.0
2016-04-27 00:00:00,524002.0
2016-04-28 00:00:00,703328.0
2016-04-29 00:00:00,536194.0
2016-05-03 00:00:00,402716.0
2016-05-04 00:00:00,568594.0
2016-05-05 00:00:00,612972.0
2016-05-06 00:00:00,598636.0
2016-05-09 00:00:00,899926.0
2016-05-10 00:00:00,609972.0
2016-05-11 00:00:00,528646.0
2016-05-12 00:00:00,689310.0
2016-05-13 00:00:00,1011148.0
2016-05-16 00:00:00,595480.0
2016-05-17 00:00:00,533474.0
2016-05-18 00:00:00,755268.0
2016-05-19 00:00:00,689618.0
2016-05-20 00:00:00,665032.0
2016-05-23 00:00:00,754174.0
2016-05-24 00:00:00,540080.0
2016-05-25 00:00:00,652432.0
2016-05-26 00:00:00,592364.0
2016-05-27 00:00:00,635504.0
2016-05-30 00:00:00,487632.0
2016-05-31 00:00:00,413576.0
2016-06-01 00:00:00,630012.0
2016-06-02 00:00:00,486704.0
2016-06-03 00:00:00,499942.0
2016-06-06 00:00:00,547058.0
2016-06-07 00:00:00,440368.0
2016-06-08 00:00:00,570120.0
2016-06-13 00:00:00,474634.0
2016-06-14 00:00:00,481612.0
2016-06-15 00:00:00,432592.0
2016-06-16 00:00:00,492676.0
2016-06-17 00:00:00,435942.0
2016-06-20 00:00:00,375208.0
2016-06-21 00:00:00,432338.0
2016-06-22 00:00:00,575902.0
2016-06-23 00:00:00,436156.0
2016-06-24 00:00:00,888852.0
2016-06-27 00:00:00,638608.0
2016-06-28 00:00:00,737846.0
2016-06-29 00:00:00,550646.0
2016-06-30 00:00:00,601576.0
2016-07-01 00:00:00,563700.0
2016-07-04 00:00:00,1093906.0
2016-07-05 00:00:00,769382.0
2016-07-06 00:00:00,715768.0
2016-07-07 00:00:00,581276.0
2016-07-08 00:00:00,587166.0
2016-07-11 00:00:00,456084.0
2016-07-12 00:00:00,394978.0
2016-07-13 00:00:00,1312548.0
2016-07-14 00:00:00,666484.0
2016-07-15 00:00:00,539064.0
2016-07-18 00:00:00,742894.0
2016-07-19 00:00:00,656446.0
2016-07-20 00:00:00,732716.0
2016-07-21 00:00:00,586998.0
2016-07-22 00:00:00,556664.0
2016-07-25 00:00:00,684512.0
2016-07-26 00:00:00,534382.0
2016-07-27 00:00:00,524286.0
2016-07-28 00:00:00,542522.0
2016-07-29 00:00:00,567460.0
2016-08-01 00:00:00,665700.0
2016-08-02 00:00:00,505384.0
2016-08-03 00:00:00,571322.0
2016-08-04 00:00:00,552198.0
2016-08-05 00:00:00,468180.0
2016-08-08 00:00:00,402066.0
2016-08-09 00:00:00,436046.0
2016-08-10 00:00:00,359716.0
2016-08-11 00:00:00,370900.0
2016-08-12 00:00:00,257364.0
2016-08-15 00:00:00,374498.0
2016-08-16 00:00:00,319696.0
2016-08-17 00:00:00,261732.0
2016-08-18 00:00:00,266096.0
2016-08-19 00:00:00,232544.0
2016-08-22 00:00:00,270688.0
2016-08-23 00:00:00,233708.0
2016-08-24 00:00:00,408048.0
2016-08-25 00:00:00,508670.0
2016-08-26 00:00:00,291384.0
2016-08-29 00:00:00,307672.0
2016-08-30 00:00:00,234470.0
2016-08-31 00:00:00,269064.0
2016-09-01 00:00:00,297214.0
2016-09-02 00:00:00,314786.0
2016-09-05 00:00:00,277014.0
2016-09-06 00:00:00,241836.0
2016-09-07 00:00:00,348632.0
2016-09-08 00:00:00,283312.0
2016-09-09 00:00:00,240476.0
2016-09-12 00:00:00,432404.0
2016-09-13 00:00:00,310750.0
2016-09-14 00:00:00,303030.0
2016-09-19 00:00:00,269642.0
2016-09-20 00:00:00,220050.0
2016-09-21 00:00:00,290070.0
2016-09-22 00:00:00,381678.0
2016-09-23 00:00:00,323262.0
2016-09-26 00:00:00,250736.0
2016-09-27 00:00:00,345998.0
2016-09-28 00:00:00,286806.0
2016-09-29 00:00:00,317120.0
2016-09-30 00:00:00,236394.0
2016-10-10 00:00:00,177454.0
2016-10-11 00:00:00,376592.0
2016-10-12 00:00:00,284318.0
2016-10-13 00:00:00,333332.0
2016-10-14 00:00:00,384682.0
2016-10-17 00:00:00,305604.0
2016-10-18 00:00:00,197520.0
2016-10-19 00:00:00,291044.0
2016-10-20 00:00:00,334012.0
2016-10-21 00:00:00,259630.0
2016-10-24 00:00:00,270244.0
2016-10-25 00:00:00,679958.0
2016-10-26 00:00:00,473680.0
2016-10-27 00:00:00,275404.0
2016-10-28 00:00:00,401906.0
2016-10-31 00:00:00,402342.0
2016-11-01 00:00:00,377284.0
2016-11-02 00:00:00,527748.0
2016-11-03 00:00:00,264640.0
2016-11-04 00:00:00,457134.0
2016-11-07 00:00:00,796932.0
2016-11-08 00:00:00,670080.0
2016-11-09 00:00:00,1199342.0
2016-11-10 00:00:00,727978.0
2016-11-11 00:00:00,1464194.0
2016-11-14 00:00:00,1825820.0
2016-11-15 00:00:00,1121340.0
2016-11-16 00:00:00,745132.0
2016-11-17 00:00:00,524390.0
2016-11-18 00:00:00,575622.0
2016-11-21 00:00:00,767484.0
2016-11-22 00:00:00,645616.0
2016-11-23 00:00:00,514134.0
2016-11-24 00:00:00,1033336.0
2016-11-25 00:00:00,808098.0
2016-11-28 00:00:00,861142.0
2016-11-29 00:00:00,952370.0
2016-11-30 00:00:00,1060130.0
2016-12-01 00:00:00,786646.0
2016-12-02 00:00:00,532044.0
2016-12-05 00:00:00,547526.0
2016-12-06 00:00:00,547898.0
2016-12-07 00:00:00,522870.0
2016-12-08 00:00:00,577144.0
2016-12-09 00:00:00,543996.0
2016-12-12 00:00:00,503066.0
2016-12-13 00:00:00,461058.0
2016-12-14 00:00:00,441080.0
2016-12-15 00:00:00,416490.0
2016-12-16 00:00:00,380458.0
2016-12-19 00:00:00,401666.0
2016-12-20 00:00:00,501370.0
2016-12-21 00:00:00,295458.0
2016-12-22 00:00:00,317626.0
2016-12-23 00:00:00,418922.0
2016-12-26 00:00:00,493314.0
2016-12-27 00:00:00,335248.0
2016-12-28 00:00:00,446704.0
2016-12-29 00:00:00,379108.0
2016-12-30 00:00:00,327078.0
2017-01-03 00:00:00,301118.0
2017-01-04 00:00:00,446814.0
2017-01-05 00:00:00,457952.0
2017-01-06 00:00:00,372410.0
2017-01-09 00:00:00,297674.0
2017-01-10 00:00:00,429558.0
2017-01-11 00:00:00,535484.0
2017-01-12 00:00:00,408264.0
2017-01-13 00:00:00,487058.0
2017-01-16 00:00:00,470360.0
2017-01-17 00:00:00,426226.0
2017-01-18 00:00:00,487504.0
2017-01-19 00:00:00,299478.0
2017-01-20 00:00:00,352208.0
2017-01-23 00:00:00,345510.0
2017-01-24 00:00:00,281678.0
2017-01-25 00:00:00,324854.0
2017-01-26 00:00:00,292748.0
2017-02-03 00:00:00,220230.0
2017-02-06 00:00:00,271540.0
2017-02-07 00:00:00,231016.0
2017-02-08 00:00:00,367116.0
2017-02-09 00:00:00,321496.0
2017-02-10 00:00:00,506034.0
2017-02-13 00:00:00,1107284.0
2017-02-14 00:00:00,560618.0
2017-02-15 00:00:00,768962.0
2017-02-16 00:00:00,572260.0
2017-02-17 00:00:00,540424.0
2017-02-20 00:00:00,469922.0
2017-02-21 00:00:00,464456.0
2017-02-22 00:00:00,405524.0
2017-02-23 00:00:00,430502.0
2017-02-24 00:00:00,643938.0
2017-02-27 00:00:00,493350.0
2017-02-28 00:00:00,445030.0
2017-03-01 00:00:00,555116.0
2017-03-02 00:00:00,412060.0
2017-03-03 00:00:00,441100.0
2017-03-06 00:00:00,438250.0
2017-03-07 00:00:00,345352.0
2017-03-08 00:00:00,541890.0
2017-03-09 00:00:00,557256.0
2017-03-10 00:00:00,459712.0
2017-03-13 00:00:00,560382.0
2017-03-14 00:00:00,341274.0
2017-03-15 00:00:00,446634.0
2017-03-16 00:00:00,431330.0
2017-03-17 00:00:00,314132.0
2017-03-20 00:00:00,340172.0
2017-03-21 00:00:00,487778.0
2017-03-22 00:00:00,481314.0
2017-03-23 00:00:00,364696.0
2017-03-24 00:00:00,382464.0
2017-03-27 00:00:00,510670.0
2017-03-28 00:00:00,614250.0
2017-03-29 00:00:00,504888.0
2017-03-30 00:00:00,416436.0
2017-03-31 00:00:00,639582.0
2017-04-05 00:00:00,287370.0
2017-04-06 00:00:00,479426.0
2017-04-07 00:00:00,676268.0
2017-04-10 00:00:00,508954.0
2017-04-11 00:00:00,535680.0
2017-04-12 00:00:00,748756.0
2017-04-13 00:00:00,795228.0
2017-04-14 00:00:00,464446.0
2017-04-17 00:00:00,659282.0
2017-04-18 00:00:00,523864.0
2017-04-19 00:00:00,713446.0
2017-04-20 00:00:00,828866.0
2017-04-21 00:00:00,556674.0
2017-04-24 00:00:00,530774.0
2017-04-25 00:00:00,505076.0
2017-04-26 00:00:00,431600.0
2017-04-27 00:00:00,352084.0
2017-04-28 00:00:00,526238.0
2017-05-02 00:00:00,270500.0
2017-05-03 00:00:00,232610.0
2017-05-04 00:00:00,605012.0
2017-05-05 00:00:00,498478.0
2017-05-08 00:00:00,600982.0
2017-05-09 00:00:00,428134.0
2017-05-10 00:00:00,363512.0
2017-05-11 00:00:00,445908.0
2017-05-12 00:00:00,417648.0
2017-05-15 00:00:00,342662.0
2017-05-16 00:00:00,314304.0
2017-05-17 00:00:00,349136.0
2017-05-18 00:00:00,377840.0
2017-05-19 00:00:00,419212.0
2017-05-22 00:00:00,485786.0
2017-05-23 00:00:00,332996.0
2017-05-24 00:00:00,408596.0
2017-05-25 00:00:00,341520.0
2017-05-26 00:00:00,423956.0
2017-05-31 00:00:00,409246.0
2017-06-01 00:00:00,385776.0
2017-06-02 00:00:00,317476.0
2017-06-05 00:00:00,381014.0
2017-06-06 00:00:00,337548.0
2017-06-07 00:00:00,489132.0
2017-06-08 00:00:00,369026.0
2017-06-09 00:00:00,511426.0
2017-06-12 00:00:00,432374.0
2017-06-13 00:00:00,335980.0
2017-06-14 00:00:00,364814.0
2017-06-15 00:00:00,371256.0
2017-06-16 00:00:00,312870.0
2017-06-19 00:00:00,264076.0
2017-06-20 00:00:00,279678.0
2017-06-21 00:00:00,313110.0
2017-06-22 00:00:00,374244.0
2017-06-23 00:00:00,387070.0
2017-06-26 00:00:00,331806.0
2017-06-27 00:00:00,298488.0
2017-06-28 00:00:00,341622.0
2017-06-29 00:00:00,563058.0
2017-06-30 00:00:00,407548.0
2017-07-03 00:00:00,220374.0
2017-07-04 00:00:00,360400.0
2017-07-05 00:00:00,251152.0
2017-07-06 00:00:00,276004.0
2017-07-07 00:00:00,227154.0
2017-07-10 00:00:00,294256.0
2017-07-11 00:00:00,310350.0
2017-07-12 00:00:00,385758.0
2017-07-13 00:00:00,265634.0
2017-07-14 00:00:00,278330.0
2017-07-17 00:00:00,424128.0
2017-07-18 00:00:00,336984.0
2017-07-19 00:00:00,253424.0
2017-07-20 00:00:00,324920.0
2017-07-21 00:00:00,369110.0
2017-07-24 00:00:00,286930.0
2017-07-25 00:00:00,510854.0
2017-07-26 00:00:00,1020874.0
2017-07-27 00:00:00,470518.0
2017-07-28 00:00:00,471982.0
2017-07-31 00:00:00,569070.0
2017-08-01 00:00:00,344670.0
2017-08-02 00:00:00,390272.0
2017-08-03 00:00:00,412174.0
2017-08-04 00:00:00,379702.0
2017-08-07 00:00:00,524332.0
2017-08-08 00:00:00,537476.0
2017-08-09 00:00:00,656388.0
2017-08-10 00:00:00,463836.0
2017-08-11 00:00:00,621744.0
2017-08-14 00:00:00,366302.0
2017-08-15 00:00:00,267836.0
2017-08-16 00:00:00,338938.0
2017-08-17 00:00:00,652112.0
2017-08-18 00:00:00,394542.0
2017-08-21 00:00:00,612274.0
2017-08-22 00:00:00,595062.0
2017-08-23 00:00:00,503210.0
2017-08-24 00:00:00,446510.0
2017-08-25 00:00:00,593400.0
2017-08-28 00:00:00,530498.0
2017-08-29 00:00:00,429072.0
2017-08-30 00:00:00,409842.0
2017-08-31 00:00:00,380372.0
2017-09-01 00:00:00,355414.0
2017-09-04 00:00:00,447920.0
2017-09-05 00:00:00,365220.0
2017-09-06 00:00:00,437974.0
2017-09-07 00:00:00,446448.0
2017-09-08 00:00:00,659814.0
2017-09-11 00:00:00,547776.0
2017-09-12 00:00:00,394276.0
2017-09-13 00:00:00,413560.0
2017-09-14 00:00:00,506174.0
2017-09-15 00:00:00,435278.0
2017-09-18 00:00:00,489236.0
2017-09-19 00:00:00,314756.0
2017-09-20 00:00:00,309254.0
2017-09-21 00:00:00,462324.0
2017-09-22 00:00:00,597392.0
2017-09-25 00:00:00,445178.0
2017-09-26 00:00:00,323746.0
2017-09-27 00:00:00,365124.0
2017-09-28 00:00:00,464342.0
2017-09-29 00:00:00,569976.0
2017-10-09 00:00:00,274184.0
2017-10-10 00:00:00,414314.0
2017-10-11 00:00:00,515748.0
2017-10-12 00:00:00,818248.0
2017-10-13 00:00:00,445082.0
2017-10-16 00:00:00,961428.0
2017-10-17 00:00:00,741162.0
2017-10-18 00:00:00,495656.0
2017-10-19 00:00:00,451556.0
2017-10-20 00:00:00,496226.0
2017-10-23 00:00:00,522362.0
2017-10-24 00:00:00,555602.0
2017-10-25 00:00:00,622050.0
2017-10-26 00:00:00,456438.0
2017-10-27 00:00:00,535800.0
2017-10-30 00:00:00,461180.0
2017-10-31 00:00:00,372080.0
2017-11-01 00:00:00,531750.0
2017-11-02 00:00:00,407394.0
2017-11-03 00:00:00,509414.0
2017-11-06 00:00:00,480572.0
2017-11-07 00:00:00,359698.0
2017-11-08 00:00:00,561064.0
2017-11-09 00:00:00,469200.0
2017-11-10 00:00:00,334198.0
2017-11-13 00:00:00,285904.0
2017-11-14 00:00:00,817714.0
2017-11-15 00:00:00,702502.0
2017-11-16 00:00:00,363894.0
2017-11-17 00:00:00,344796.0
2017-11-20 00:00:00,309540.0
2017-11-21 00:00:00,354770.0
2017-11-22 00:00:00,418352.0
2017-11-23 00:00:00,318556.0
2017-11-24 00:00:00,307146.0
2017-11-27 00:00:00,405636.0
2017-11-28 00:00:00,402816.0
2017-11-29 00:00:00,377456.0
2017-11-30 00:00:00,496148.0
2017-12-01 00:00:00,293878.0
2017-12-04 00:00:00,432498.0
2017-12-05 00:00:00,425182.0
2017-12-06 00:00:00,747820.0
2017-12-07 00:00:00,381640.0
2017-12-08 00:00:00,434718.0
2017-12-11 00:00:00,442654.0
2017-12-12 00:00:00,491962.0
2017-12-13 00:00:00,355220.0
2017-12-14 00:00:00,377636.0
2017-12-15 00:00:00,369546.0
2017-12-18 00:00:00,423612.0
2017-12-19 00:00:00,315638.0
2017-12-20 00:00:00,267456.0
2017-12-21 00:00:00,404032.0
2017-12-22 00:00:00,312926.0
2017-12-25 00:00:00,394726.0
2017-12-26 00:00:00,350528.0
2017-12-27 00:00:00,361240.0
2017-12-28 00:00:00,505012.0
2017-12-29 00:00:00,401146.0
2018-01-02 00:00:00,296494.0
2018-01-03 00:00:00,302504.0
2018-01-04 00:00:00,371474.0
2018-01-05 00:00:00,305302.0
2018-01-08 00:00:00,372726.0
2018-01-09 00:00:00,326350.0
2018-01-10 00:00:00,296418.0
2018-01-11 00:00:00,284844.0
2018-01-12 00:00:00,371024.0
2018-01-15 00:00:00,386360.0
2018-01-16 00:00:00,358022.0
2018-01-17 00:00:00,407884.0
2018-01-18 00:00:00,356982.0
2018-01-19 00:00:00,317160.0
2018-01-22 00:00:00,422078.0
2018-01-23 00:00:00,359086.0
2018-01-24 00:00:00,552902.0
2018-01-25 00:00:00,763440.0
2018-01-26 00:00:00,402208.0
2018-01-29 00:00:00,440908.0
2018-01-30 00:00:00,445280.0
2018-01-31 00:00:00,408958.0
2018-02-01 00:00:00,307962.0
2018-02-02 00:00:00,383170.0
2018-02-05 00:00:00,427842.0
2018-02-06 00:00:00,639578.0
2018-02-07 00:00:00,448176.0
2018-02-08 00:00:00,713510.0
2018-02-09 00:00:00,491488.0
2018-02-12 00:00:00,485080.0
2018-02-13 00:00:00,347682.0
2018-02-14 00:00:00,303840.0
2018-02-22 00:00:00,184906.0
2018-02-23 00:00:00,577956.0
2018-02-26 00:00:00,441042.0
2018-02-27 00:00:00,343740.0
2018-02-28 00:00:00,496786.0
2018-03-01 00:00:00,373664.0
2018-03-02 00:00:00,411280.0
2018-03-05 00:00:00,383330.0
2018-03-06 00:00:00,403224.0
2018-03-07 00:00:00,357754.0
2018-03-08 00:00:00,351082.0
2018-03-09 00:00:00,519992.0
2018-03-12 00:00:00,572216.0
2018-03-13 00:00:00,367660.0
2018-03-14 00:00:00,367838.0
2018-03-15 00:00:00,403154.0
2018-03-16 00:00:00,335104.0
2018-03-19 00:00:00,469346.0
2018-03-20 00:00:00,352238.0
2018-03-21 00:00:00,482568.0
2018-03-22 00:00:00,522250.0
2018-03-23 00:00:00,759144.0
2018-03-26 00:00:00,721444.0
2018-03-27 00:00:00,611440.0
2018-03-28 00:00:00,478296.0
2018-03-29 00:00:00,813542.0
2018-03-30 00:00:00,444500.0
2018-04-02 00:00:00,353236.0
2018-04-03 00:00:00,442074.0
2018-04-04 00:00:00,358408.0
2018-04-09 00:00:00,408070.0
2018-04-10 00:00:00,471852.0
2018-04-11 00:00:00,471446.0
2018-04-12 00:00:00,533042.0
2018-04-13 00:00:00,429052.0
2018-04-16 00:00:00,423130.0
2018-04-17 00:00:00,428544.0
2018-04-18 00:00:00,461606.0
2018-04-19 00:00:00,664106.0
2018-04-20 00:00:00,448398.0
2018-04-23 00:00:00,401534.0
2018-04-24 00:00:00,473690.0
2018-04-25 00:00:00,418446.0
2018-04-26 00:00:00,436588.0
2018-04-27 00:00:00,414948.0
2018-05-02 00:00:00,286848.0
2018-05-03 00:00:00,320076.0
2018-05-04 00:00:00,364242.0
2018-05-07 00:00:00,329234.0
2018-05-08 00:00:00,281320.0
2018-05-09 00:00:00,485202.0
2018-05-10 00:00:00,378404.0
2018-05-11 00:00:00,365980.0
2018-05-14 00:00:00,343898.0
2018-05-15 00:00:00,319736.0
2018-05-16 00:00:00,350978.0
2018-05-17 00:00:00,255618.0
2018-05-18 00:00:00,242892.0
2018-05-21 00:00:00,427112.0
2018-05-22 00:00:00,259974.0
2018-05-23 00:00:00,455482.0
2018-05-24 00:00:00,323468.0
2018-05-25 00:00:00,301100.0
2018-05-28 00:00:00,256212.0
2018-05-29 00:00:00,329972.0
2018-05-30 00:00:00,658832.0
2018-05-31 00:00:00,408142.0
2018-06-01 00:00:00,354838.0
2018-06-04 00:00:00,451948.0
2018-06-05 00:00:00,381700.0
2018-06-06 00:00:00,613506.0
2018-06-07 00:00:00,688718.0
2018-06-08 00:00:00,611982.0
