2013/10/18,I1405.DCE,65042.0,977.0,1,977.0,0.075651568,N
2013/10/21,I1405.DCE,68130.0,969.0,1,969.0,0.098898766,N
2013/10/22,I1405.DCE,76004.0,948.0,1,948.0,0.091191698,N
2013/10/23,I1405.DCE,81162.0,939.0,1,939.0,0.065485127,N
2013/10/24,I1405.DCE,87872.0,926.0,1,926.0,0.05301514,-0.052200614124872056
2013/10/25,I1405.DCE,86472.0,918.0,1,918.0,0.050110963,-0.05263157894736842
2013/10/28,I1405.DCE,93480.0,923.0,1,923.0,0.063266284,-0.026371308016877638
2013/10/29,I1405.DCE,99058.0,921.0,1,921.0,0.060034844,-0.019169329073482427
2013/10/30,I1405.DCE,91262.0,924.0,1,924.0,0.069926451,-0.0021598272138228943
2013/10/31,I1405.DCE,84820.0,922.0,1,922.0,0.06670589,0.004357298474945534
2013/11/1,I1405.DCE,107582.0,942.0,1,942.0,0.052106913,0.020585048754062838
2013/11/4,I1405.DCE,122298.0,950.0,1,950.0,0.067991123,0.031487513572204126
2013/11/5,I1405.DCE,121942.0,946.0,1,946.0,0.061712386,0.023809523809523808
2013/11/6,I1405.DCE,123650.0,944.0,1,944.0,0.06184447,0.02386117136659436
2013/11/7,I1405.DCE,124958.0,945.0,1,945.0,0.055215967,0.0031847133757961785
2013/11/8,I1405.DCE,120532.0,939.0,1,939.0,0.052274828,-0.011578947368421053
2013/11/11,I1405.DCE,112342.0,942.0,1,942.0,0.055393425,-0.004228329809725159
2013/11/12,I1405.DCE,107938.0,943.0,1,943.0,0.055334146,-0.001059322033898305
2013/11/13,I1405.DCE,110812.0,943.0,1,943.0,0.061910725,-0.0021164021164021165
2013/11/14,I1405.DCE,103446.0,937.0,1,937.0,0.055691737,-0.002129925452609159
2013/11/15,I1405.DCE,102752.0,931.0,1,931.0,0.052727937,-0.01167728237791932
2013/11/18,I1405.DCE,99378.0,932.0,1,932.0,0.046036915,-0.01166489925768823
2013/11/19,I1405.DCE,106904.0,942.0,1,942.0,0.055393425,-0.0010604453870625664
2013/11/20,I1405.DCE,104228.0,942.0,1,942.0,0.055393425,0.005336179295624333
2013/11/21,I1405.DCE,105090.0,932.0,1,932.0,0.049352083,0.0010741138560687433
2013/11/22,I1405.DCE,106092.0,931.0,1,931.0,0.04608674,-0.001072961373390558
2013/11/25,I1405.DCE,104188.0,933.0,1,933.0,0.049298756,-0.009554140127388535
2013/11/26,I1405.DCE,108162.0,941.0,1,941.0,0.052162765,-0.0010615711252653928
2013/11/27,I1405.DCE,106536.0,936.0,1,936.0,0.045838686,0.004291845493562232
2013/11/28,I1405.DCE,105728.0,939.0,1,939.0,0.052274828,0.008592910848549946
2013/11/29,I1405.DCE,106418.0,939.0,1,939.0,0.048981198,0.006430868167202572
2013/12/2,I1405.DCE,108744.0,936.0,1,936.0,0.039247856,-0.005313496280552604
2013/12/3,I1405.DCE,105336.0,939.0,1,939.0,0.045691131,0.003205128205128205
2013/12/4,I1405.DCE,114382.0,952.0,1,952.0,0.058061148,0.013844515441959531
2013/12/5,I1405.DCE,114538.0,945.0,1,945.0,0.058495393,0.006389776357827476
2013/12/6,I1405.DCE,108430.0,941.0,1,941.0,0.055452832,0.005341880341880342
2013/12/9,I1405.DCE,112378.0,945.0,1,945.0,0.058495393,0.006389776357827476
2013/12/10,I1405.DCE,109726.0,942.0,1,942.0,0.052106913,-0.01050420168067227
2013/12/11,I1405.DCE,108132.0,937.0,1,937.0,0.052387373,-0.008465608465608466
2013/12/12,I1405.DCE,108944.0,930.0,1,930.0,0.042817888,-0.011689691817215728
2013/12/13,I1405.DCE,116740.0,914.0,1,914.0,0.050332092,-0.0328042328042328
2013/12/16,I1405.DCE,121312.0,918.0,1,918.0,0.053481231,-0.025477707006369428
2013/12/17,I1405.DCE,124712.0,910.0,1,910.0,0.043765743,-0.0288153681963714
2013/12/18,I1405.DCE,128188.0,906.0,1,906.0,0.040556156,-0.025806451612903226
2013/12/19,I1405.DCE,128266.0,908.0,1,908.0,0.054075498,-0.006564551422319475
2013/12/20,I1405.DCE,127190.0,905.0,1,905.0,0.054256362,-0.014161220043572984
2013/12/23,I1405.DCE,135724.0,893.0,1,893.0,0.068896868,-0.01868131868131868
2013/12/24,I1405.DCE,121156.0,900.0,1,900.0,0.075275683,-0.006622516556291391
2013/12/25,I1405.DCE,114208.0,903.0,1,903.0,0.078476965,-0.005506607929515419
2013/12/26,I1405.DCE,124116.0,896.0,1,896.0,0.054806288,-0.009944751381215469
2013/12/27,I1405.DCE,107922.0,907.0,1,907.0,0.067821465,0.015677491601343786
2013/12/30,I1405.DCE,104050.0,911.0,1,911.0,0.067520346,0.012222222222222223
2013/12/31,I1405.DCE,98646.0,911.0,1,911.0,0.064108493,0.008859357696566999
2014/1/2,I1405.DCE,107880.0,907.0,1,907.0,0.060970861,0.012276785714285714
2014/1/3,I1405.DCE,122358.0,902.0,1,902.0,0.07165222,-0.005512679162072767
2014/1/6,I1405.DCE,142642.0,893.0,1,893.0,0.068896868,-0.019758507135016465
2014/1/7,I1405.DCE,149034.0,896.0,1,896.0,0.054806288,-0.01646542261251372
2014/1/8,I1405.DCE,157264.0,892.0,1,892.0,0.062006677,-0.016538037486218304
2014/1/9,I1405.DCE,161606.0,888.0,1,888.0,0.062288866,-0.015521064301552107
2014/1/10,I1405.DCE,163378.0,881.0,1,881.0,0.069846161,-0.013437849944008958
2014/1/13,I1405.DCE,178106.0,871.0,1,871.0,0.063517389,-0.027901785714285716
2014/1/14,I1405.DCE,178102.0,880.0,1,880.0,0.052293552,-0.013452914798206279
2014/1/15,I1405.DCE,184704.0,879.0,1,879.0,0.062933279,-0.010135135135135136
2014/1/16,I1405.DCE,186510.0,879.0,1,879.0,0.062933279,-0.0022701475595913734
2014/1/17,I1405.DCE,184412.0,876.0,1,876.0,0.070249466,0.0057405281285878304
2014/1/20,I1405.DCE,195022.0,861.0,1,861.0,0.060656947,-0.02159090909090909
2014/1/21,I1405.DCE,208510.0,847.0,1,847.0,0.054349272,-0.03640500568828214
2014/1/22,I1405.DCE,208986.0,852.0,1,852.0,0.057663654,-0.030716723549488054
2014/1/23,I1405.DCE,194104.0,878.0,1,878.0,0.059470938,0.00228310502283105
2014/1/24,I1405.DCE,176300.0,877.0,1,877.0,0.059539418,0.018583042973286876
2014/1/27,I1405.DCE,184670.0,864.0,1,864.0,0.05327048,0.020070838252656435
2014/1/28,I1405.DCE,184348.0,857.0,1,857.0,0.050099172,0.005868544600938967
2014/1/29,I1405.DCE,183982.0,866.0,1,866.0,0.056722701,-0.01366742596810934
2014/1/30,I1405.DCE,181866.0,868.0,1,868.0,0.049459084,-0.010262257696693273
2014/2/7,I1405.DCE,168784.0,856.0,1,856.0,0.05739164,-0.009259259259259259
2014/2/10,I1405.DCE,174428.0,854.0,1,854.0,0.050276627,-0.003500583430571762
2014/2/11,I1405.DCE,179890.0,848.0,1,848.0,0.043349902,-0.020785219399538105
2014/2/12,I1405.DCE,178688.0,853.0,1,853.0,0.046712869,-0.01728110599078341
2014/2/13,I1405.DCE,175878.0,854.0,1,854.0,0.050276627,-0.002336448598130841
2014/2/14,I1405.DCE,177852.0,861.0,1,861.0,0.042690759,0.00819672131147541
2014/2/17,I1405.DCE,160886.0,873.0,1,873.0,0.03504263,0.0294811320754717
2014/2/18,I1405.DCE,156626.0,860.0,1,860.0,0.028426998,0.008206330597889801
2014/2/19,I1405.DCE,158376.0,864.0,1,864.0,0.028294778,0.0117096018735363
2014/2/20,I1405.DCE,157148.0,852.0,1,852.0,0.025093444,-0.010452961672473868
2014/2/21,I1405.DCE,156434.0,851.0,1,851.0,0.025123053,-0.025200458190148912
2014/2/24,I1405.DCE,169866.0,821.0,1,821.0,0.00370709,-0.04534883720930233
2014/2/25,I1405.DCE,174898.0,817.0,1,817.0,0.011189467,-0.05439814814814815
2014/2/26,I1409.DCE,180444.0,815.0,1.0024539877300613,817.0,0.014366573,-0.04107981220657277
2014/2/27,I1409.DCE,186136.0,818.0,1.0024539877300613,820.0073619631902,0.010728732,-0.036419081124335846
2014/2/28,I1409.DCE,191914.0,808.0,1.0024539877300613,809.9828220858896,0.010861761,-0.013419217922180813
2014/3/3,I1409.DCE,201976.0,799.0,1.0024539877300613,800.960736196319,0.0073183,-0.01963190184049085
2014/3/4,I1409.DCE,216182.0,801.0,1.0024539877300613,802.9656441717791,0.010956861,-0.017177914110429494
2014/3/5,I1409.DCE,235588.0,802.0,1.0024539877300613,803.9680981595092,0.01460003,-0.01955990220048905
2014/3/6,I1409.DCE,266448.0,787.0,1.0024539877300613,788.9312883435583,0.018610643,-0.02599009900990092
2014/3/7,I1409.DCE,301544.0,764.0,1.0024539877300613,765.8748466257668,0.015328119,-0.04380475594493114
2014/3/10,I1409.DCE,296812.0,728.0,1.0024539877300613,729.7865030674847,-0.039836907,-0.0911360799001248
2014/3/11,I1409.DCE,305028.0,740.0,1.0024539877300613,741.8159509202454,-0.015741278,-0.07730673316708223
2014/3/12,I1409.DCE,401538.0,737.0,1.0024539877300613,738.8085889570552,-0.011861899,-0.06353240152477765
2014/3/13,I1409.DCE,498186.0,749.0,1.0024539877300613,750.8380368098159,0,-0.019633507853403193
2014/3/14,I1409.DCE,527610.0,740.0,1.0024539877300613,741.8159509202454,-0.007881246,0.016483516483516526
2014/3/17,I1409.DCE,516402.0,729.0,1.0024539877300613,730.7889570552147,-0.011991803,-0.014864864864864904
2014/3/18,I1409.DCE,557604.0,732.0,1.0024539877300613,733.7963190184049,-0.011942757,-0.006784260515603817
2014/3/19,I1409.DCE,558712.0,732.0,1.0024539877300613,733.7963190184049,-0.007967263,-0.022696929238985225
2014/3/20,I1409.DCE,546564.0,733.0,1.0024539877300613,734.798773006135,-0.007956408,-0.009459459459459484
2014/3/21,I1409.DCE,545010.0,733.0,1.0024539877300613,734.798773006135,-0.007956408,0.005486968449931427
2014/3/24,I1409.DCE,592542.0,744.0,1.0024539877300613,745.8257668711657,0.019689893,0.016393442622950862
2014/3/25,I1409.DCE,551710.0,759.0,1.0024539877300613,760.8625766871165,0.027055124,0.03688524590163929
2014/3/26,I1409.DCE,498300.0,758.0,1.0024539877300613,759.8601226993865,0.019325021,0.034106412005456964
2014/3/27,I1409.DCE,494038.0,757.0,1.0024539877300613,758.8576687116564,0.019350634,0.032742155525238674
2014/3/28,I1409.DCE,481464.0,781.0,1.0024539877300613,782.9165644171779,0,0.0497311827956989
2014/3/31,I1409.DCE,476690.0,794.0,1.0024539877300613,795.9484662576687,0.025857221,0.04611330698287217
2014/4/1,I1409.DCE,503040.0,800.0,1.0024539877300613,801.963190184049,0.01830727,0.055408970976253295
2014/4/2,I1409.DCE,524730.0,784.0,1.0024539877300613,785.9239263803681,0.018682085,0.0356671070013211
2014/4/3,I1409.DCE,538798.0,799.0,1.0024539877300613,800.960736196319,0.025694698,0.02304737516005113
2014/4/4,I1409.DCE,509074.0,808.0,1.0024539877300613,809.9828220858896,0.043691588,0.017632241813602064
2014/4/8,I1409.DCE,531050.0,825.0,1.0024539877300613,827.0245398773006,0.053579485,0.03125000000000008
2014/4/9,I1409.DCE,543934.0,819.0,1.0024539877300613,821.0098159509203,0.050346075,0.044642857142857116
2014/4/10,I1409.DCE,552898.0,816.0,1.0024539877300613,818.0024539877301,0.04326005,0.02127659574468091
2014/4/11,I1409.DCE,541278.0,814.0,1.0024539877300613,815.9975460122699,0.050658024,0.007425742574257445
2014/4/14,I1409.DCE,551342.0,803.0,1.0024539877300613,804.9705521472392,0.055061342,-0.026666666666666738
2014/4/15,I1409.DCE,536824.0,812.0,1.0024539877300613,813.9926380368098,0.058111371,-0.008547008547008569
2014/4/16,I1409.DCE,511688.0,797.0,1.0024539877300613,798.9558282208588,0.062957417,-0.02328431372549026
2014/4/17,I1409.DCE,473962.0,795.0,1.0024539877300613,796.9509202453987,0.059366721,-0.023341523341523403
2014/4/18,I1409.DCE,460442.0,781.0,1.0024539877300613,782.9165644171779,0.071915495,-0.027397260273972535
2014/4/21,I1409.DCE,472568.0,781.0,1.0024539877300613,782.9165644171779,0.075750033,-0.03817733990147779
2014/4/22,I1409.DCE,473366.0,779.0,1.0024539877300613,780.9116564417178,0.075947064,-0.022584692597239567
2014/4/23,I1409.DCE,464386.0,786.0,1.0024539877300613,787.9288343558283,0.075261898,-0.01132075471698102
2014/4/24,I1409.DCE,495502.0,794.0,1.0024539877300613,795.9484662576687,0.074493836,0.016645326504481334
2014/4/25,I1409.DCE,471276.0,795.0,1.0024539877300613,796.9509202453987,0.085724089,0.01792573623559529
2014/4/28,I1409.DCE,493046.0,760.0,1.0024539877300613,761.8650306748466,0.069990035,-0.024390243902439088
2014/4/29,I1409.DCE,509530.0,771.0,1.0024539877300613,772.8920245398773,0.072859985,-0.019083969465648904
2014/4/30,I1409.DCE,496962.0,765.0,1.0024539877300613,766.8773006134969,0.077355517,-0.0365239294710327
2014/5/5,I1409.DCE,521854.0,771.0,1.0024539877300613,772.8920245398773,0.072859985,-0.030188679245282957
2014/5/6,I1409.DCE,518038.0,768.0,1.0024539877300613,769.8846625766871,0.077049325,0.010526315789473712
2014/5/7,I1409.DCE,513436.0,749.0,1.0024539877300613,750.8380368098159,0.075027792,-0.028534370946822384
2014/5/8,I1409.DCE,520264.0,735.0,1.0024539877300613,736.8036809815951,0.056155577,-0.03921568627450976
2014/5/9,I1409.DCE,526686.0,735.0,1.0024539877300613,736.8036809815951,0.056155577,-0.04669260700389103
2014/5/12,I1409.DCE,570246.0,741.0,1.0024539877300613,742.8184049079755,0.06777096,-0.035156249999999944
2014/5/13,I1409.DCE,555140.0,740.0,1.0024539877300613,741.8159509202454,0.063827678,-0.012016021361815636
2014/5/14,I1409.DCE,569716.0,738.0,1.0024539877300613,739.8110429447853,0.059961039,0.004081632653061235
2014/5/15,I1409.DCE,535308.0,738.0,1.0024539877300613,739.8110429447853,0.076160803,0.004081632653061235
2014/5/16,I1409.DCE,522544.0,717.0,1.0024539877300613,718.759509202454,0.04928387,-0.03238866396761142
2014/5/19,I1409.DCE,563108.0,707.0,1.0024539877300613,708.7349693251533,0.05419142,-0.04459459459459471
2014/5/20,I1409.DCE,554328.0,700.0,1.0024539877300613,701.717791411043,0.054738445,-0.05149051490514903
2014/5/21,I1409.DCE,554550.0,708.0,1.0024539877300613,709.7374233128834,0.041536974,-0.040650406504065144
2014/5/22,I1409.DCE,568110.0,714.0,1.0024539877300613,715.7521472392638,0.045336126,-0.004184100418410053
2014/5/23,I1409.DCE,560460.0,707.0,1.0024539877300613,708.7349693251533,0.041596145,0.0
2014/5/26,I1409.DCE,506536.0,722.0,1.0024539877300613,723.7717791411043,0.044829911,0.03142857142857135
2014/5/27,I1409.DCE,483206.0,724.0,1.0024539877300613,725.7766871165644,0.040612616,0.022598870056497238
2014/5/28,I1409.DCE,536916.0,707.0,1.0024539877300613,708.7349693251533,0.037409764,-0.009803921568627477
2014/5/29,I1409.DCE,579892.0,702.0,1.0024539877300613,703.7226993865031,0.02087214,-0.007072135785006931
2014/5/30,I1409.DCE,652828.0,680.0,1.0024539877300613,681.6687116564417,0.004297278,-0.05817174515235457
2014/6/3,I1409.DCE,657052.0,682.0,1.0024539877300613,683.6736196319018,-0.008550519,-0.058011049723756904
2014/6/4,I1409.DCE,630594.0,691.0,1.0024539877300613,692.6957055214724,0.00422882,-0.02263083451202253
2014/6/5,I1409.DCE,654030.0,688.0,1.0024539877300613,689.6883435582822,-0.004241105,-0.019943019943019995
2014/6/6,I1409.DCE,635192.0,689.0,1.0024539877300613,690.6907975460123,-0.004234954,0.013235294117647093
2014/6/9,I1409.DCE,632086.0,690.0,1.0024539877300613,691.6932515337423,-0.00422882,0.011730205278592407
2014/6/10,I1409.DCE,630986.0,686.0,1.0024539877300613,687.6834355828221,-0.00425346,-0.007235890014471799
2014/6/11,I1409.DCE,633532.0,682.0,1.0024539877300613,683.6736196319018,0.004284667,-0.008720930232558162
2014/6/12,I1409.DCE,661156.0,666.0,1.0024539877300613,667.6343558282208,-0.030530525,-0.033381712626995734
2014/6/13,I1409.DCE,638650.0,667.0,1.0024539877300613,668.6368098159509,-0.008742522,-0.03333333333333342
2014/6/16,I1409.DCE,609992.0,661.0,1.0024539877300613,662.6220858895706,-0.017616946,-0.03644314868804658
2014/6/17,I1409.DCE,579928.0,667.0,1.0024539877300613,668.6368098159509,-0.034814123,-0.02199413489736076
2014/6/18,I1409.DCE,553488.0,665.0,1.0024539877300613,666.6319018404907,-0.021872761,-0.0015015015015015056
2014/6/19,I1409.DCE,543408.0,663.0,1.0024539877300613,664.6269938650306,-0.030667949,-0.005997001499250391
2014/6/20,I1409.DCE,547032.0,677.0,1.0024539877300613,678.6613496932515,-0.012910854,0.02420574886535541
2014/6/23,I1409.DCE,484514.0,691.0,1.0024539877300613,692.6957055214724,0.008463774,0.03598200899550235
2014/6/24,I1409.DCE,469202.0,683.0,1.0024539877300613,684.6760736196319,0,0.027067669172932404
2014/6/25,I1409.DCE,448792.0,693.0,1.0024539877300613,694.7006134969325,0.021144191,0.04524886877828067
2014/6/26,I1409.DCE,476832.0,717.0,1.0024539877300613,718.759509202454,0.036884701,0.05908419497784342
2014/6/27,I1409.DCE,380574.0,707.0,1.0024539877300613,708.7349693251533,0.024886514,0.023154848046309594
2014/6/30,I1409.DCE,346806.0,694.0,1.0024539877300613,695.7030674846626,0.004210527,0.016105417276720393
2014/7/1,I1409.DCE,377790.0,701.0,1.0024539877300613,702.720245398773,0.008342863,0.011544011544011573
2014/7/2,I1409.DCE,381590.0,716.0,1.0024539877300613,717.7570552147239,0.01226034,-0.0013947001394700178
2014/7/3,I1409.DCE,358240.0,712.0,1.0024539877300613,713.7472392638036,0.008213789,0.007072135785007092
2014/7/4,I1409.DCE,341392.0,711.0,1.0024539877300613,712.7447852760736,0.016473951,0.024495677233429297
2014/7/7,I1409.DCE,355538.0,707.0,1.0024539877300613,708.7349693251533,0.024886514,0.008559201141226679
2014/7/8,I1409.DCE,469864.0,720.0,1.0024539877300613,721.7668711656441,0.036730044,0.005586592178770965
2014/7/9,I1409.DCE,407270.0,702.0,1.0024539877300613,703.7226993865031,0.037677942,-0.014044943820224597
2014/7/10,I1409.DCE,398834.0,705.0,1.0024539877300613,706.7300613496932,0.016614554,-0.008438818565400867
2014/7/11,I1409.DCE,383842.0,712.0,1.0024539877300613,713.7472392638036,0.024711008,0.007072135785007092
2014/7/14,I1409.DCE,394906.0,714.0,1.0024539877300613,715.7521472392638,0.020520113,-0.008333333333333356
2014/7/15,I1409.DCE,407520.0,716.0,1.0024539877300613,717.7570552147239,0.016358586,0.01994301994301983
2014/7/16,I1409.DCE,411946.0,717.0,1.0024539877300613,718.759509202454,0.02453796,0.017021276595744726
2014/7/17,I1409.DCE,390038.0,710.0,1.0024539877300613,711.7423312883435,0.033088173,-0.0028089887640449515
2014/7/18,I1409.DCE,377362.0,684.0,1.0024539877300613,685.678527607362,0.025727039,-0.04201680672268903
2014/7/21,I1409.DCE,356196.0,686.0,1.0024539877300613,687.6834355828221,0.042878891,-0.04189944134078208
2014/7/22,I1501.DCE,363932.0,672.0,1.023338445807771,687.6834355828221,0.018311857,-0.04323570432357039
2014/7/23,I1501.DCE,394900.0,671.0,1.023338445807771,686.6600971370143,0.018339229,-0.03524061032863844
2014/7/24,I1501.DCE,427432.0,663.0,1.023338445807771,678.4733895705522,0.009266554,-0.01050804093567247
2014/7/25,I1501.DCE,399964.0,669.0,1.023338445807771,684.6134202453989,0.009183321,-0.004464285714285592
2014/7/28,I1501.DCE,374176.0,681.0,1.023338445807771,696.893481595092,0.004507314,0.013392857142857106
2014/7/29,I1501.DCE,400418.0,684.0,1.023338445807771,699.9634969325153,0.0225036,0.019374068554396443
2014/7/30,I1501.DCE,407804.0,676.0,1.023338445807771,691.7767893660532,0.013642247,0.019607843137254923
2014/7/31,I1501.DCE,398616.0,680.0,1.023338445807771,695.8701431492843,0.027183873,0.016442451420029886
2014/8/1,I1501.DCE,414626.0,672.0,1.023338445807771,687.6834355828221,0.013723633,-0.013215859030836968
2014/8/4,I1501.DCE,435730.0,685.0,1.023338445807771,700.9868353783231,0.026984575,0.0014619883040935813
2014/8/5,I1501.DCE,413848.0,684.0,1.023338445807771,699.9634969325153,0.040626116,0.011834319526627167
2014/8/6,I1501.DCE,459766.0,679.0,1.023338445807771,694.8468047034766,0.027224086,-0.0014705882352941315
2014/8/7,I1501.DCE,438402.0,678.0,1.023338445807771,693.8234662576688,0.031832144,0.008928571428571515
2014/8/8,I1501.DCE,462780.0,675.0,1.023338445807771,690.7534509202454,0.036569457,-0.014598540145985378
2014/8/11,I1501.DCE,462146.0,671.0,1.023338445807771,686.6600971370143,0.046055323,-0.019005847953216394
2014/8/12,I1501.DCE,451504.0,667.0,1.023338445807771,682.5667433537833,0.037010728,-0.017673048600883656
2014/8/13,I1501.DCE,543022.0,662.0,1.023338445807771,677.4500511247444,0.037291972,-0.023598820058997112
2014/8/14,I1501.DCE,599228.0,653.0,1.023338445807771,668.2400051124745,0.023576034,-0.032592592592592576
2014/8/15,I1501.DCE,549294.0,666.0,1.023338445807771,681.5434049079755,0.041731622,-0.007451564828613915
2014/8/18,I1501.DCE,701446.0,650.0,1.023338445807771,665.1699897750511,0.033210824,-0.02548725637181417
2014/8/19,I1501.DCE,712306.0,654.0,1.023338445807771,669.2633435582823,0.033006603,-0.012084592145015054
2014/8/20,I1501.DCE,748912.0,646.0,1.023338445807771,661.07663599182,0.043032728,-0.010719754977029199
2014/8/21,I1501.DCE,736632.0,647.0,1.023338445807771,662.0999744376278,0.047777086,-0.02852852852852863
2014/8/22,I1501.DCE,741054.0,643.0,1.023338445807771,658.0066206543968,0.023944125,-0.010769230769230701
2014/8/25,I1501.DCE,699880.0,645.0,1.023338445807771,660.0532975460123,0.043099916,-0.013761467889908218
2014/8/26,I1501.DCE,689776.0,648.0,1.023338445807771,663.1233128834356,0.028532549,0.003095975232198172
2014/8/27,I1501.DCE,739052.0,637.0,1.023338445807771,651.8665899795501,0.014479461,-0.015455950540958246
2014/8/28,I1501.DCE,714118.0,626.0,1.023338445807771,640.6098670756646,0,-0.026438569206843003
2014/8/29,I1501.DCE,691606.0,628.0,1.023338445807771,642.6565439672802,0.019598961,-0.026356589147286898
2014/9/1,I1501.DCE,787794.0,620.0,1.023338445807771,634.469836400818,0.019852671,-0.04320987654320978
2014/9/2,I1501.DCE,779984.0,628.0,1.023338445807771,642.6565439672802,0.014687467,-0.01412872841444266
2014/9/3,I1501.DCE,815656.0,605.0,1.023338445807771,619.1197597137015,0.005073991,-0.03354632587859421
2014/9/4,I1501.DCE,769748.0,594.0,1.023338445807771,607.863036809816,0,-0.05414012738853502
2014/9/5,I1501.DCE,892938.0,585.0,1.023338445807771,598.6529907975461,0.005247609,-0.056451612903225805
2014/9/9,I1501.DCE,853196.0,585.0,1.023338445807771,598.6529907975461,0.026328289,-0.06847133757961778
2014/9/10,I1501.DCE,826120.0,590.0,1.023338445807771,603.7696830265849,0.026104216,-0.02479338842975212
2014/9/11,I1501.DCE,824582.0,585.0,1.023338445807771,598.6529907975461,0.021044521,-0.015151515151515109
2014/9/12,I1501.DCE,786330.0,591.0,1.023338445807771,604.7930214723926,0.036546114,0.010256410256410164
2014/9/15,I1501.DCE,855840.0,598.0,1.023338445807771,611.9563905930471,0.020585493,0.022222222222222244
2014/9/16,I1501.DCE,831824.0,598.0,1.023338445807771,611.9563905930471,0.020585493,0.013559322033898435
2014/9/17,I1501.DCE,862418.0,598.0,1.023338445807771,611.9563905930471,0.030930281,0.022222222222222244
2014/9/18,I1501.DCE,861956.0,592.0,1.023338445807771,605.8163599182004,0.036484013,0.0016920473773265813
2014/9/19,I1501.DCE,925664.0,576.0,1.023338445807771,589.442944785276,0.026741467,-0.03678929765886304
2014/9/22,I1501.DCE,961134.0,556.0,1.023338445807771,568.9761758691207,0.033279461,-0.07023411371237469
2014/9/23,I1501.DCE,934856.0,560.0,1.023338445807771,573.0695296523518,0.049695132,-0.06354515050167228
2014/9/24,I1501.DCE,942942.0,562.0,1.023338445807771,575.1162065439673,0.055068389,-0.050675675675675595
2014/9/25,I1501.DCE,984964.0,552.0,1.023338445807771,564.8828220858896,0.061739497,-0.04166666666666649
2014/9/26,I1501.DCE,843756.0,562.0,1.023338445807771,575.1162065439673,0.105489693,0.010791366906474923
2014/9/29,I1501.DCE,865600.0,542.0,1.023338445807771,554.6494376278118,0.109452573,-0.03214285714285725
2014/9/30,I1501.DCE,807324.0,551.0,1.023338445807771,563.8594836400819,0.148259155,-0.019572953736654793
2014/10/8,I1501.DCE,866316.0,547.0,1.023338445807771,559.7661298568507,0.167082769,-0.009057971014492839
2014/10/9,I1501.DCE,947776.0,563.0,1.023338445807771,576.1395449897751,0.19686488,0.001779359430604999
2014/10/10,I1501.DCE,955300.0,568.0,1.023338445807771,581.2562372188139,0.160740626,0.0479704797047971
2014/10/13,I1501.DCE,874688.0,584.0,1.023338445807771,597.6296523517383,0.167295699,0.05989110707803989
2014/10/14,I1501.DCE,864674.0,589.0,1.023338445807771,602.7463445807771,0.182371391,0.07678244972577689
2014/10/15,I1501.DCE,892370.0,580.0,1.023338445807771,593.5362985685072,0.179676008,0.030195381882770763
2014/10/16,I1501.DCE,838162.0,565.0,1.023338445807771,578.1862218813906,0.207741582,-0.005281690140845121
2014/10/17,I1501.DCE,845962.0,568.0,1.023338445807771,581.2562372188139,0.172142969,-0.027397260273972674
2014/10/20,I1501.DCE,836520.0,580.0,1.023338445807771,593.5362985685072,0.185288501,-0.0152801358234295
2014/10/21,I1501.DCE,802580.0,575.0,1.023338445807771,588.4196063394684,0.158732258,-0.008620689655172304
2014/10/23,I1505.DCE,914490.0,529.0,1.1123243976171424,588.4196063394684,0.00556963,0.017699115044247957
2014/10/24,I1505.DCE,915670.0,530.0,1.1123243976171424,589.5319307370855,0.033513247,0.014237599510104247
2014/10/27,I1505.DCE,954060.0,526.0,1.1123243976171424,585.0826331466169,0.045112736,-0.01424287856071961
2014/10/28,I1505.DCE,994476.0,522.0,1.1123243976171424,580.6333355561484,0.051193436,-0.013232514177693753
2014/10/29,I1505.DCE,973494.0,528.0,1.1123243976171424,587.3072819418512,0.067670759,-0.0018903591682419923
2014/10/30,I1505.DCE,975132.0,536.0,1.1123243976171424,596.2058771227884,0.033135979,0.011320754716981097
2014/11/3,I1505.DCE,954908.0,522.0,1.1123243976171424,580.6333355561484,0.016965744,-0.007604562737642498
2014/11/4,I1505.DCE,942434.0,520.0,1.1123243976171424,578.4086867609141,0.028440302,-0.003831417624521126
2014/11/5,I1505.DCE,1034548.0,510.0,1.1123243976171424,567.2854427847426,0.017366118,-0.03409090909090918
2014/11/6,I1505.DCE,1102148.0,506.0,1.1123243976171424,562.8361451942741,0.005823045,-0.05597014925373136
2014/11/7,I1505.DCE,1071580.0,512.0,1.1123243976171424,569.5100915799769,0,-0.019157088122605435
2014/11/10,I1505.DCE,1088188.0,514.0,1.1123243976171424,571.7347403752112,-0.005721184,-0.011538461538461503
2014/11/11,I1505.DCE,1098004.0,510.0,1.1123243976171424,567.2854427847426,0,0.0
2014/11/12,I1505.DCE,1146632.0,508.0,1.1123243976171424,565.0607939895084,0.005800097,0.0039525691699605296
2014/11/13,I1505.DCE,1159994.0,507.0,1.1123243976171424,563.9484695918912,0.023315357,-0.009765624999999938
2014/11/14,I1505.DCE,1114614.0,507.0,1.1123243976171424,563.9484695918912,0.017469181,-0.013618677042801548
2014/11/17,I1505.DCE,1114718.0,507.0,1.1123243976171424,563.9484695918912,0.023315357,-0.0058823529411763525
2014/11/18,I1505.DCE,1179900.0,487.0,1.1123243976171424,541.7019816395483,0.024276825,-0.041338582677165524
2014/11/19,I1505.DCE,1171790.0,473.0,1.1123243976171424,526.1294400729083,0.018728897,-0.06706114398422103
2014/11/20,I1505.DCE,1099620.0,476.0,1.1123243976171424,529.4664132657598,0.043608922,-0.06114398422090734
2014/11/21,I1505.DCE,1136116.0,476.0,1.1123243976171424,529.4664132657598,0.062498067,-0.06114398422090734
2014/11/24,I1505.DCE,1180938.0,470.0,1.1123243976171424,522.792466880057,0.056912483,-0.03490759753593415
2014/11/25,I1505.DCE,1157834.0,466.0,1.1123243976171424,518.3431692895883,0.057405797,-0.014799154334038047
2014/11/26,I1505.DCE,1082322.0,467.0,1.1123243976171424,519.4554936872055,0.050861713,-0.018907563025210135
2014/11/27,I1505.DCE,1072220.0,481.0,1.1123243976171424,535.0280352538455,0.055598579,0.0105042016806722
2014/11/28,I1505.DCE,986260.0,485.0,1.1123243976171424,539.4773328443141,0.042793773,0.03191489361702129
2014/12/1,I1505.DCE,981776.0,480.0,1.1123243976171424,533.9157108562283,0.061971729,0.030042918454935605
2014/12/2,I1505.DCE,1026778.0,475.0,1.1123243976171424,528.3540888681426,0.043701415,0.01713062098501073
2014/12/3,I1505.DCE,985032.0,482.0,1.1123243976171424,536.1403596514626,0.043062082,0.002079002079002108
2014/12/4,I1505.DCE,1014090.0,494.0,1.1123243976171424,549.4882524228683,0.054121924,0.018556701030927672
2014/12/5,I1505.DCE,999038.0,491.0,1.1123243976171424,546.1512792300169,0.048355065,0.022916666666666776
2014/12/8,I1505.DCE,1042528.0,481.0,1.1123243976171424,535.0280352538455,0.043152267,0.012631578947368383
2014/12/9,I1505.DCE,980668.0,488.0,1.1123243976171424,542.8143060371655,0.054793589,0.01244813278008295
2014/12/10,I1505.DCE,977626.0,483.0,1.1123243976171424,537.2526840490798,0.049162703,-0.02226720647773269
2014/12/11,I1505.DCE,951532.0,480.0,1.1123243976171424,533.9157108562283,0.055715513,-0.022403258655804587
2014/12/12,I1505.DCE,950426.0,490.0,1.1123243976171424,545.0389548323998,0.06069387,0.01871101871101876
2014/12/15,I1505.DCE,919458.0,485.0,1.1123243976171424,539.4773328443141,0.067529619,-0.006147540983606434
2014/12/16,I1505.DCE,910660.0,479.0,1.1123243976171424,532.8033864586113,0.049576724,-0.008281573498964707
2014/12/17,I1505.DCE,845290.0,485.0,1.1123243976171424,539.4773328443141,0.061326143,0.010416666666666814
2014/12/18,I1505.DCE,785058.0,487.0,1.1123243976171424,541.7019816395483,0.054907158,-0.006122448979591922
2014/12/19,I1505.DCE,760534.0,492.0,1.1123243976171424,547.2636036276341,0.066557887,0.01443298969072164
2014/12/22,I1505.DCE,734704.0,485.0,1.1123243976171424,539.4773328443141,0.067529619,0.012526096033402883
2014/12/23,I1505.DCE,744942.0,473.0,1.1123243976171424,526.1294400729083,0.037577724,-0.024742268041237248
2014/12/24,I1505.DCE,714100.0,477.0,1.1123243976171424,530.578737663377,0.037260604,-0.02053388090349063
2014/12/25,I1505.DCE,703290.0,476.0,1.1123243976171424,529.4664132657598,0.031083165,-0.03252032520325207
2014/12/26,I1505.DCE,696890.0,474.0,1.1123243976171424,527.2417644705255,0.024945475,-0.022680412371134124
2014/12/29,I1505.DCE,699852.0,485.0,1.1123243976171424,539.4773328443141,0.036642154,0.025369978858351093
2014/12/30,I1505.DCE,746348.0,499.0,1.1123243976171424,555.0498744109541,0.029643235,0.04612159329140461
2014/12/31,I1505.DCE,695452.0,509.0,1.1123243976171424,566.1731183871254,0.046631445,0.06932773109243687
2015/1/5,I1505.DCE,656330.0,500.0,1.1123243976171424,556.1621988085712,0.053466526,0.054852320675105606
2015/1/6,I1505.DCE,703550.0,520.0,1.1123243976171424,578.4086867609141,0.057158075,0.0721649484536082
2015/1/7,I1505.DCE,689604.0,513.0,1.1123243976171424,570.6224159775941,0.063803547,0.028056112224448877
2015/1/8,I1505.DCE,687766.0,512.0,1.1123243976171424,569.5100915799769,0.09345383,0.005893909626719139
2015/1/9,I1505.DCE,656326.0,510.0,1.1123243976171424,567.2854427847426,0.105767608,0.01999999999999987
2015/1/12,I1505.DCE,608478.0,499.0,1.1123243976171424,555.0498744109541,0.108142511,-0.04038461538461536
2015/1/13,I1505.DCE,586712.0,501.0,1.1123243976171424,557.2745232061884,0.11991672,-0.023391812865497005
2015/1/14,I1505.DCE,565944.0,497.0,1.1123243976171424,552.8252256157198,0.090207725,-0.02929687500000001
2015/1/15,I1505.DCE,582836.0,507.0,1.1123243976171424,563.9484695918912,0.11243059,-0.0058823529411763525
2015/1/16,I1505.DCE,565718.0,506.0,1.1123243976171424,562.8361451942741,0.106619042,0.014028056112224439
2015/1/19,I1505.DCE,522774.0,508.0,1.1123243976171424,565.0607939895084,0.106191618,0.013972055888223542
2015/1/20,I1505.DCE,514908.0,502.0,1.1123243976171424,558.3868476038054,0.113572299,0.010060362173038165
2015/1/21,I1505.DCE,495572.0,486.0,1.1123243976171424,540.5896572419313,0.111090482,-0.041420118343195235
2015/1/22,I1505.DCE,469984.0,487.0,1.1123243976171424,541.7019816395483,0.104588479,-0.03754940711462462
2015/1/23,I1505.DCE,486778.0,476.0,1.1123243976171424,529.4664132657598,0.087873642,-0.06299212598425204
2015/1/26,I1505.DCE,456136.0,470.0,1.1123243976171424,522.792466880057,0.082564483,-0.0637450199203186
2015/1/27,I1505.DCE,452852.0,470.0,1.1123243976171424,522.792466880057,0.089012565,-0.032921810699588515
2015/1/28,I1505.DCE,464638.0,471.0,1.1123243976171424,523.9047912776741,0.088820699,-0.03285420944558505
2015/1/29,I1505.DCE,428572.0,476.0,1.1123243976171424,529.4664132657598,0.087873642,0.0
2015/1/30,I1505.DCE,428730.0,474.0,1.1123243976171424,527.2417644705255,0.075479735,0.008510638297872242
2015/2/2,I1505.DCE,440416.0,472.0,1.1123243976171424,525.0171156752912,0.075803718,0.0042553191489360116
2015/2/3,I1505.DCE,474090.0,478.0,1.1123243976171424,531.6910620609941,0.055950862,0.014861995753715489
2015/2/4,I1505.DCE,535774.0,470.0,1.1123243976171424,522.792466880057,0.025158686,-0.012605042016806683
2015/2/5,I1505.DCE,503824.0,474.0,1.1123243976171424,527.2417644705255,0.037497939,0.0
2015/2/6,I1505.DCE,468164.0,478.0,1.1123243976171424,531.6910620609941,0.043425105,0.01271186440677984
2015/2/9,I1505.DCE,470298.0,476.0,1.1123243976171424,529.4664132657598,0.049891845,-0.0041841004184101
2015/2/10,I1505.DCE,459940.0,480.0,1.1123243976171424,533.9157108562283,0.043242832,0.021276595744680712
2015/2/11,I1505.DCE,448398.0,481.0,1.1123243976171424,535.0280352538455,0.043152267,0.014767932489451468
2015/2/12,I1505.DCE,425228.0,479.0,1.1123243976171424,532.8033864586113,0.055832939,0.00209205020920505
2015/2/13,I1505.DCE,419958.0,489.0,1.1123243976171424,543.9266304347826,0.073135399,0.02731092436974785
2015/2/16,I1505.DCE,383596.0,497.0,1.1123243976171424,552.8252256157198,0.071943664,0.035416666666666735
2015/2/17,I1505.DCE,371322.0,493.0,1.1123243976171424,548.3759280252513,0.060320725,0.024948024948025085
2015/2/25,I1505.DCE,352842.0,479.0,1.1123243976171424,532.8033864586113,0.055832939,0.0
2015/2/26,I1505.DCE,340010.0,489.0,1.1123243976171424,543.9266304347826,0.060819279,0.0
2015/2/27,I1505.DCE,373430.0,485.0,1.1123243976171424,539.4773328443141,0.055135713,-0.024144869215291676
2015/3/2,I1505.DCE,368712.0,483.0,1.1123243976171424,537.2526840490798,0.024478714,-0.020283975659229285
2015/3/3,I1505.DCE,360918.0,485.0,1.1123243976171424,539.4773328443141,0.036642154,0.012526096033402883
2015/3/4,I1505.DCE,353058.0,477.0,1.1123243976171424,530.578737663377,0.018571345,-0.02453987730061342
2015/3/5,I1505.DCE,385536.0,460.0,1.1123243976171424,511.6692229038855,0.02570801,-0.05154639175257741
2015/3/6,I1509.DCE,377970.0,447.0,1.1446738767424731,511.6692229038855,0.013527058,-0.04761904761904765
2015/3/9,I1509.DCE,375878.0,454.0,1.1446738767424731,519.6819400410828,0.01999916,-0.03669365068382577
2015/3/10,I1509.DCE,383146.0,449.0,1.1446738767424731,513.9585706573704,0.00672582,-0.0313246005280957
2015/3/11,I1509.DCE,390014.0,453.0,1.1446738767424731,518.5372661643403,0.020043455,0.0134228187919462
2015/3/12,I1509.DCE,372206.0,458.0,1.1446738767424731,524.2606355480527,0.02646095,0.024608501118568292
2015/3/13,I1509.DCE,408062.0,454.0,1.1446738767424731,519.6819400410828,0.01331803,0.0
2015/3/16,I1509.DCE,436998.0,457.0,1.1446738767424731,523.1159616713102,0.013230411,0.017817371937639204
2015/3/17,I1509.DCE,446078.0,453.0,1.1446738767424731,518.5372661643403,0.013347495,0.0
2015/3/18,I1509.DCE,592452.0,437.0,1.1446738767424731,500.22248413646076,0.006910722,-0.045851528384279534
2015/3/19,I1509.DCE,657636.0,437.0,1.1446738767424731,500.22248413646076,0.006910722,-0.03744493392070491
2015/3/20,I1509.DCE,693050.0,430.0,1.1446738767424731,492.2097669992634,0.007023353,-0.059080962800875235
2015/3/23,I1509.DCE,792796.0,435.0,1.1446738767424731,497.9331363829758,0,-0.03973509933774825
2015/3/24,I1509.DCE,837902.0,440.0,1.1446738767424731,503.65650576668816,0.00686355,0.006864988558352347
2015/3/25,I1509.DCE,867088.0,432.0,1.1446738767424731,494.49911475274837,0.013997839,-0.011441647597254063
2015/3/26,I1509.DCE,903528.0,428.0,1.1446738767424731,489.9204192457785,-0.007039744,-0.004651162790697675
2015/3/27,I1509.DCE,794158.0,422.0,1.1446738767424731,483.05237598532364,0.021521106,-0.02988505747126443
2015/3/30,I1509.DCE,829784.0,409.0,1.1446738767424731,468.1716155876715,0,-0.07045454545454541
2015/3/31,I1509.DCE,809444.0,401.0,1.1446738767424731,459.0142245737317,0,-0.07175925925925922
2015/4/1,I1509.DCE,848630.0,391.0,1.1446738767424731,447.567485806307,0,-0.08644859813084109
2015/4/2,I1509.DCE,882900.0,380.0,1.1446738767424731,434.9760731621398,0.007948697,-0.0995260663507108
2015/4/3,I1509.DCE,810424.0,380.0,1.1446738767424731,434.9760731621398,0,-0.07090464547677257
2015/4/8,I1509.DCE,913570.0,392.0,1.1446738767424731,448.71215968304944,0.023174472,-0.02244389027431428
2015/4/9,I1509.DCE,980418.0,378.0,1.1446738767424731,432.68672540865487,0,-0.033248081841432166
2015/4/10,I1509.DCE,973828.0,370.0,1.1446738767424731,423.5293343947151,0,-0.026315789473684213
2015/4/13,I1509.DCE,1092064.0,387.0,1.1446738767424731,442.9887902993371,0.007804736,0.018421052631578883
2015/4/14,I1509.DCE,1079750.0,396.0,1.1446738767424731,453.29085519001933,0,0.010204081632653064
2015/4/15,I1509.DCE,1080534.0,387.0,1.1446738767424731,442.9887902993371,-0.007784595,0.023809523809523746
2015/4/16,I1509.DCE,1088792.0,395.0,1.1446738767424731,452.1461813132769,-0.015235027,0.06756756756756752
2015/4/17,I1509.DCE,1066620.0,394.0,1.1446738767424731,451.0015074365344,-0.015273597,0.018087855297157562
2015/4/20,I1509.DCE,1037652.0,387.0,1.1446738767424731,442.9887902993371,-0.015549153,-0.02272727272727267
2015/4/21,I1509.DCE,1071094.0,387.5,1.1446738767424731,443.5611272377083,-0.007774563,0.0012919896640826555
2015/4/22,I1509.DCE,1106300.0,399.0,1.1446738767424731,456.7248768202468,-0.015082676,0.010126582278481015
2015/4/23,I1509.DCE,995524.0,399.0,1.1446738767424731,456.7248768202468,-0.015082676,0.012690355329949304
2015/4/24,I1509.DCE,1079350.0,417.5,1.1446738767424731,477.9013435399825,-0.010818406,0.07881136950904391
2015/4/27,I1509.DCE,1013348.0,434.0,1.1446738767424731,496.7884625062333,-0.003473263,0.12
2015/4/28,I1509.DCE,1089452.0,427.0,1.1446738767424731,488.77574536903603,-0.003530169,0.07017543859649124
2015/4/29,I1509.DCE,1127070.0,412.5,1.1446738767424731,472.1779741562702,-0.014590253,0.03383458646616545
2015/4/30,I1509.DCE,1003712.0,413.5,1.1446738767424731,473.3226480330126,0.018293136,-0.009580838323353295
2015/5/4,I1509.DCE,1016364.0,425.0,1.1446738767424731,486.4863976155511,0.028525309,-0.02073732718894004
2015/5/5,I1509.DCE,1098832.0,433.5,1.1446738767424731,496.2161255678621,0.013949292,0.015222482435597163
2015/5/6,I1509.DCE,1113796.0,445.5,1.1446738767424731,509.9522120887718,0.023792464,0.07999999999999995
2015/5/7,I1509.DCE,1085646.0,434.5,1.1446738767424731,497.3607994446046,0.045467384,0.05078597339782353
2015/5/8,I1509.DCE,1063482.0,437.0,1.1446738767424731,500.22248413646076,0.038206404,0.028235294117647063
2015/5/11,I1509.DCE,1117508.0,442.0,1.1446738767424731,505.9458535201731,0.027423179,0.019607843137254877
2015/5/12,I1509.DCE,1125914.0,437.0,1.1446738767424731,500.22248413646076,0.038206404,-0.01907968574635239
2015/5/13,I1509.DCE,1128750.0,429.0,1.1446738767424731,491.065093122521,0.038923494,-0.012658227848101297
2015/5/14,I1509.DCE,1080550.0,422.0,1.1446738767424731,483.05237598532364,0.032339512,-0.03432494279176208
2015/5/15,I1509.DCE,1135336.0,428.0,1.1446738767424731,489.9204192457785,0.035447281,-0.031674208144796386
2015/5/18,I1509.DCE,1163034.0,423.0,1.1446738767424731,484.19704986206614,0.021470047,-0.03203661327231122
2015/5/19,I1509.DCE,1144314.0,417.0,1.1446738767424731,477.3290066016113,0.021780087,-0.027972027972027975
2015/5/20,I1509.DCE,1088134.0,415.0,1.1446738767424731,475.03965884812635,0.05501421,-0.01658767772511843
2015/5/21,I1509.DCE,1141490.0,423.5,1.1446738767424731,484.76938680043736,0.04304276,-0.010514018691588758
2015/5/22,I1509.DCE,1100970.0,423.5,1.1446738767424731,484.76938680043736,0.046657535,0.0011820330969266849
2015/5/25,I1509.DCE,1169714.0,430.0,1.1446738767424731,492.2097669992634,0.060226301,0.031175059952038314
2015/5/26,I1509.DCE,1184194.0,433.0,1.1446738767424731,495.64378862949087,0.038561615,0.04337349397590362
2015/5/27,I1509.DCE,1174264.0,432.5,1.1446738767424731,495.07145169111965,0.038606482,0.021251475796930406
2015/5/28,I1509.DCE,1129348.0,430.0,1.1446738767424731,492.2097669992634,0.042387521,0.015348288075560776
2015/5/29,I1509.DCE,1030894.0,432.0,1.1446738767424731,494.49911475274837,0.035117148,0.004651162790697675
2015/6/1,I1509.DCE,1129274.0,441.5,1.1446738767424731,505.3735165818019,0.048210393,0.01963048498845263
2015/6/2,I1509.DCE,1099588.0,441.5,1.1446738767424731,505.3735165818019,0.048210393,0.02080924855491324
2015/6/3,I1509.DCE,1039440.0,434.5,1.1446738767424731,497.3607994446046,0.041945458,0.010465116279069856
2015/6/4,I1509.DCE,1027566.0,441.0,1.1446738767424731,504.80117964343066,0.05174276,0.020833333333333395
2015/6/5,I1509.DCE,990858.0,437.0,1.1446738767424731,500.22248413646076,0.076902932,-0.010192525481313677
2015/6/8,I1509.DCE,976962.0,434.0,1.1446738767424731,496.7884625062333,0.070318544,-0.016987542468856205
2015/6/9,I1509.DCE,1000094.0,433.5,1.1446738767424731,496.2161255678621,0.07753188,-0.002301495972382106
2015/6/10,I1509.DCE,1296222.0,450.5,1.1446738767424731,515.6755814724842,0.116034649,0.021541950113378717
2015/6/11,I1509.DCE,1500362.0,455.0,1.1446738767424731,520.8266139178253,0.125213231,0.04118993135011442
2015/6/12,I1509.DCE,1418606.0,447.0,1.1446738767424731,511.6692229038855,0.166471419,0.02995391705069131
2015/6/15,I1509.DCE,1431436.0,449.5,1.1446738767424731,514.5309075957416,0.169066446,0.03690888119953853
2015/6/16,I1509.DCE,1320388.0,437.5,1.1446738767424731,500.794821074832,0.159267254,-0.02885682574916765
2015/6/17,I1509.DCE,1355168.0,425.0,1.1446738767424731,486.4863976155511,0.145403034,-0.06593406593406595
2015/6/18,I1509.DCE,1330960.0,428.5,1.1446738767424731,490.49275618414975,0.08930578,-0.0413870246085011
2015/6/19,I1509.DCE,1287222.0,431.5,1.1446738767424731,493.92677781437715,0.117611417,-0.040044493882091116
2015/6/23,I1509.DCE,1303386.0,431.0,1.1446738767424731,493.3544408760059,0.110481807,-0.014857142857142831
2015/6/24,I1509.DCE,1477308.0,445.0,1.1446738767424731,509.37987515040055,0.135168653,0.04705882352941177
2015/6/25,I1509.DCE,1454418.0,436.0,1.1446738767424731,499.07781025971826,0.119971348,0.017502917152858725
2015/6/26,I1509.DCE,1405820.0,437.0,1.1446738767424731,500.22248413646076,0.14855782,0.012746234067207447
2015/6/29,I1509.DCE,1374344.0,429.0,1.1446738767424731,491.065093122521,0.136648034,-0.0046403712296983765
2015/6/30,I1509.DCE,1255576.0,416.0,1.1446738767424731,476.1843327248688,0.141019649,-0.06516853932584277
2015/7/1,I1509.DCE,1249364.0,413.5,1.1446738767424731,473.3226480330126,0.18812385,-0.051605504587155945
2015/7/2,I1509.DCE,1263572.0,417.0,1.1446738767424731,477.3290066016113,0.163497246,-0.045766590389016024
2015/7/3,I1509.DCE,1268394.0,408.0,1.1446738767424731,467.026941710929,0.151616278,-0.048951048951049014
2015/7/6,I1509.DCE,1269492.0,394.5,1.1446738767424731,451.57384437490566,0.152917246,-0.05168269230769223
2015/7/7,I1509.DCE,1145200.0,376.0,1.1446738767424731,430.3973776551699,0.160644957,-0.09068923821039897
2015/7/8,I1509.DCE,668174.0,349.0,1.1446738767424731,399.4911829831231,0.16886308,-0.16306954436450843
2015/7/9,I1509.DCE,655880.0,367.0,1.1446738767424731,420.09531276448763,0.096036021,-0.10049019607843133
2015/7/10,I1509.DCE,726804.0,364.5,1.1446738767424731,417.23362807263146,0.096705376,-0.07604562737642587
2015/7/13,I1509.DCE,696408.0,366.0,1.1446738767424731,418.9506388877452,0.147795146,-0.026595744680851068
2015/7/14,I1509.DCE,656878.0,369.5,1.1446738767424731,422.9569974563438,0.129269809,0.05873925501432663
2015/7/15,I1509.DCE,652630.0,368.0,1.1446738767424731,421.23998664123013,0.112741538,0.002724795640327044
2015/7/16,I1509.DCE,595046.0,366.5,1.1446738767424731,419.5229758261164,0.130351146,0.005486968449931414
2015/7/17,I1509.DCE,562926.0,369.0,1.1446738767424731,422.3846605179726,0.142276,0.008196721311475343
2015/7/20,I1601.DCE,633826.0,364.5,1.158805652998553,422.3846605179726,0.033563559,-0.0013531799729363672
2015/7/21,I1601.DCE,671400.0,360.0,1.158805652998553,417.17003507947913,0.033985456,-0.009661835748792227
2015/7/22,I1601.DCE,696712.0,349.5,1.158805652998553,405.0025757229943,0.030613726,-0.034611692183315584
2015/7/23,I1601.DCE,689028.0,352.0,1.158805652998553,407.8995898554907,0.047901252,-0.03429355281207121
2015/7/24,I1601.DCE,765838.0,348.5,1.158805652998553,403.84377006999574,0.057266958,-0.04389574759945127
2015/7/27,I1601.DCE,816686.0,353.0,1.158805652998553,409.05839550848924,0.08741023,-0.019444444444444497
2015/7/28,I1601.DCE,833930.0,359.5,1.158805652998553,416.59063225297984,0.098889746,0.028612303290414854
2015/7/29,I1601.DCE,977384.0,369.0,1.158805652998553,427.5992859564661,0.075106697,0.04829545454545443
2015/7/30,I1601.DCE,903142.0,364.0,1.158805652998553,421.80525769147334,0.093336008,0.04447632711621241
2015/7/31,I1601.DCE,947038.0,367.0,1.158805652998553,425.281674650469,0.105404402,0.03966005665722377
2015/8/3,I1601.DCE,1046262.0,363.0,1.158805652998553,420.64645203847476,0.110928609,0.009735744089012476
2015/8/4,I1601.DCE,990486.0,366.5,1.158805652998553,424.7022718239697,0.114155163,-0.006775067750677535
2015/8/5,I1601.DCE,1160120.0,377.0,1.158805652998553,436.8697311804545,0.106736098,0.035714285714285615
2015/8/6,I1601.DCE,1186682.0,373.5,1.158805652998553,432.8139113949596,0.133172204,0.01771117166212536
2015/8/7,I1601.DCE,1186352.0,371.5,1.158805652998553,430.49630008896247,0.168323257,0.023415977961432525
2015/8/10,I1601.DCE,1178772.0,370.0,1.158805652998553,428.75809160946466,0.156017104,0.00954979536152806
2015/8/11,I1601.DCE,1344758.0,373.0,1.158805652998553,432.2345085684603,0.13335469,-0.01061007957559681
2015/8/12,I1601.DCE,1346138.0,377.5,1.158805652998553,437.4491340069538,0.123327704,0.010709504685408293
2015/8/13,I1601.DCE,1466244.0,387.5,1.158805652998553,449.0371905369393,0.1241669,0.043068640646029575
2015/8/14,I1601.DCE,1482020.0,385.0,1.158805652998553,446.14017640444297,0.120876833,0.04054054054054058
2015/8/17,I1601.DCE,1499038.0,381.0,1.158805652998553,441.5049537924487,0.143019404,0.021447721179624648
2015/8/18,I1601.DCE,1484070.0,383.5,1.158805652998553,444.4019679249451,0.158731666,0.015894039735099327
2015/8/19,I1601.DCE,1503534.0,377.5,1.158805652998553,437.4491340069538,0.152838215,-0.02580645161290321
2015/8/20,I1601.DCE,1508472.0,376.0,1.158805652998553,435.71092552745597,0.153463585,-0.023376623376623423
2015/8/21,I1601.DCE,1502578.0,379.5,1.158805652998553,439.7667453129509,0.15622803,-0.003937007874015713
2015/8/24,I1601.DCE,1448802.0,362.5,1.158805652998553,420.0670492119755,0.150501841,-0.05475880052151241
2015/8/25,I1601.DCE,1461056.0,360.5,1.158805652998553,417.74943790597837,0.16023871,-0.04503311258278149
2015/8/26,I1601.DCE,1490350.0,362.5,1.158805652998553,420.0670492119755,0.163755311,-0.03590425531914901
2015/8/27,I1601.DCE,1435156.0,373.0,1.158805652998553,432.2345085684603,0.180579821,-0.01712779973649541
2015/8/28,I1601.DCE,1474290.0,382.0,1.158805652998553,442.6637594454473,0.171983895,0.053793103448275925
2015/8/31,I1601.DCE,1535956.0,389.0,1.158805652998553,450.7753990164372,0.181225001,0.07905686546463257
2015/9/1,I1601.DCE,1643254.0,388.5,1.158805652998553,450.1959961899379,0.169024964,0.07172413793103456
2015/9/2,I1601.DCE,1580584.0,391.0,1.158805652998553,453.0930103224343,0.163806267,0.04825737265415559
2015/9/7,I1601.DCE,1558044.0,383.5,1.158805652998553,444.4019679249451,0.154556419,0.003926701570680593
2015/9/8,I1601.DCE,1592742.0,388.5,1.158805652998553,450.1959961899379,0.177312889,-0.00128534704370183
2015/9/9,I1601.DCE,1689914.0,398.0,1.158805652998553,461.2046498934241,0.164879071,0.024453024453024403
2015/9/10,I1601.DCE,1732076.0,410.0,1.158805652998553,475.11031772940675,0.21515701,0.04859335038363161
2015/9/11,I1601.DCE,1602472.0,407.5,1.158805652998553,472.2133035969104,0.224550615,0.06258148631029996
2015/9/14,I1601.DCE,1629400.0,401.5,1.158805652998553,465.2604696789191,0.211747847,0.0334620334620335
2015/9/15,I1601.DCE,1674400.0,392.5,1.158805652998553,454.8312188019321,0.19191647,-0.013819095477386894
2015/9/16,I1601.DCE,1649114.0,397.0,1.158805652998553,460.0458442404256,0.177464453,-0.03170731707317065
2015/9/17,I1601.DCE,1654816.0,393.5,1.158805652998553,455.9900244549306,0.183192354,-0.03435582822085899
2015/9/18,I1601.DCE,1629956.0,388.0,1.158805652998553,449.6165933634386,0.177548186,-0.03362391033623917
2015/9/21,I1601.DCE,1648002.0,390.5,1.158805652998553,452.513607495935,0.184643312,-0.005095541401273882
2015/9/22,I1601.DCE,1693976.0,383.5,1.158805652998553,444.4019679249451,0.188119978,-0.03400503778337538
2015/9/23,I1601.DCE,1686350.0,379.0,1.158805652998553,439.1873424864516,0.229118085,-0.03684879288437103
2015/9/24,I1601.DCE,1696198.0,378.0,1.158805652998553,438.0285368334531,0.242792748,-0.02577319587628864
2015/9/25,I1601.DCE,1605480.0,382.0,1.158805652998553,442.6637594454473,0.253099813,-0.021766965428937274
2015/9/28,I1601.DCE,1658648.0,368.0,1.158805652998553,426.44048030346755,0.258654338,-0.04041720990873527
2015/9/29,I1601.DCE,1529442.0,367.0,1.158805652998553,425.281674650469,0.268429176,-0.031662269129287574
2015/9/30,I1601.DCE,1498778.0,366.0,1.158805652998553,424.12286899747045,0.278289202,-0.03174603174603172
2015/10/8,I1601.DCE,1589436.0,373.5,1.158805652998553,432.8139113949596,0.290309008,-0.022251308900523577
2015/10/9,I1601.DCE,1700466.0,391.0,1.158805652998553,453.0930103224343,0.302374051,0.06250000000000001
2015/10/12,I1601.DCE,1657420.0,380.5,1.158805652998553,440.92555096594947,0.293501166,0.03678474114441424
2015/10/13,I1601.DCE,1704690.0,376.5,1.158805652998553,436.29032835395526,0.270172869,0.028688524590163945
2015/10/14,I1601.DCE,1748034.0,375.0,1.158805652998553,434.5521198744574,0.258030471,0.0040160642570280765
2015/10/15,I1601.DCE,1738100.0,374.5,1.158805652998553,433.97271704795816,0.245155778,-0.04219948849104859
2015/10/16,I1601.DCE,1667802.0,367.5,1.158805652998553,425.86107747696826,0.223184237,-0.03416557161629439
2015/10/19,I1601.DCE,1668416.0,370.5,1.158805652998553,429.33749443596395,0.256833221,-0.015936254980079667
2015/10/20,I1601.DCE,1700344.0,371.5,1.158805652998553,430.49630008896247,0.278460802,-0.009333333333333294
2015/10/21,I1601.DCE,1795384.0,365.0,1.158805652998553,422.96406334447187,0.260874083,-0.025367156208277782
2015/10/22,I1601.DCE,1738100.0,367.0,1.158805652998553,425.281674650469,0.259390041,-0.0013605442176871073
2015/10/23,I1601.DCE,1704598.0,370.0,1.158805652998553,428.75809160946466,0.266154649,-0.001349527665317171
2015/10/26,I1601.DCE,1664226.0,365.5,1.158805652998553,423.54346617097116,0.283251526,-0.01615074024226109
2015/10/27,I1601.DCE,1645102.0,366.5,1.158805652998553,424.7022718239697,0.305294248,0.004109589041095854
2015/10/28,I1601.DCE,1683252.0,358.0,1.158805652998553,414.85242377348203,0.266204775,-0.024523160762942694
2015/10/29,I1601.DCE,1794434.0,358.0,1.158805652998553,414.85242377348203,0.256945508,-0.032432432432432406
2015/10/30,I1601.DCE,1771732.0,362.5,1.158805652998553,420.0670492119755,0.271914855,-0.008207934336525368
2015/11/2,I1601.DCE,1751696.0,359.0,1.158805652998553,416.01122942648055,0.251593676,-0.02046384720327417
2015/11/3,I1601.DCE,1737976.0,349.0,1.158805652998553,404.42317289649503,0.216708834,-0.02513966480446932
2015/11/4,I1601.DCE,1756308.0,351.0,1.158805652998553,406.74078420249214,0.173856842,-0.019553072625698376
2015/11/5,I1601.DCE,1638408.0,345.5,1.158805652998553,400.3673531110001,0.139612466,-0.04689655172413783
2015/11/6,I1601.DCE,1423176.0,347.5,1.158805652998553,402.6849644169972,0.129642449,-0.03203342618384395
2015/11/9,I1601.DCE,1446346.0,348.5,1.158805652998553,403.84377006999574,0.142953376,-0.0014326647564470254
2015/11/10,I1601.DCE,1429260.0,348.0,1.158805652998553,403.26436724349645,0.166154466,-0.00854700854700861
2015/11/11,I1601.DCE,1373558.0,345.0,1.158805652998553,399.7879502845008,0.167639841,-0.0014471780028943904
2015/11/12,I1601.DCE,1298606.0,347.0,1.158805652998553,402.1055615904979,0.213298901,-0.0014388489208633434
2015/11/13,I1601.DCE,1249272.0,350.5,1.158805652998553,406.16138137599285,0.234436976,0.005738880918220943
2015/11/16,I1601.DCE,1147614.0,348.5,1.158805652998553,403.84377006999574,0.264262909,0.0014367816091954365
2015/11/17,I1601.DCE,1021324.0,339.5,1.158805652998553,393.4145191930088,0.189443651,-0.015942028985507197
2015/11/18,I1601.DCE,994242.0,337.5,1.158805652998553,391.0969078870117,0.190602198,-0.027377521613832796
2015/11/19,I1601.DCE,934382.0,331.0,1.158805652998553,383.5646711425211,0.233906053,-0.05563480741797425
2015/11/20,I1605.DCE,892618.0,305.5,1.2555308384370576,383.5646711425211,0.087315476,-0.05021520803443321
2015/11/23,I1605.DCE,1030380.0,300.0,1.2555308384370576,376.65925153111726,0.109078897,-0.04258934748077108
2015/11/24,I1605.DCE,1118260.0,301.0,1.2555308384370576,377.91478236955436,0.098658033,-0.033705522216160466
2015/11/25,I1605.DCE,1128444.0,306.0,1.2555308384370576,384.1924365617396,0.136747395,0.0016366612111292722
2015/11/26,I1605.DCE,1100264.0,307.0,1.2555308384370576,385.4479674001767,0.111482419,0.004909983633387965
2015/11/27,I1605.DCE,1116010.0,302.5,1.2555308384370576,379.7980786272099,0.103156228,0.008333333333333363
2015/11/30,I1605.DCE,1194970.0,293.5,1.2555308384370576,368.4983010812764,0.111541339,-0.024916943521594768
2015/12/1,I1605.DCE,1209948.0,292.5,1.2555308384370576,367.24277024283936,0.10674818,-0.04411764705882348
2015/12/2,I1605.DCE,1279512.0,293.5,1.2555308384370576,368.4983010812764,0.080695982,-0.043973941368078265
2015/12/3,I1605.DCE,1312398.0,290.0,1.2555308384370576,364.1039431467467,0.071347354,-0.04132231404958677
2015/12/4,I1605.DCE,1313442.0,289.0,1.2555308384370576,362.84841230830966,0.061260988,-0.015332197614991412
2015/12/7,I1605.DCE,1345876.0,293.5,1.2555308384370576,368.4983010812764,0.050173056,0.0034188034188033685
2015/12/8,I1605.DCE,1311588.0,286.5,1.2555308384370576,359.709585212217,0.072229831,-0.0238500851788756
2015/12/9,I1605.DCE,1381228.0,287.0,1.2555308384370576,360.3373506314355,0.051319423,-0.010344827586206902
2015/12/10,I1605.DCE,1419348.0,284.0,1.2555308384370576,356.57075811612435,0.031009141,-0.017301038062283794
2015/12/11,I1605.DCE,1386810.0,287.0,1.2555308384370576,360.3373506314355,0.046146702,-0.02214650766609879
2015/12/14,I1605.DCE,1453536.0,290.5,1.2555308384370576,364.7317085659652,0.055814036,0.013961605584642187
2015/12/15,I1605.DCE,1495414.0,288.5,1.2555308384370576,362.22064688909114,0.061368283,0.005226480836237015
2015/12/16,I1605.DCE,1508444.0,293.5,1.2555308384370576,368.4983010812764,0.075586619,0.0334507042253521
2015/12/17,I1605.DCE,1503214.0,293.0,1.2555308384370576,367.8705356620579,0.070607931,0.020905923344947744
2015/12/18,I1605.DCE,1549110.0,300.5,1.2555308384370576,377.2870169503358,0.093803501,0.03442340791738378
2015/12/21,I1605.DCE,1547870.0,309.5,1.2555308384370576,388.5867944962693,0.09590353,0.07279029462738289
2015/12/22,I1605.DCE,1612972.0,308.0,1.2555308384370576,386.70349823861375,0.067129393,0.049403747870528154
2015/12/23,I1605.DCE,1640652.0,302.5,1.2555308384370576,379.7980786272099,0.048667793,0.03242320819112627
2015/12/24,I1605.DCE,1658490.0,304.0,1.2555308384370576,381.68137488486553,0.063111351,0.011647254575707287
2015/12/25,I1605.DCE,1608498.0,304.5,1.2555308384370576,382.30914030408405,0.067910038,-0.0161550888529886
2015/12/28,I1605.DCE,1642400.0,309.0,1.2555308384370576,387.9590290770508,0.100948325,0.003246753246753199
2015/12/29,I1605.DCE,1561474.0,316.0,1.2555308384370576,396.7477449461102,0.089131418,0.04462809917355366
2015/12/30,I1605.DCE,1540646.0,321.0,1.2555308384370576,403.0253991382955,0.101816971,0.055921052631578864
2015/12/31,I1605.DCE,1456456.0,322.0,1.2555308384370576,404.2809299767325,0.106193521,0.05747126436781599
2016/1/4,I1605.DCE,1558020.0,321.5,1.2555308384370576,403.653164557514,0.120525045,0.04045307443365695
2016/1/5,I1605.DCE,1568360.0,324.5,1.2555308384370576,407.4197570728252,0.138196137,0.026898734177215226
2016/1/6,I1605.DCE,1539760.0,318.5,1.2555308384370576,399.88657204220283,0.136056739,-0.007788161993769497
2016/1/7,I1605.DCE,1558846.0,320.0,1.2555308384370576,401.76986829985844,0.121101885,-0.006211180124223512
2016/1/8,I1605.DCE,1476292.0,311.5,1.2555308384370576,391.09785617314344,0.100124095,-0.031104199066873995
2016/1/11,I1605.DCE,1448216.0,305.5,1.2555308384370576,383.5646711425211,0.136976537,-0.05855161787365175
2016/1/12,I1605.DCE,1454950.0,300.5,1.2555308384370576,377.2870169503358,0.134219372,-0.056514913657770824
2016/1/13,I1605.DCE,1507986.0,300.5,1.2555308384370576,377.2870169503358,0.12406284,-0.060937500000000096
2016/1/14,I1605.DCE,1563116.0,305.0,1.2555308384370576,382.9369057233026,0.137206448,-0.020866773675762423
2016/1/15,I1605.DCE,1612298.0,306.5,1.2555308384370576,384.82020198095813,0.141514743,0.0032733224222585445
2016/1/18,I1605.DCE,1558246.0,319.0,1.2555308384370576,400.51433746142135,0.150258228,0.06156405990016639
2016/1/19,I1605.DCE,1605896.0,322.0,1.2555308384370576,404.2809299767325,0.153597159,0.07154742096505824
2016/1/20,I1605.DCE,1425680.0,314.0,1.2555308384370576,394.2366832692361,0.142932285,0.029508196721311487
2016/1/21,I1605.DCE,1425598.0,314.0,1.2555308384370576,394.2366832692361,0.152714538,0.02446982055464935
2016/1/22,I1605.DCE,1509720.0,315.5,1.2555308384370576,396.11997952689165,0.151969252,-0.01097178683385578
2016/1/25,I1605.DCE,1483438.0,313.5,1.2555308384370576,393.6089178500176,0.148061151,-0.026397515527950204
2016/1/26,I1605.DCE,1524332.0,318.0,1.2555308384370576,399.2588066229843,0.145912708,0.01273885350318467
2016/1/27,I1605.DCE,1649402.0,324.5,1.2555308384370576,407.4197570728252,0.16663792,0.03343949044585982
2016/1/28,I1605.DCE,1610256.0,318.5,1.2555308384370576,399.88657204220283,0.145677835,0.009508716323296359
2016/1/29,I1605.DCE,1643326.0,321.0,1.2555308384370576,403.0253991382955,0.154088505,0.023923444976076493
2016/2/1,I1605.DCE,1665216.0,324.5,1.2555308384370576,407.4197570728252,0.152382399,0.02044025157232703
2016/2/2,I1605.DCE,1592264.0,325.5,1.2555308384370576,408.6752879112623,0.166111133,0.0030816640986133454
2016/2/3,I1605.DCE,1618274.0,329.0,1.2555308384370576,413.06964584579197,0.164293329,0.03296703296703305
2016/2/4,I1605.DCE,1566600.0,340.5,1.2555308384370576,427.5082504878181,0.172204087,0.06074766355140183
2016/2/5,I1605.DCE,1335296.0,335.5,1.2555308384370576,421.23059629563284,0.165622933,0.033898305084745825
2016/2/15,I1605.DCE,1424286.0,339.5,1.2555308384370576,426.25271964938105,0.181865905,0.04301075268817196
2016/2/16,I1605.DCE,1552220.0,339.0,1.2555308384370576,425.62495423016253,0.191325084,0.030395136778115468
2016/2/17,I1605.DCE,1591928.0,339.0,1.2555308384370576,425.62495423016253,0.195927134,-0.00440528634361227
2016/2/18,I1605.DCE,1706434.0,344.0,1.2555308384370576,431.90260842234784,0.188452482,0.025335320417287664
2016/2/19,I1605.DCE,1732626.0,353.0,1.2555308384370576,443.2023859682813,0.232346373,0.03976435935198817
2016/2/22,I1605.DCE,1729970.0,365.5,1.2555308384370576,458.8965214487446,0.206885369,0.07817109144542778
2016/2/23,I1605.DCE,1502256.0,368.0,1.2555308384370576,462.0353485448372,0.209688939,0.08554572271386425
2016/2/24,I1605.DCE,1633890.0,372.5,1.2555308384370576,467.68523731780397,0.236665784,0.08284883720930229
2016/2/25,I1605.DCE,1643246.0,369.5,1.2555308384370576,463.9186448024928,0.221566921,0.04674220963172813
2016/2/26,I1605.DCE,1634726.0,364.0,1.2555308384370576,457.01322519108896,0.220718003,-0.004103967168262717
2016/2/29,I1605.DCE,1629886.0,369.5,1.2555308384370576,463.9186448024928,0.200330464,0.004076086956521802
2016/3/1,I1605.DCE,1436494.0,377.5,1.2555308384370576,473.9628915099892,0.200078244,0.013422818791946232
2016/3/2,I1605.DCE,1382918.0,385.5,1.2555308384370576,484.0071382174857,0.175604008,0.04330175913396479
2016/3/3,I1605.DCE,1400864.0,383.5,1.2555308384370576,481.49607654061157,0.172506531,0.053571428571428534
2016/3/4,I1605.DCE,1444834.0,396.5,1.2555308384370576,497.81797744029336,0.201985263,0.07307171853856566
2016/3/7,I1605.DCE,1419456.0,407.0,1.2555308384370576,511.00105124388244,0.185106324,0.07814569536423846
2016/3/8,I1605.DCE,1341538.0,423.0,1.2555308384370576,531.0895446588754,0.177886907,0.09727626459143979
2016/3/9,I1605.DCE,1047014.0,424.0,1.2555308384370576,532.3450754973125,0.300774022,0.10560625814863114
2016/3/10,I1605.DCE,1174028.0,439.0,1.2555308384370576,551.1780380738683,0.334380581,0.10718789407313987
2016/3/11,I1605.DCE,1147334.0,427.0,1.2555308384370576,536.1116680126236,0.302338783,0.04914004914004909
2016/3/14,I1605.DCE,1087486.0,422.5,1.2555308384370576,530.4617792396568,0.313417762,-0.0011820330969268035
2016/3/15,I1605.DCE,1039788.0,413.0,1.2555308384370576,518.5342362745048,0.328940771,-0.02594339622641514
2016/3/16,I1605.DCE,1061572.0,419.0,1.2555308384370576,526.0674213051271,0.258511393,-0.04555808656036442
2016/3/17,I1605.DCE,1086568.0,435.5,1.2555308384370576,546.7836801393386,0.266595598,0.019906323185011735
2016/3/18,I1609.DCE,1033364.0,413.5,1.3223305444724027,546.7836801393386,0.170181112,0.030769230769230747
2016/3/21,I1609.DCE,1231352.0,422.5,1.3223305444724027,558.6846550395901,0.181701385,0.07743060333595839
2016/3/22,I1609.DCE,1448306.0,416.5,1.3223305444724027,550.7506717727557,0.192169159,0.04692031756384303
2016/3/23,I1609.DCE,1570664.0,411.0,1.3223305444724027,543.4778537781575,0.175163119,-0.006045949214026702
2016/3/24,I1609.DCE,1482932.0,390.0,1.3223305444724027,515.7089123442371,0.180746237,-0.056831922611850084
2016/3/25,I1609.DCE,1436880.0,392.5,1.3223305444724027,519.014738705418,0.179560325,-0.07100591715976327
2016/3/28,I1609.DCE,1480124.0,378.5,1.3223305444724027,500.50211108280445,0.169369388,-0.09123649459783906
2016/3/29,I1609.DCE,1393050.0,379.0,1.3223305444724027,501.16327635504064,0.156439528,-0.07785888077858878
2016/3/30,I1609.DCE,1318524.0,379.0,1.3223305444724027,501.16327635504064,0.181892954,-0.028205128205128254
2016/3/31,I1609.DCE,1240802.0,380.0,1.3223305444724027,502.485606899513,0.181399727,-0.03184713375796177
2016/4/1,I1609.DCE,1143210.0,386.5,1.3223305444724027,511.08075543858365,0.190800811,0.02113606340819019
2016/4/5,I1609.DCE,1180076.0,382.0,1.3223305444724027,505.13026798845783,0.180421256,0.007915567282321873
2016/4/6,I1609.DCE,1313716.0,375.0,1.3223305444724027,495.873954177151,0.175288552,-0.010554089709762573
2016/4/7,I1609.DCE,1278100.0,377.5,1.3223305444724027,499.179780538332,0.174093834,-0.006578947368421049
2016/4/8,I1609.DCE,1302510.0,377.0,1.3223305444724027,498.5186152660958,0.182887502,-0.024579560155239336
2016/4/11,I1609.DCE,1387090.0,388.0,1.3223305444724027,513.0642512552922,0.185870124,0.01570680628272246
2016/4/12,I1609.DCE,1473448.0,409.5,1.3223305444724027,541.4943579614489,0.187651272,0.09200000000000008
2016/4/13,I1609.DCE,1450180.0,419.0,1.3223305444724027,554.0564981339368,0.21816105,0.10993377483443718
2016/4/14,I1609.DCE,1399332.0,417.5,1.3223305444724027,552.0730023172281,0.222890914,0.10742705570291769
2016/4/15,I1609.DCE,1400088.0,408.5,1.3223305444724027,540.1720274169766,0.215975783,0.052835051546391926
2016/4/18,I1609.DCE,1446714.0,425.5,1.3223305444724027,562.6516466730073,0.230089332,0.039072039072039
2016/4/19,I1609.DCE,1509810.0,433.5,1.3223305444724027,573.2302910287866,0.214367293,0.034606205250596656
2016/4/20,I1609.DCE,1282812.0,454.5,1.3223305444724027,600.999232462707,0.218469943,0.08862275449101804
2016/4/21,I1609.DCE,1140156.0,474.0,1.3223305444724027,626.7846780799189,0.219494107,0.1603427172582618
2016/4/22,I1609.DCE,1049276.0,473.0,1.3223305444724027,625.4623475354465,0.22343375,0.11163337250293776
2016/4/25,I1609.DCE,1082698.0,471.0,1.3223305444724027,622.8176864465017,0.234864879,0.08650519031141873
2016/4/26,I1609.DCE,1039454.0,450.5,1.3223305444724027,595.7099102848174,0.235035226,-0.008800880088008833
2016/4/27,I1609.DCE,1003776.0,434.5,1.3223305444724027,574.552621573259,0.240256418,-0.0833333333333333
2016/4/28,I1609.DCE,910042.0,446.0,1.3223305444724027,589.7594228346916,0.270865824,-0.05708245243128971
2016/4/29,I1609.DCE,824094.0,462.0,1.3223305444724027,610.9167115462501,0.243188928,-0.019108280254777094
2016/5/3,I1609.DCE,762278.0,442.5,1.3223305444724027,585.1312659290382,0.269349917,-0.01775804661487224
2016/5/4,I1609.DCE,840028.0,435.0,1.3223305444724027,575.2137868454952,0.266567204,0.0011507479861910036
2016/5/5,I1609.DCE,966264.0,412.5,1.3223305444724027,545.4613495948661,0.225695367,-0.07511210762331841
2016/5/6,I1609.DCE,1007746.0,417.5,1.3223305444724027,552.0730023172281,0.234672724,-0.09632034632034646
2016/5/9,I1609.DCE,977240.0,388.0,1.3223305444724027,513.0642512552922,0.232052286,-0.12316384180790974
2016/5/10,I1609.DCE,981470.0,385.5,1.3223305444724027,509.7584248941113,0.233616459,-0.11379310344827581
2016/5/11,I1609.DCE,963338.0,385.0,1.3223305444724027,509.097259621875,0.221160641,-0.06666666666666664
2016/5/12,I1609.DCE,1018774.0,373.0,1.3223305444724027,493.2292930882062,0.219771487,-0.10658682634730536
2016/5/13,I1609.DCE,1053926.0,363.0,1.3223305444724027,480.0059876434822,0.235095509,-0.06443298969072161
2016/5/16,I1609.DCE,1017220.0,367.5,1.3223305444724027,485.956475093608,0.236573841,-0.04669260700389111
2016/5/17,I1609.DCE,1038494.0,385.5,1.3223305444724027,509.7584248941113,0.233616459,0.0012987012987013874
2016/5/18,I1609.DCE,1036164.0,372.0,1.3223305444724027,491.9069625437338,0.220384199,-0.0026809651474530355
2016/5/19,I1609.DCE,1063652.0,367.0,1.3223305444724027,485.2953098213718,0.223499753,0.011019283746556516
2016/5/20,I1609.DCE,1160884.0,375.0,1.3223305444724027,495.873954177151,0.22728412,0.02040816326530611
2016/5/23,I1609.DCE,1142714.0,353.5,1.3223305444724027,467.44384747099434,0.237016748,-0.08300907911802861
2016/5/24,I1609.DCE,1210206.0,350.5,1.3223305444724027,463.47685583757715,0.220409281,-0.057795698924731194
2016/5/25,I1609.DCE,1241750.0,342.0,1.3223305444724027,452.23704620956175,0.197490735,-0.06811989100817435
2016/5/26,I1609.DCE,1291172.0,345.0,1.3223305444724027,456.20403784297895,0.191019408,-0.07999999999999996
2016/5/27,I1609.DCE,1402116.0,350.0,1.3223305444724027,462.81569056534096,0.202103844,-0.009900990099009847
2016/5/30,I1609.DCE,1400878.0,347.5,1.3223305444724027,459.50986420415995,0.208290684,-0.00855920114122679
2016/5/31,I1609.DCE,1394062.0,344.0,1.3223305444724027,454.8817072985065,0.191592558,0.005847953216374165
2016/6/1,I1609.DCE,1409806.0,348.5,1.3223305444724027,460.83219474863233,0.212348021,0.010144927536231828
2016/6/2,I1609.DCE,1364196.0,343.5,1.3223305444724027,454.2205420262703,0.191880425,-0.01857142857142861
2016/6/3,I1609.DCE,1278556.0,347.5,1.3223305444724027,459.50986420415995,0.189601429,0.0
2016/6/6,I1609.DCE,1298498.0,367.0,1.3223305444724027,485.2953098213718,0.214592963,0.06686046511627913
2016/6/7,I1609.DCE,1239690.0,369.5,1.3223305444724027,488.6011361825528,0.226361725,0.06025824964131998
2016/6/8,I1609.DCE,1222610.0,366.5,1.3223305444724027,484.6341445491356,0.232762247,0.06695778748180502
2016/6/13,I1609.DCE,1254470.0,373.0,1.3223305444724027,493.2292930882062,0.232948403,0.0733812949640287
2016/6/14,I1609.DCE,1247496.0,355.5,1.3223305444724027,470.08850855993916,0.208020436,-0.031335149863760244
2016/6/15,I1609.DCE,1300000.0,360.0,1.3223305444724027,476.038996010065,0.23256938,-0.025710419485791617
2016/6/16,I1609.DCE,1294456.0,366.0,1.3223305444724027,483.9729792768994,0.237582275,-0.0013642564802182568
2016/6/17,I1609.DCE,1265206.0,372.5,1.3223305444724027,492.56812781597,0.237684798,-0.0013404825737265177
2016/6/20,I1609.DCE,1289372.0,369.5,1.3223305444724027,488.6011361825528,0.23524251,0.03938115330520396
2016/6/21,I1609.DCE,1294788.0,374.0,1.3223305444724027,494.5516236326786,0.241092094,0.03888888888888891
2016/6/22,I1609.DCE,1353878.0,386.5,1.3223305444724027,511.08075543858365,0.245759452,0.05601092896174857
2016/6/23,I1609.DCE,1373992.0,387.5,1.3223305444724027,512.403085983056,0.249356037,0.0402684563758389
2016/6/24,I1609.DCE,1372084.0,385.0,1.3223305444724027,509.097259621875,0.268252832,0.04194857916102837
2016/6/27,I1609.DCE,1381868.0,411.0,1.3223305444724027,543.4778537781575,0.266678634,0.09893048128342243
2016/6/28,I1609.DCE,1334626.0,419.0,1.3223305444724027,554.0564981339368,0.265319617,0.0840879689521346
2016/6/29,I1609.DCE,1328964.0,418.5,1.3223305444724027,553.3953328617006,0.241949442,0.08000000000000013
2016/6/30,I1609.DCE,1300600.0,428.0,1.3223305444724027,565.9574730341884,0.224865129,0.11168831168831182
2016/7/1,I1609.DCE,1164130.0,421.0,1.3223305444724027,556.7011592228815,0.220968926,0.024330900243308987
2016/7/4,I1609.DCE,1107406.0,438.0,1.3223305444724027,579.1807784789124,0.223275747,0.04534606205250598
2016/7/5,I1609.DCE,1067200.0,440.5,1.3223305444724027,582.4866048400934,0.221961191,0.052568697729987936
2016/7/6,I1609.DCE,1025942.0,428.0,1.3223305444724027,565.9574730341884,0.240207742,0.0
2016/7/7,I1609.DCE,1120748.0,426.5,1.3223305444724027,563.9739772174797,0.248816713,0.01306413301662705
2016/7/8,I1609.DCE,1114298.0,430.0,1.3223305444724027,568.6021341231332,0.254388032,-0.018264840182648467
2016/7/11,I1609.DCE,1076800.0,429.0,1.3223305444724027,567.2798035786608,0.247306151,-0.02610669693530072
2016/7/12,I1609.DCE,1106048.0,453.0,1.3223305444724027,599.0157366459985,0.259170882,0.058411214953270986
2016/7/13,I1609.DCE,1147308.0,457.5,1.3223305444724027,604.9662240961243,0.300224393,0.07268464243845264
2016/7/14,I1609.DCE,1163710.0,464.5,1.3223305444724027,614.222537907431,0.30631666,0.08023255813953485
2016/7/15,I1609.DCE,1155760.0,461.5,1.3223305444724027,610.2555462740139,0.304767425,0.07575757575757582
2016/7/18,I1609.DCE,1061056.0,431.0,1.3223305444724027,569.9244646676055,0.300152034,-0.048565121412803613
2016/7/19,I1609.DCE,959064.0,423.5,1.3223305444724027,560.0069855840626,0.278074173,-0.07431693989071037
2016/7/20,I1609.DCE,936746.0,423.0,1.3223305444724027,559.3458203118264,0.270548603,-0.08934337997847137
2016/7/21,I1609.DCE,1001078.0,447.0,1.3223305444724027,591.0817533791641,0.300125896,-0.0314192849404117
2016/7/22,I1609.DCE,965016.0,428.5,1.3223305444724027,566.6186383064246,0.301993087,-0.005800464037122867
2016/7/25,I1609.DCE,960264.0,442.5,1.3223305444724027,585.1312659290382,0.330033559,0.04486422668240851
2016/7/26,I1609.DCE,964438.0,446.0,1.3223305444724027,589.7594228346916,0.334903277,0.054373522458628684
2016/7/27,I1609.DCE,1041674.0,466.0,1.3223305444724027,616.2060337241396,0.327005764,0.04250559284116313
2016/7/28,I1609.DCE,1066438.0,472.5,1.3223305444724027,624.8011822632103,0.300865094,0.10268378063010498
2016/7/29,I1609.DCE,1039244.0,461.0,1.3223305444724027,609.5943810017776,0.305115123,0.04180790960451961
2016/8/1,I1609.DCE,1071792.0,486.5,1.3223305444724027,643.313809885824,0.326382107,0.0908071748878925
2016/8/2,I1609.DCE,1030850.0,485.5,1.3223305444724027,641.9914793413516,0.306234619,0.04184549356223194
2016/8/3,I1609.DCE,1029188.0,483.5,1.3223305444724027,639.3468182524067,0.30061523,0.023280423280423228
2016/8/4,I1609.DCE,952152.0,473.5,1.3223305444724027,626.1235128076827,0.325114517,0.027114967462039126
2016/8/5,I1609.DCE,1012542.0,492.5,1.3223305444724027,651.2477931526583,0.318756504,0.012332990750256893
2016/8/8,I1609.DCE,968776.0,503.0,1.3223305444724027,665.1322638696186,0.32517847,0.03604531410916569
2016/8/9,I1609.DCE,929586.0,501.5,1.3223305444724027,663.14876805291,0.329582908,0.03722854188210967
2016/8/10,I1701.DCE,879426.0,442.0,1.5003365793052261,663.14876805291,0.19702917,0.05913410770855336
2016/8/11,I1701.DCE,977780.0,431.0,1.5003365793052261,646.6450656805524,0.179506881,-0.0070675517376025945
2016/8/12,I1701.DCE,1137362.0,432.0,1.5003365793052261,648.1454022598576,0.182844765,-0.02553907325279103
2016/8/15,I1701.DCE,1143116.0,421.5,1.5003365793052261,632.3918681771528,0.179815696,-0.04638009049773765
2016/8/16,I1701.DCE,1239102.0,438.0,1.5003365793052261,657.147421735689,0.191425294,-0.009049773755656198
2016/8/17,I1701.DCE,1229134.0,426.5,1.5003365793052261,639.893551073679,0.177645408,-0.010440835266821252
2016/8/18,I1701.DCE,1237644.0,437.0,1.5003365793052261,655.6470851563838,0.191877329,0.011574074074074146
2016/8/19,I1701.DCE,1300214.0,444.5,1.5003365793052261,666.899609501173,0.192209339,0.054567022538552834
2016/8/22,I1701.DCE,1350036.0,443.5,1.5003365793052261,665.3992729218678,0.177963301,0.012557077625570836
2016/8/23,I1701.DCE,1380850.0,456.5,1.5003365793052261,684.9036484528357,0.183430877,0.07033997655334104
2016/8/24,I1701.DCE,1403222.0,456.0,1.5003365793052261,684.1534801631831,0.165836435,0.043478260869565175
2016/8/25,I1701.DCE,1396258.0,442.0,1.5003365793052261,663.14876805291,0.163909422,-0.005624296962879589
2016/8/26,I1701.DCE,1389910.0,431.0,1.5003365793052261,646.6450656805524,0.168209531,-0.028184892897407075
2016/8/29,I1701.DCE,1497454.0,421.0,1.5003365793052261,631.6416998875002,0.172319348,-0.07776560788608979
2016/8/30,I1701.DCE,1609924.0,418.0,1.5003365793052261,627.1406901495845,0.189161467,-0.08333333333333325
2016/8/31,I1701.DCE,1661566.0,412.5,1.5003365793052261,618.8888389634058,0.19176412,-0.06674208144796388
2016/9/1,I1701.DCE,1575518.0,417.5,1.5003365793052261,626.3905218599319,0.208994108,-0.03132250580046393
2016/9/2,I1701.DCE,1571582.0,419.5,1.5003365793052261,629.3911950185424,0.20014856,-0.0035629453681709894
2016/9/5,I1701.DCE,1609242.0,418.5,1.5003365793052261,627.8908584392371,0.192828206,0.0011961722488038169
2016/9/6,I1701.DCE,1646856.0,424.0,1.5003365793052261,636.1427096254159,0.197954288,0.027878787878787996
2016/9/7,I1701.DCE,1639162.0,407.5,1.5003365793052261,611.3871560668797,0.194193126,-0.023952095808383197
2016/9/8,I1701.DCE,1622772.0,408.5,1.5003365793052261,612.8874926461849,0.205722912,-0.02622169249106073
2016/9/9,I1701.DCE,1622734.0,408.5,1.5003365793052261,612.8874926461849,0.201710843,-0.02389486260453999
2016/9/12,I1701.DCE,1663694.0,398.0,1.5003365793052261,597.13395856348,0.198982006,-0.061320754716981285
2016/9/13,I1701.DCE,1675478.0,393.5,1.5003365793052261,590.3824439566065,0.197174913,-0.034355828220858954
2016/9/14,I1701.DCE,1604784.0,393.5,1.5003365793052261,590.3824439566065,0.193021593,-0.036719706242350096
2016/9/19,I1701.DCE,1623542.0,393.5,1.5003365793052261,590.3824439566065,0.180595268,-0.036719706242350096
2016/9/20,I1701.DCE,1674800.0,397.5,1.5003365793052261,596.3837902738273,0.178723962,-0.0012562814070351646
2016/9/21,I1701.DCE,1685390.0,399.0,1.5003365793052261,598.6342951427853,0.190276619,0.013977128335451146
2016/9/22,I1701.DCE,1642682.0,408.0,1.5003365793052261,612.1373243565323,0.181958283,0.03684879288437108
2016/9/23,I1701.DCE,1610848.0,413.5,1.5003365793052261,620.389175542711,0.175536,0.05082592121982203
2016/9/26,I1701.DCE,1594044.0,411.5,1.5003365793052261,617.3885023841005,0.184319391,0.03522012578616359
2016/9/27,I1701.DCE,1571258.0,406.0,1.5003365793052261,609.1366511979218,0.186893959,0.017543859649122646
2016/9/28,I1701.DCE,1560438.0,413.0,1.5003365793052261,619.6390072530584,0.191524559,0.012254901960784203
2016/9/29,I1701.DCE,1550926.0,413.5,1.5003365793052261,620.389175542711,0.211086999,0.0
2016/9/30,I1701.DCE,1344912.0,404.5,1.5003365793052261,606.886146328964,0.199724109,-0.01701093560145811
2016/10/10,I1701.DCE,1490188.0,412.5,1.5003365793052261,618.8888389634058,0.203660296,0.01600985221674881
2016/10/11,I1701.DCE,1642226.0,422.0,1.5003365793052261,633.1420364668054,0.214473528,0.021791767554479407
2016/10/12,I1701.DCE,1698272.0,428.0,1.5003365793052261,642.1440559426368,0.230615327,0.03506650544135435
2016/10/13,I1701.DCE,1665474.0,427.0,1.5003365793052261,640.6437193633316,0.231176283,0.0556242274412856
2016/10/14,I1701.DCE,1677404.0,438.5,1.5003365793052261,657.8975900253416,0.255142129,0.06303030303030302
2016/10/17,I1701.DCE,1612010.0,442.0,1.5003365793052261,663.14876805291,0.215584743,0.04739336492891007
2016/10/18,I1701.DCE,1585360.0,437.5,1.5003365793052261,656.3972534460364,0.206613157,0.02219626168224297
2016/10/19,I1701.DCE,1666534.0,436.0,1.5003365793052261,654.1467485770786,0.214884746,0.021077283372365325
2016/10/20,I1701.DCE,1560724.0,443.5,1.5003365793052261,665.3992729218678,0.225976262,0.011402508551881484
2016/10/21,I1701.DCE,1553700.0,444.5,1.5003365793052261,666.899609501173,0.247810141,0.0056561085972850166
2016/10/24,I1701.DCE,1626710.0,454.0,1.5003365793052261,681.1528070045727,0.271801034,0.03771428571428572
2016/10/25,I1701.DCE,1606974.0,471.5,1.5003365793052261,707.4086971424141,0.254195103,0.08142201834862381
2016/10/26,I1701.DCE,1339652.0,474.0,1.5003365793052261,711.1595385906771,0.270415273,0.06877113866967295
2016/10/27,I1701.DCE,1450892.0,478.5,1.5003365793052261,717.9110531975507,0.264262447,0.0764904386951631
2016/10/28,I1701.DCE,1439618.0,494.0,1.5003365793052261,741.1662701767817,0.265754941,0.08810572687224674
2016/10/31,I1701.DCE,1434258.0,502.0,1.5003365793052261,753.1689628112235,0.248056042,0.06468716861081661
2016/11/1,I1701.DCE,1414520.0,502.0,1.5003365793052261,753.1689628112235,0.244745489,0.05907172995780602
2016/11/2,I1701.DCE,1381070.0,491.5,1.5003365793052261,737.4154287285187,0.256971532,0.02716823406478586
2016/11/3,I1701.DCE,1343350.0,500.5,1.5003365793052261,750.9184579422657,0.258816007,0.01315789473684214
2016/11/4,I1701.DCE,1430914.0,500.0,1.5003365793052261,750.1682896526131,0.262425456,-0.003984063745019884
2016/11/7,I1701.DCE,1457486.0,520.0,1.5003365793052261,780.1750212387176,0.255109237,0.03585657370517926
2016/11/8,I1701.DCE,1281542.0,519.0,1.5003365793052261,778.6746846594124,0.268495844,0.05595116988809761
2016/11/9,I1701.DCE,1137634.0,551.5,1.5003365793052261,827.4356234868322,0.264104091,0.10189810189810188
2016/11/10,I1701.DCE,935634.0,588.0,1.5003365793052261,882.197908631473,0.258359609,0.1759999999999999
2016/11/11,I1701.DCE,973154.0,614.5,1.5003365793052261,921.9568279830614,0.265749432,0.1817307692307692
2016/11/14,I1701.DCE,849190.0,627.0,1.5003365793052261,940.7110352243768,0.297723772,0.20809248554913296
2016/11/15,I1701.DCE,807626.0,591.0,1.5003365793052261,886.6989183693886,0.27396894,0.07162284678150489
2016/11/16,I1701.DCE,770890.0,577.0,1.5003365793052261,865.6942062591155,0.28676141,-0.01870748299319724
2016/11/17,I1701.DCE,863526.0,577.0,1.5003365793052261,865.6942062591155,0.298457237,-0.06102522375915373
2016/11/18,I1701.DCE,843686.0,551.0,1.5003365793052261,826.6854551971796,0.304050255,-0.1212121212121212
2016/11/21,I1701.DCE,911746.0,552.5,1.5003365793052261,828.9359600661375,0.309317058,-0.06514382402707268
2016/11/22,I1701.DCE,785230.0,580.5,1.5003365793052261,870.9453842866837,0.31115291,0.006065857885615197
2016/11/23,I1701.DCE,757236.0,616.5,1.5003365793052261,924.9575011416719,0.308550202,0.0684575389948006
2016/11/24,I1705.DCE,646638.0,576.5,1.6044362552327351,924.9575011416719,0.189802068,0.1188747731397458
2016/11/25,I1705.DCE,859560.0,613.0,1.6044362552327351,983.5194244576667,0.21408008,0.1864842060648396
2016/11/28,I1705.DCE,900398.0,622.5,1.6044362552327351,998.7615688823777,0.167831358,0.14675568284959353
2016/11/29,I1705.DCE,978978.0,577.0,1.6044362552327351,925.7597192692882,0.167948486,0.0008673026886383227
2016/11/30,I1705.DCE,802416.0,556.0,1.6044362552327351,892.0665579094008,0.17448357,-0.03555941023417172
2016/12/1,I1705.DCE,912974.0,595.0,1.6044362552327351,954.6395718634774,0.167957563,-0.029363784665579176
2016/12/2,I1705.DCE,925294.0,574.0,1.6044362552327351,920.94641050359,0.187921721,-0.07791164658634543
2016/12/5,I1705.DCE,966858.0,605.0,1.6044362552327351,970.6839344158047,0.190945495,0.04852686308492195
2016/12/6,I1705.DCE,1006578.0,604.5,1.6044362552327351,969.8817162881884,0.191108671,0.08723021582733806
2016/12/7,I1705.DCE,1088068.0,644.5,1.6044362552327351,1034.0591664974977,0.178879712,0.0831932773109243
2016/12/8,I1705.DCE,990776.0,635.0,1.6044362552327351,1018.8170220727868,0.176713705,0.10627177700348434
2016/12/9,I1705.DCE,1037920.0,618.0,1.6044362552327351,991.5416057338304,0.16908921,0.02148760330578518
2016/12/12,I1705.DCE,1055646.0,635.5,1.6044362552327351,1019.6192402004032,0.17165631,0.05128205128205127
2016/12/13,I1705.DCE,1077970.0,645.5,1.6044362552327351,1035.6636027527306,0.154466434,0.0015515903801398417
2016/12/14,I1705.DCE,1191134.0,605.0,1.6044362552327351,970.6839344158047,0.157393067,-0.04724409448818899
2016/12/15,I1705.DCE,1125972.0,608.5,1.6044362552327351,976.2994613091194,0.161569168,-0.015372168284789661
2016/12/16,I1705.DCE,1127448.0,591.5,1.6044362552327351,949.0240449701629,0.168980473,-0.069236821400472
2016/12/19,I1705.DCE,1113664.0,560.0,1.6044362552327351,898.4843029303316,0.184370834,-0.13245546088303653
2016/12/20,I1705.DCE,1101380.0,568.0,1.6044362552327351,911.3197929721936,0.195505247,-0.06115702479338841
2016/12/21,I1705.DCE,1146676.0,573.0,1.6044362552327351,919.3419742483572,0.210247789,-0.058340180772391136
2016/12/22,I1705.DCE,1146852.0,542.5,1.6044362552327351,870.4066684637588,0.213761207,-0.08284023668639058
2016/12/23,I1705.DCE,1094856.0,548.5,1.6044362552327351,880.0332859951552,0.234491766,-0.020535714285714254
2016/12/26,I1705.DCE,1087366.0,554.5,1.6044362552327351,889.6599035265516,0.254915974,-0.02376760563380286
2016/12/27,I1705.DCE,1046880.0,560.5,1.6044362552327351,899.286521057948,0.257793652,-0.02181500872600356
2016/12/28,I1705.DCE,1047580.0,564.5,1.6044362552327351,905.704266078879,0.247365505,0.04055299539170503
2016/12/29,I1705.DCE,1035328.0,569.0,1.6044362552327351,912.9242292274263,0.259416074,0.037374658158614404
2016/12/30,I1705.DCE,921192.0,548.0,1.6044362552327351,879.2310678675389,0.258076097,-0.011722272317403032
2017/1/3,I1705.DCE,979164.0,534.0,1.6044362552327351,856.7689602942805,0.26817359,-0.04727921498661907
2017/1/4,I1705.DCE,1019180.0,542.0,1.6044362552327351,869.6044503361425,0.261063526,-0.039858281665190384
2017/1/5,I1705.DCE,985294.0,550.5,1.6044362552327351,883.2421585056208,0.277343646,-0.03251318101933209
2017/1/6,I1705.DCE,1066706.0,538.5,1.6044362552327351,863.9889234428279,0.268821196,-0.017335766423357685
2017/1/9,I1705.DCE,1050866.0,571.5,1.6044362552327351,916.9353198655082,0.266676345,0.07022471910112368
2017/1/10,I1705.DCE,1087534.0,594.0,1.6044362552327351,953.0351356082447,0.264242337,0.09594095940959407
2017/1/11,I1705.DCE,1051130.0,601.0,1.6044362552327351,964.2661893948738,0.24767458,0.09173478655767472
2017/1/12,I1705.DCE,1110954.0,607.5,1.6044362552327351,974.6950250538866,0.250181635,0.1281337047353761
2017/1/13,I1705.DCE,1107150.0,607.0,1.6044362552327351,973.8928069262703,0.245121556,0.062117235345581806
2017/1/16,I1705.DCE,1139744.0,653.0,1.6044362552327351,1047.696874666976,0.222304328,0.09932659932659939
2017/1/17,I1705.DCE,1071302.0,638.0,1.6044362552327351,1023.6303308384851,0.222757734,0.06156405990016648
2017/1/18,I1705.DCE,1135722.0,638.0,1.6044362552327351,1023.6303308384851,0.227738358,0.05020576131687243
2017/1/19,I1705.DCE,1105914.0,637.0,1.6044362552327351,1022.0258945832522,0.225614503,0.04942339373970336
2017/1/20,I1705.DCE,1120620.0,612.5,1.6044362552327351,982.7172063300503,0.229808303,-0.06202143950995406
2017/1/23,I1705.DCE,1033172.0,607.5,1.6044362552327351,974.6950250538866,0.23177618,-0.04780564263322884
2017/1/24,I1705.DCE,1138602.0,648.5,1.6044362552327351,1040.4769115184288,0.238637147,0.01645768025078369
2017/1/25,I1705.DCE,1006728.0,641.5,1.6044362552327351,1029.2458577317996,0.226446779,0.007064364207221364
2017/1/26,I1705.DCE,954832.0,660.0,1.6044362552327351,1058.927928453605,0.23430906,0.07755102040816311
2017/2/3,I1705.DCE,913972.0,611.5,1.6044362552327351,981.1127700748175,0.227597743,0.006584362139917604
2017/2/6,I1705.DCE,979224.0,603.0,1.6044362552327351,967.4750619053393,0.241513988,-0.07016191210485738
2017/2/7,I1705.DCE,1034410.0,625.0,1.6044362552327351,1002.7726595204595,0.255694077,-0.025720966484801225
2017/2/8,I1705.DCE,1097014.0,641.0,1.6044362552327351,1028.4436396041833,0.256539693,-0.028787878787878605
2017/2/9,I1705.DCE,1121320.0,641.0,1.6044362552327351,1028.4436396041833,0.256539693,0.04824202780049074
2017/2/10,I1705.DCE,1312320.0,688.0,1.6044362552327351,1103.8521436001217,0.292124568,0.14096185737976774
2017/2/14,I1705.DCE,1270696.0,712.0,1.6044362552327351,1142.3586137257075,0.227696351,0.13920000000000013
2017/2/15,I1705.DCE,1289760.0,697.5,1.6044362552327351,1119.0942880248328,0.225779021,0.08814352574102963
2017/2/16,I1705.DCE,1260534.0,685.5,1.6044362552327351,1099.8410529620398,0.209070892,0.06942277691107625
2017/2/17,I1705.DCE,1197376.0,702.0,1.6044362552327351,1126.3142511733802,0.226538549,0.020348837209302455
2017/2/20,I1705.DCE,1247462.0,714.0,1.6044362552327351,1145.567486236173,0.227033304,0.0028089887640449047
2017/2/21,I1705.DCE,1221344.0,732.0,1.6044362552327351,1174.447338830362,0.227745168,0.04946236559139767
2017/2/22,I1705.DCE,1223242.0,722.5,1.6044362552327351,1159.2051944056511,0.230860282,0.053975200583515764
2017/2/23,I1705.DCE,1218528.0,708.0,1.6044362552327351,1135.9408687047764,0.229034139,0.008547008547008428
2017/2/24,I1705.DCE,1161512.0,698.5,1.6044362552327351,1120.6987242800656,0.250572484,-0.02170868347338935
2017/2/27,I1705.DCE,1199896.0,714.0,1.6044362552327351,1145.567486236173,0.256122198,-0.024590163934426087
2017/2/28,I1705.DCE,1219246.0,690.5,1.6044362552327351,1107.8632342382036,0.272249142,-0.044290657439446345
2017/3/1,I1705.DCE,1159100.0,698.0,1.6044362552327351,1119.896506152449,0.285403811,-0.01412429378531074
2017/3/2,I1705.DCE,1181686.0,694.5,1.6044362552327351,1114.2809792591345,0.249771498,-0.005726556907659393
2017/3/3,I1705.DCE,1212314.0,688.0,1.6044362552327351,1103.8521436001217,0.266252223,-0.036414565826330625
2017/3/6,I1705.DCE,1328560.0,661.0,1.6044362552327351,1060.532364708838,0.26544814,-0.04272266473569869
2017/3/7,I1705.DCE,1240622.0,661.5,1.6044362552327351,1061.3345828364543,0.265238181,-0.05229226361031517
2017/3/8,I1705.DCE,1249730.0,661.5,1.6044362552327351,1061.3345828364543,0.289686398,-0.04751619870410363
2017/3/9,I1705.DCE,1179882.0,658.0,1.6044362552327351,1055.7190559431397,0.303679168,-0.04360465116279071
2017/3/10,I1705.DCE,1146400.0,656.0,1.6044362552327351,1052.5101834326742,0.304654625,-0.007564296520423709
2017/3/13,I1705.DCE,1173468.0,684.5,1.6044362552327351,1098.2366167068071,0.353696343,0.034769463340891864
2017/3/14,I1705.DCE,1065162.0,686.5,1.6044362552327351,1101.4454892172728,0.379306189,0.0377928949357522
2017/3/15,I1705.DCE,1102550.0,724.5,1.6044362552327351,1162.4140669161166,0.305848313,0.10106382978723405
2017/3/16,I1705.DCE,1018852.0,726.5,1.6044362552327351,1165.622939426582,0.300470632,0.10746951219512187
2017/3/17,I1705.DCE,938978.0,715.5,1.6044362552327351,1147.974140619022,0.335152194,0.04528853177501826
2017/3/20,I1705.DCE,849508.0,711.5,1.6044362552327351,1141.556395598091,0.325573412,0.03641660597232328
2017/3/21,I1709.DCE,802502.0,605.5,1.885311966305683,1141.556395598091,0.259558439,-0.017943409247757024
2017/3/22,I1709.DCE,980404.0,577.0,1.885311966305683,1087.825004558379,0.264673816,-0.06674365460452839
2017/3/23,I1709.DCE,1002682.0,580.5,1.885311966305683,1094.423596440449,0.274033228,-0.04664786625742006
2017/3/24,I1709.DCE,1156658.0,580.5,1.885311966305683,1094.423596440449,0.271271998,-0.041288191577208866
2017/3/27,I1709.DCE,1231932.0,549.5,1.885311966305683,1035.9789254849727,0.287353395,-0.09248554913294807
2017/3/28,I1709.DCE,1274752.0,543.0,1.885311966305683,1023.7243977039859,0.288001362,-0.05892547660311953
2017/3/29,I1709.DCE,1319312.0,571.0,1.885311966305683,1076.513132760545,0.281631611,-0.016365202411714113
2017/3/30,I1709.DCE,1356742.0,559.0,1.885311966305683,1053.8893891648768,0.279350635,-0.03703703703703711
2017/3/31,I1709.DCE,1366162.0,552.0,1.885311966305683,1040.692205400737,0.256960023,0.004549590536851831
2017/4/5,I1709.DCE,1445032.0,559.5,1.885311966305683,1054.8320451480297,0.261912152,0.03038674033149172
2017/4/6,I1709.DCE,1541168.0,560.0,1.885311966305683,1055.7747011311824,0.261667503,-0.019264448336252266
2017/4/7,I1709.DCE,1595000.0,525.5,1.885311966305683,990.7314382936364,0.243232716,-0.059928443649373865
2017/4/10,I1709.DCE,1605182.0,520.0,1.885311966305683,980.3622224789551,0.252031976,-0.05797101449275371
2017/4/11,I1709.DCE,1612774.0,524.5,1.885311966305683,988.8461263273307,0.249774454,-0.06255585344057202
2017/4/12,I1709.DCE,1630158.0,506.0,1.885311966305683,953.9678549506756,0.206203296,-0.09642857142857135
2017/4/13,I1709.DCE,1631852.0,505.5,1.885311966305683,953.0251989675228,0.187874893,-0.0380589914367269
2017/4/14,I1709.DCE,1634778.0,507.5,1.885311966305683,956.7958229001341,0.187110262,-0.02403846153846151
2017/4/17,I1709.DCE,1721070.0,493.0,1.885311966305683,929.4587993887017,0.167599466,-0.06005719733079125
2017/4/19,I1709.DCE,1635768.0,480.0,1.885311966305683,904.9497438267279,0.178735335,-0.05138339920948614
2017/4/20,I1709.DCE,1713800.0,488.5,1.885311966305683,920.9748955403261,0.175529907,-0.033630069238377934
2017/4/21,I1709.DCE,1615544.0,505.5,1.885311966305683,953.0251989675228,0.194041738,-0.003940886699507351
2017/4/24,I1709.DCE,1677722.0,503.0,1.885311966305683,948.3119190517585,0.173397917,0.020283975659229257
2017/4/25,I1709.DCE,1732920.0,498.0,1.885311966305683,938.8853592202302,0.159668447,0.03750000000000001
2017/4/26,I1709.DCE,1793888.0,496.5,1.885311966305683,936.0573912707716,0.144673551,0.01637666325486191
2017/4/27,I1709.DCE,1708174.0,506.0,1.885311966305683,953.9678549506756,0.138862786,0.0009891196834816618
2017/4/28,I1709.DCE,1822266.0,521.0,1.885311966305683,982.2475344452608,0.134771097,0.035785288270377746
2017/5/2,I1709.DCE,1734678.0,533.5,1.885311966305683,1005.8139340240818,0.154533412,0.07128514056224894
2017/5/3,I1709.DCE,1814326.0,523.0,1.885311966305683,986.0181583778722,0.14302565,0.053373615307149985
2017/5/4,I1709.DCE,1658644.0,485.0,1.885311966305683,914.3763036582562,0.151361223,-0.04150197628458499
2017/5/5,I1709.DCE,1718484.0,461.5,1.885311966305683,870.0714724500727,0.119463869,-0.11420345489443373
2017/5/8,I1709.DCE,1892942.0,466.5,1.885311966305683,879.4980322816011,0.121417929,-0.12558575445173378
2017/5/9,I1709.DCE,1859498.0,466.0,1.885311966305683,878.5553762984483,0.128090712,-0.10898661567877621
2017/5/10,I1709.DCE,1863674.0,474.5,1.885311966305683,894.5805280120466,0.132177738,-0.02164948453608248
2017/5/11,I1709.DCE,1962662.0,465.0,1.885311966305683,876.6700643321426,0.125093263,0.007583965330444161
2017/5/12,I1709.DCE,1979132.0,450.5,1.885311966305683,849.3330408207102,0.135992776,-0.034297963558413774
2017/5/15,I1709.DCE,1889284.0,457.0,1.885311966305683,861.5875686016972,0.140710696,-0.019313304721030048
2017/5/16,I1709.DCE,1855650.0,461.0,1.885311966305683,869.1288164669198,0.136140083,-0.02845100105374079
2017/5/17,I1709.DCE,1997178.0,477.5,1.885311966305683,900.2364639109636,0.137731854,0.02688172043010749
2017/5/18,I1709.DCE,1900522.0,468.5,1.885311966305683,883.2686562142125,0.124138585,0.03995560488346283
2017/5/19,I1709.DCE,2053712.0,489.0,1.885311966305683,921.917551523479,0.143811147,0.07002188183807437
2017/5/22,I1709.DCE,1911138.0,494.0,1.885311966305683,931.3441113550074,0.136119932,0.0715835140997831
2017/5/23,I1709.DCE,1909936.0,479.0,1.885311966305683,903.0644318604221,0.124539131,0.0031413612565445036
2017/5/24,I1709.DCE,1988296.0,455.5,1.885311966305683,858.7596006522386,0.121070563,-0.027748132337246455
2017/5/25,I1709.DCE,2028404.0,448.0,1.885311966305683,844.619760904946,0.109575108,-0.0838445807770961
2017/5/26,I1709.DCE,1818004.0,454.0,1.885311966305683,855.9316327027801,0.121479013,-0.08097165991902829
2017/5/31,I1709.DCE,1988344.0,424.5,1.885311966305683,800.3149296967624,0.090820718,-0.11377870563674321
2017/6/1,I1709.DCE,1994824.0,420.0,1.885311966305683,791.8310258483868,0.063251571,-0.07793633369923167
2017/6/2,I1709.DCE,2088194.0,429.5,1.885311966305683,809.7414895282908,0.100282206,-0.04129464285714295
2017/6/5,I1709.DCE,2025116.0,435.0,1.885311966305683,820.1107053429721,0.119899541,-0.041850220264317235
2017/6/6,I1709.DCE,2074228.0,432.0,1.885311966305683,814.454769444055,0.10669425,0.017667844522968202
2017/6/7,I1709.DCE,1968000.0,432.5,1.885311966305683,815.3974254272078,0.113579433,0.029761904761904722
2017/6/8,I1709.DCE,2193168.0,423.0,1.885311966305683,797.4869617473039,0.084034576,-0.015133876600698445
2017/6/9,I1709.DCE,2058922.0,423.5,1.885311966305683,798.4296177304567,0.069776319,-0.026436781609195457
2017/6/12,I1709.DCE,2083662.0,434.0,1.885311966305683,818.2253933766664,0.074963277,0.004629629629629584
2017/6/13,I1709.DCE,2046716.0,418.5,1.885311966305683,789.0030578989283,0.04925418,-0.032369942196531755
2017/6/14,I1709.DCE,2124068.0,432.0,1.885311966305683,814.454769444055,0.054581028,0.021276595744680857
2017/6/15,I1709.DCE,2079028.0,423.0,1.885311966305683,797.4869617473039,0.041714995,-0.0011806375442738608
2017/6/16,I1709.DCE,2030436.0,426.5,1.885311966305683,804.0855536293737,0.037900237,-0.017281105990783415
2017/6/19,I1709.DCE,2005806.0,432.5,1.885311966305683,815.3974254272078,0.05108002,0.033452807646356
2017/6/20,I1709.DCE,1854376.0,430.5,1.885311966305683,811.6268014945965,0.034112537,-0.0034722222222222233
2017/6/21,I1709.DCE,1946834.0,433.5,1.885311966305683,817.2827373935136,0.047535934,0.024822695035461
2017/6/22,I1709.DCE,1832682.0,425.5,1.885311966305683,802.2002416630681,0.031045774,-0.0023446658851112782
2017/6/23,I1709.DCE,1855230.0,434.0,1.885311966305683,818.2253933766664,0.044063518,0.0034682080924855504
2017/6/26,I1709.DCE,1798994.0,433.0,1.885311966305683,816.3400814103608,0.044166054,0.005807200929152197
2017/6/27,I1709.DCE,2132588.0,456.5,1.885311966305683,860.6449126185443,0.0745021,0.05305651672433676
2017/6/28,I1709.DCE,2034526.0,457.5,1.885311966305683,862.53022458485,0.071065454,0.0752056404230317
2017/6/29,I1709.DCE,1958066.0,477.0,1.885311966305683,899.2938079278108,0.086985155,0.09907834101382497
2017/6/30,I1709.DCE,1885360.0,473.5,1.885311966305683,892.695216045741,0.071794103,0.0935334872979215
2017/7/3,I1709.DCE,1983266.0,487.0,1.885311966305683,918.1469275908676,0.051415104,0.06681270536692221
2017/7/4,I1709.DCE,1841750.0,465.0,1.885311966305683,876.6700643321426,0.069905406,0.016393442622950824
2017/7/5,I1709.DCE,1829690.0,469.5,1.885311966305683,885.1539681805182,0.04702195,-0.015723270440251576
2017/7/6,I1709.DCE,1801162.0,471.0,1.885311966305683,887.9819361299767,0.043722742,-0.00527983104540659
2017/7/7,I1709.DCE,1912326.0,481.5,1.885311966305683,907.7777117761864,0.073694763,-0.011293634496919839
2017/7/10,I1709.DCE,1800544.0,480.0,1.885311966305683,904.9497438267279,0.095847673,0.03225806451612904
2017/7/11,I1709.DCE,1819766.0,488.5,1.885311966305683,920.9748955403261,0.109627056,0.04046858359957394
2017/7/12,I1709.DCE,1745524.0,488.5,1.885311966305683,920.9748955403261,0.131429824,0.03715498938428867
2017/7/13,I1709.DCE,1727852.0,491.0,1.885311966305683,925.6881754560903,0.105973268,0.019730010384215953
2017/7/14,I1709.DCE,1703050.0,481.0,1.885311966305683,906.8350557930335,0.095645106,0.00208333333333325
2017/7/17,I1709.DCE,1725592.0,494.5,1.885311966305683,932.2867673381602,0.120553756,0.012282497441146371
2017/7/18,I1709.DCE,1833098.0,517.0,1.885311966305683,974.7062865800381,0.162586724,0.05834186284544526
2017/7/19,I1709.DCE,1656086.0,532.0,1.885311966305683,1002.9859660746233,0.207542316,0.08350305498981668
2017/7/20,I1709.DCE,1500778.0,517.0,1.885311966305683,974.7062865800381,0.201660905,0.07484407484407488
2017/7/21,I1709.DCE,1400610.0,521.0,1.885311966305683,982.2475344452608,0.20907536,0.0535894843276037
2017/7/24,I1709.DCE,1392326.0,512.0,1.885311966305683,965.2797267485097,0.164219978,-0.009671179883945806
2017/7/25,I1709.DCE,1448410.0,526.5,1.885311966305683,992.6167502599421,0.203837035,-0.010338345864661582
2017/7/26,I1709.DCE,1278332.0,518.0,1.885311966305683,976.5915985463438,0.120844831,0.0019342359767892078
2017/7/27,I1709.DCE,1266152.0,527.0,1.885311966305683,993.5594062430949,0.104347173,0.011516314779270637
2017/7/28,I1709.DCE,1144088.0,530.0,1.885311966305683,999.215342142012,0.109460197,0.03515625000000001
2017/7/31,I1801.DCE,1069048.0,547.5,1.8250508532274192,999.215342142012,0.102535238,0.0066476733143399445
2017/8/1,I1801.DCE,1157918.0,546.5,1.8250508532274192,997.3902912887846,0.105629233,0.02129722677667889
2017/8/2,I1801.DCE,1265202.0,544.0,1.8250508532274192,992.8276641557161,0.106123157,-0.000736485491235752
2017/8/3,I1801.DCE,1422556.0,543.5,1.8250508532274192,991.9151387291023,0.094560022,-0.00730593607305938
2017/8/4,I1801.DCE,1443068.0,548.5,1.8250508532274192,1001.0403929952395,0.090803357,0.0018264840182649017
2017/8/7,I1801.DCE,1551574.0,564.0,1.8250508532274192,1029.3286812202643,0.09948635,0.032021957913998055
2017/8/8,I1801.DCE,1536424.0,549.0,1.8250508532274192,1001.9529184218532,0.099363563,0.009191176470588201
2017/8/9,I1801.DCE,1553670.0,566.5,1.8250508532274192,1033.891308353333,0.107439676,0.04231830726770935
2017/8/10,I1801.DCE,1534874.0,563.5,1.8250508532274192,1028.4161557936507,0.119319212,0.027347310847766534
2017/8/11,I1801.DCE,1470368.0,536.0,1.8250508532274192,978.2272573298967,0.125567993,-0.0496453900709219
2017/8/14,I1801.DCE,1465930.0,527.0,1.8250508532274192,961.80179965085,0.121695984,-0.040072859744990884
2017/8/15,I1801.DCE,1473396.0,530.0,1.8250508532274192,967.2769522105322,0.136080597,-0.06443071491615183
2017/8/16,I1801.DCE,1532168.0,523.5,1.8250508532274192,955.4141216645539,0.12863002,-0.07098491570541257
2017/8/17,I1801.DCE,1543050.0,554.5,1.8250508532274192,1011.990698114604,0.135715124,0.034514925373134386
2017/8/18,I1801.DCE,1551080.0,580.5,1.8250508532274192,1059.4420202985168,0.157189129,0.10151802656546483
2017/8/21,I1801.DCE,1765810.0,596.0,1.8250508532274192,1087.730308523542,0.155703438,0.12452830188679254
2017/8/22,I1801.DCE,1701542.0,606.0,1.8250508532274192,1105.980817055816,0.166398868,0.15759312320916907
2017/8/23,I1801.DCE,1662490.0,578.5,1.8250508532274192,1055.791918592062,0.141046776,0.043282236248872855
2017/8/24,I1801.DCE,1640548.0,582.5,1.8250508532274192,1063.0921220049718,0.140055759,0.0034453057708872825
2017/8/25,I1801.DCE,1597100.0,585.5,1.8250508532274192,1068.5672745646539,0.120194055,-0.017617449664429654
2017/8/28,I1801.DCE,1577634.0,572.5,1.8250508532274192,1044.8416134726974,0.117407085,-0.055280528052805346
2017/8/29,I1801.DCE,1543828.0,554.0,1.8250508532274192,1011.0781726879902,0.112778399,-0.04235090751944692
2017/8/30,I1801.DCE,1518056.0,556.0,1.8250508532274192,1014.7282743944451,0.13245941,-0.045493562231759745
2017/8/31,I1801.DCE,1591164.0,573.0,1.8250508532274192,1045.754138899311,0.139630152,-0.021349274124679792
2017/9/1,I1801.DCE,1563492.0,583.0,1.8250508532274192,1064.0046474315855,0.120719744,0.01834061135371192
2017/9/4,I1801.DCE,1532942.0,565.5,1.8250508532274192,1032.0662575001056,0.110443142,0.020758122743682394
2017/9/5,I1801.DCE,1545362.0,576.0,1.8250508532274192,1051.2292914589934,0.119446937,0.03597122302158271
2017/9/6,I1801.DCE,1663668.0,550.0,1.8250508532274192,1003.7779692750805,0.102061327,-0.040139616055846365
2017/9/7,I1801.DCE,1750582.0,545.5,1.8250508532274192,995.5652404355571,0.10582625,-0.06432246998284742
2017/9/8,I1801.DCE,1666022.0,534.5,1.8250508532274192,975.4896810500555,0.11101652,-0.05481874447391697
2017/9/11,I1801.DCE,1562016.0,533.5,1.8250508532274192,973.6646301968282,0.126168678,-0.07378472222222217
2017/9/12,I1801.DCE,1636938.0,548.0,1.8250508532274192,1000.1278675686258,0.116942386,-0.0036363636363635327
2017/9/13,I1801.DCE,1611444.0,534.0,1.8250508532274192,974.5771556234419,0.108145928,-0.021081576535288696
2017/9/14,I1801.DCE,1796634.0,510.0,1.8250508532274192,930.7759351459838,0.11333031,-0.045837231057062645
2017/9/15,I1801.DCE,1740996.0,508.0,1.8250508532274192,927.125833439529,0.104400183,-0.047797563261480824
2017/9/18,I1801.DCE,1775946.0,511.5,1.8250508532274192,933.513511425825,0.109882565,-0.06660583941605842
2017/9/19,I1801.DCE,1771294.0,498.0,1.8250508532274192,908.8753249072548,0.11931353,-0.0674157303370786
2017/9/20,I1801.DCE,1831060.0,492.5,1.8250508532274192,898.837545214504,0.117435342,-0.034313725490196074
2017/9/21,I1801.DCE,1966210.0,472.0,1.8250508532274192,861.4240027233419,0.132801127,-0.07086614173228341
2017/9/22,I1801.DCE,1896112.0,466.5,1.8250508532274192,851.386223030591,0.127539842,-0.08797653958944285
2017/9/25,I1801.DCE,1895834.0,468.0,1.8250508532274192,854.1237993104322,0.12712247,-0.060240963855421714
2017/9/26,I1801.DCE,1905314.0,464.5,1.8250508532274192,847.7361213241362,0.093867821,-0.05685279187817261
2017/9/27,I1801.DCE,1923404.0,473.0,1.8250508532274192,863.2490535765693,0.082148105,0.0021186440677965494
2017/9/28,I1801.DCE,1867490.0,451.0,1.8250508532274192,823.0979348055661,0.058359743,-0.033226152197213275
2017/9/29,I1801.DCE,1723190.0,454.5,1.8250508532274192,829.4856127918621,0.06479097,-0.02884615384615382
