2009-01-05 00:00:00,51882.0
2009-01-06 00:00:00,53438.0
2009-01-07 00:00:00,104150.0
2009-01-08 00:00:00,35216.0
2009-01-09 00:00:00,31270.0
2009-01-12 00:00:00,24278.0
2009-01-13 00:00:00,27524.0
2009-01-14 00:00:00,14042.0
2009-01-15 00:00:00,22694.0
2009-01-16 00:00:00,13354.0
2009-01-19 00:00:00,9246.0
2009-01-20 00:00:00,6354.0
2009-01-21 00:00:00,7774.0
2009-01-22 00:00:00,9920.0
2009-01-23 00:00:00,7324.0
2009-02-02 00:00:00,14440.0
2009-02-03 00:00:00,18374.0
2009-02-04 00:00:00,26826.0
2009-02-05 00:00:00,12142.0
2009-02-06 00:00:00,35886.0
2009-02-09 00:00:00,61880.0
2009-02-10 00:00:00,20122.0
2009-02-11 00:00:00,34488.0
2009-02-12 00:00:00,12380.0
2009-02-13 00:00:00,13854.0
2009-02-16 00:00:00,31938.0
2009-02-17 00:00:00,15084.0
2009-02-18 00:00:00,33338.0
2009-02-19 00:00:00,84342.0
2009-02-20 00:00:00,55472.0
2009-02-23 00:00:00,26390.0
2009-02-24 00:00:00,16058.0
2009-02-25 00:00:00,11026.0
2009-02-26 00:00:00,10596.0
2009-02-27 00:00:00,9006.0
2009-03-02 00:00:00,23660.0
2009-03-03 00:00:00,14766.0
2009-03-04 00:00:00,9706.0
2009-03-05 00:00:00,9992.0
2009-03-06 00:00:00,5994.0
2009-03-09 00:00:00,20184.0
2009-03-10 00:00:00,7224.0
2009-03-11 00:00:00,10092.0
2009-03-12 00:00:00,4528.0
2009-03-13 00:00:00,9592.0
2009-03-16 00:00:00,9044.0
2009-03-17 00:00:00,15008.0
2009-03-18 00:00:00,7378.0
2009-03-19 00:00:00,9052.0
2009-03-20 00:00:00,17764.0
2009-03-23 00:00:00,32976.0
2009-03-24 00:00:00,15618.0
2009-03-25 00:00:00,9624.0
2009-03-26 00:00:00,10906.0
2009-03-27 00:00:00,7212.0
2009-03-30 00:00:00,23506.0
2009-03-31 00:00:00,13744.0
2009-04-01 00:00:00,13428.0
2009-04-02 00:00:00,8728.0
2009-04-03 00:00:00,12676.0
2009-04-07 00:00:00,25480.0
2009-04-08 00:00:00,26328.0
2009-04-09 00:00:00,29456.0
2009-04-10 00:00:00,22988.0
2009-04-13 00:00:00,35180.0
2009-04-14 00:00:00,20304.0
2009-04-15 00:00:00,13446.0
2009-04-16 00:00:00,17050.0
2009-04-17 00:00:00,19992.0
2009-04-20 00:00:00,14248.0
2009-04-21 00:00:00,47622.0
2009-04-22 00:00:00,22280.0
2009-04-23 00:00:00,11272.0
2009-04-24 00:00:00,14692.0
2009-04-27 00:00:00,20756.0
2009-04-28 00:00:00,8356.0
2009-04-29 00:00:00,12462.0
2009-04-30 00:00:00,10860.0
2009-05-04 00:00:00,26832.0
2009-05-05 00:00:00,8780.0
2009-05-06 00:00:00,24120.0
2009-05-07 00:00:00,18564.0
2009-05-08 00:00:00,29796.0
2009-05-11 00:00:00,27042.0
2009-05-12 00:00:00,14440.0
2009-05-13 00:00:00,14978.0
2009-05-14 00:00:00,13114.0
2009-05-15 00:00:00,14398.0
2009-05-18 00:00:00,11110.0
2009-05-19 00:00:00,9654.0
2009-05-20 00:00:00,10852.0
2009-05-21 00:00:00,21806.0
2009-05-22 00:00:00,11382.0
2009-05-25 00:00:00,28998.0
2009-05-26 00:00:00,30482.0
2009-05-27 00:00:00,15312.0
2009-06-01 00:00:00,25512.0
2009-06-02 00:00:00,42008.0
2009-06-03 00:00:00,18488.0
2009-06-04 00:00:00,15460.0
2009-06-05 00:00:00,16186.0
2009-06-08 00:00:00,14306.0
2009-06-09 00:00:00,12914.0
2009-06-10 00:00:00,19238.0
2009-06-11 00:00:00,16564.0
2009-06-12 00:00:00,29272.0
2009-06-15 00:00:00,32788.0
2009-06-16 00:00:00,45798.0
2009-06-17 00:00:00,30972.0
2009-06-18 00:00:00,33360.0
2009-06-19 00:00:00,16356.0
2009-06-22 00:00:00,8616.0
2009-06-23 00:00:00,22722.0
2009-06-24 00:00:00,6534.0
2009-06-25 00:00:00,8076.0
2009-06-26 00:00:00,11258.0
2009-06-29 00:00:00,21674.0
2009-06-30 00:00:00,6158.0
2009-07-01 00:00:00,8160.0
2009-07-02 00:00:00,13654.0
2009-07-03 00:00:00,6394.0
2009-07-06 00:00:00,15436.0
2009-07-07 00:00:00,8902.0
2009-07-08 00:00:00,9574.0
2009-07-09 00:00:00,8710.0
2009-07-10 00:00:00,20262.0
2009-07-13 00:00:00,14088.0
2009-07-14 00:00:00,42666.0
2009-07-15 00:00:00,42146.0
2009-07-16 00:00:00,21936.0
2009-07-17 00:00:00,16388.0
2009-07-20 00:00:00,12940.0
2009-07-21 00:00:00,17882.0
2009-07-22 00:00:00,15328.0
2009-07-23 00:00:00,14610.0
2009-07-24 00:00:00,13650.0
2009-07-27 00:00:00,12750.0
2009-07-28 00:00:00,29894.0
2009-07-29 00:00:00,20578.0
2009-07-30 00:00:00,12828.0
2009-07-31 00:00:00,22996.0
2009-08-03 00:00:00,36480.0
2009-08-04 00:00:00,24918.0
2009-08-05 00:00:00,19972.0
2009-08-06 00:00:00,19028.0
2009-08-07 00:00:00,11148.0
2009-08-10 00:00:00,20912.0
2009-08-11 00:00:00,68976.0
2009-08-12 00:00:00,33192.0
2009-08-13 00:00:00,44274.0
2009-08-14 00:00:00,41122.0
2009-08-17 00:00:00,38908.0
2009-08-18 00:00:00,15342.0
2009-08-19 00:00:00,21516.0
2009-08-20 00:00:00,14344.0
2009-08-21 00:00:00,11780.0
2009-08-24 00:00:00,15484.0
2009-08-25 00:00:00,15782.0
2009-08-26 00:00:00,29424.0
2009-08-27 00:00:00,16224.0
2009-08-28 00:00:00,11974.0
2009-08-31 00:00:00,13372.0
2009-09-01 00:00:00,15016.0
2009-09-02 00:00:00,15116.0
2009-09-03 00:00:00,9268.0
2009-09-04 00:00:00,11990.0
2009-09-07 00:00:00,32452.0
2009-09-08 00:00:00,19036.0
2009-09-09 00:00:00,11234.0
2009-09-10 00:00:00,8214.0
2009-09-11 00:00:00,8944.0
2009-09-14 00:00:00,41944.0
2009-09-15 00:00:00,71898.0
2009-09-16 00:00:00,41208.0
2009-09-17 00:00:00,28050.0
2009-09-18 00:00:00,46946.0
2009-09-21 00:00:00,17556.0
2009-09-22 00:00:00,16684.0
2009-09-23 00:00:00,24638.0
2009-09-24 00:00:00,42992.0
2009-09-25 00:00:00,35690.0
2009-09-28 00:00:00,30678.0
2009-09-29 00:00:00,9740.0
2009-09-30 00:00:00,13156.0
2009-10-09 00:00:00,29102.0
2009-10-12 00:00:00,58714.0
2009-10-13 00:00:00,26312.0
2009-10-14 00:00:00,48478.0
2009-10-15 00:00:00,40142.0
2009-10-16 00:00:00,28686.0
2009-10-19 00:00:00,57540.0
2009-10-20 00:00:00,49676.0
2009-10-21 00:00:00,70218.0
2009-10-22 00:00:00,59012.0
2009-10-23 00:00:00,38150.0
2009-10-26 00:00:00,38382.0
2009-10-27 00:00:00,33390.0
2009-10-28 00:00:00,73710.0
2009-10-29 00:00:00,98726.0
2009-10-30 00:00:00,57494.0
2009-11-02 00:00:00,79800.0
2009-11-03 00:00:00,47540.0
2009-11-04 00:00:00,30256.0
2009-11-05 00:00:00,31220.0
2009-11-06 00:00:00,81252.0
2009-11-09 00:00:00,146872.0
2009-11-10 00:00:00,122162.0
2009-11-11 00:00:00,128644.0
2009-11-12 00:00:00,111770.0
2009-11-13 00:00:00,213084.0
2009-11-16 00:00:00,139988.0
2009-11-17 00:00:00,201922.0
2009-11-18 00:00:00,135434.0
2009-11-19 00:00:00,115300.0
2009-11-20 00:00:00,252180.0
2009-11-23 00:00:00,241548.0
2009-11-24 00:00:00,415550.0
2009-11-25 00:00:00,521370.0
2009-11-26 00:00:00,448486.0
2009-11-27 00:00:00,419322.0
2009-11-30 00:00:00,376716.0
2009-12-01 00:00:00,257324.0
2009-12-02 00:00:00,274456.0
2009-12-03 00:00:00,501906.0
2009-12-04 00:00:00,354178.0
2009-12-07 00:00:00,337032.0
2009-12-08 00:00:00,389358.0
2009-12-09 00:00:00,245466.0
2009-12-10 00:00:00,228366.0
2009-12-11 00:00:00,311870.0
2009-12-14 00:00:00,216400.0
2009-12-15 00:00:00,331868.0
2009-12-16 00:00:00,294774.0
2009-12-17 00:00:00,324128.0
2009-12-18 00:00:00,299504.0
2009-12-21 00:00:00,162110.0
2009-12-22 00:00:00,327328.0
2009-12-23 00:00:00,307036.0
2009-12-24 00:00:00,288926.0
2009-12-25 00:00:00,498924.0
2009-12-28 00:00:00,574482.0
2009-12-29 00:00:00,644736.0
2009-12-30 00:00:00,447914.0
2009-12-31 00:00:00,461546.0
2010-01-04 00:00:00,656350.0
2010-01-05 00:00:00,486872.0
2010-01-06 00:00:00,627046.0
2010-01-07 00:00:00,822698.0
2010-01-08 00:00:00,555788.0
2010-01-11 00:00:00,429718.0
2010-01-12 00:00:00,385608.0
2010-01-13 00:00:00,321708.0
2010-01-14 00:00:00,200818.0
2010-01-15 00:00:00,259780.0
2010-01-18 00:00:00,140356.0
2010-01-19 00:00:00,95218.0
2010-01-20 00:00:00,249158.0
2010-01-21 00:00:00,380076.0
2010-01-22 00:00:00,415984.0
2010-01-25 00:00:00,251562.0
2010-01-26 00:00:00,308698.0
2010-01-27 00:00:00,177740.0
2010-01-28 00:00:00,205736.0
2010-01-29 00:00:00,161570.0
2010-02-01 00:00:00,242220.0
2010-02-02 00:00:00,218964.0
2010-02-03 00:00:00,216656.0
2010-02-04 00:00:00,237848.0
2010-02-05 00:00:00,151386.0
2010-02-08 00:00:00,170866.0
2010-02-09 00:00:00,101378.0
2010-02-10 00:00:00,155070.0
2010-02-11 00:00:00,62546.0
2010-02-12 00:00:00,49964.0
2010-02-22 00:00:00,175098.0
2010-02-23 00:00:00,169238.0
2010-02-24 00:00:00,144640.0
2010-02-25 00:00:00,159114.0
2010-02-26 00:00:00,347594.0
2010-03-01 00:00:00,186910.0
2010-03-02 00:00:00,127014.0
2010-03-03 00:00:00,321678.0
2010-03-04 00:00:00,244684.0
2010-03-05 00:00:00,130706.0
2010-03-08 00:00:00,239958.0
2010-03-09 00:00:00,536252.0
2010-03-10 00:00:00,289530.0
2010-03-11 00:00:00,237750.0
2010-03-12 00:00:00,194596.0
2010-03-15 00:00:00,266222.0
2010-03-16 00:00:00,371932.0
2010-03-17 00:00:00,365386.0
2010-03-18 00:00:00,305148.0
2010-03-19 00:00:00,407222.0
2010-03-22 00:00:00,309034.0
2010-03-23 00:00:00,346908.0
2010-03-24 00:00:00,280206.0
2010-03-25 00:00:00,217330.0
2010-03-26 00:00:00,253220.0
2010-03-29 00:00:00,150562.0
2010-03-30 00:00:00,212836.0
2010-03-31 00:00:00,240950.0
2010-04-01 00:00:00,178672.0
2010-04-02 00:00:00,165628.0
2010-04-06 00:00:00,123056.0
2010-04-07 00:00:00,120712.0
2010-04-08 00:00:00,95366.0
2010-04-09 00:00:00,170438.0
2010-04-12 00:00:00,108816.0
2010-04-13 00:00:00,80314.0
2010-04-14 00:00:00,86326.0
2010-04-15 00:00:00,45890.0
2010-04-16 00:00:00,108968.0
2010-04-19 00:00:00,173640.0
2010-04-20 00:00:00,112178.0
2010-04-21 00:00:00,282290.0
2010-04-22 00:00:00,114502.0
2010-04-23 00:00:00,132386.0
2010-04-26 00:00:00,121448.0
2010-04-27 00:00:00,135704.0
2010-04-28 00:00:00,298476.0
2010-04-29 00:00:00,240916.0
2010-04-30 00:00:00,209996.0
2010-05-04 00:00:00,162764.0
2010-05-05 00:00:00,179026.0
2010-05-06 00:00:00,152816.0
2010-05-07 00:00:00,241920.0
2010-05-10 00:00:00,130076.0
2010-05-11 00:00:00,201164.0
2010-05-12 00:00:00,146520.0
2010-05-13 00:00:00,183436.0
2010-05-14 00:00:00,165160.0
2010-05-17 00:00:00,767924.0
2010-05-18 00:00:00,506320.0
2010-05-19 00:00:00,635288.0
2010-05-20 00:00:00,706308.0
2010-05-21 00:00:00,493254.0
2010-05-24 00:00:00,578470.0
2010-05-25 00:00:00,584314.0
2010-05-26 00:00:00,521730.0
2010-05-27 00:00:00,324986.0
2010-05-28 00:00:00,488526.0
2010-05-31 00:00:00,441378.0
2010-06-01 00:00:00,343898.0
2010-06-02 00:00:00,514976.0
2010-06-03 00:00:00,362478.0
2010-06-04 00:00:00,303602.0
2010-06-07 00:00:00,607160.0
2010-06-08 00:00:00,311004.0
2010-06-09 00:00:00,382546.0
2010-06-10 00:00:00,268902.0
2010-06-11 00:00:00,272898.0
2010-06-17 00:00:00,178258.0
2010-06-18 00:00:00,353748.0
2010-06-21 00:00:00,532406.0
2010-06-22 00:00:00,410950.0
2010-06-23 00:00:00,502876.0
2010-06-24 00:00:00,218846.0
2010-06-25 00:00:00,349846.0
2010-06-28 00:00:00,216890.0
2010-06-29 00:00:00,334242.0
2010-06-30 00:00:00,349642.0
2010-07-01 00:00:00,389808.0
2010-07-02 00:00:00,251734.0
2010-07-05 00:00:00,341248.0
2010-07-06 00:00:00,228032.0
2010-07-07 00:00:00,213372.0
2010-07-08 00:00:00,170640.0
2010-07-09 00:00:00,279502.0
2010-07-12 00:00:00,383994.0
2010-07-13 00:00:00,313474.0
2010-07-14 00:00:00,214960.0
2010-07-15 00:00:00,205532.0
2010-07-16 00:00:00,225996.0
2010-07-19 00:00:00,273404.0
2010-07-20 00:00:00,247034.0
2010-07-21 00:00:00,338714.0
2010-07-22 00:00:00,217762.0
2010-07-23 00:00:00,190260.0
2010-07-26 00:00:00,297846.0
2010-07-27 00:00:00,314276.0
2010-07-28 00:00:00,301116.0
2010-07-29 00:00:00,255838.0
2010-07-30 00:00:00,190126.0
2010-08-02 00:00:00,240046.0
2010-08-03 00:00:00,260436.0
2010-08-04 00:00:00,182090.0
2010-08-05 00:00:00,143476.0
2010-08-06 00:00:00,137216.0
2010-08-09 00:00:00,145582.0
2010-08-10 00:00:00,332442.0
2010-08-11 00:00:00,201264.0
2010-08-12 00:00:00,152528.0
2010-08-13 00:00:00,189486.0
2010-08-16 00:00:00,115308.0
2010-08-17 00:00:00,77626.0
2010-08-18 00:00:00,99798.0
2010-08-19 00:00:00,114140.0
2010-08-20 00:00:00,249350.0
2010-08-23 00:00:00,93550.0
2010-08-24 00:00:00,193402.0
2010-08-25 00:00:00,192192.0
2010-08-26 00:00:00,117956.0
2010-08-27 00:00:00,186876.0
2010-08-30 00:00:00,164428.0
2010-08-31 00:00:00,205750.0
2010-09-01 00:00:00,158180.0
2010-09-02 00:00:00,205842.0
2010-09-03 00:00:00,290182.0
2010-09-06 00:00:00,469690.0
2010-09-07 00:00:00,1052382.0
2010-09-08 00:00:00,975060.0
2010-09-09 00:00:00,1004788.0
2010-09-10 00:00:00,970726.0
2010-09-13 00:00:00,1177654.0
2010-09-14 00:00:00,1103632.0
2010-09-15 00:00:00,1459570.0
2010-09-16 00:00:00,1048660.0
2010-09-17 00:00:00,936178.0
2010-09-20 00:00:00,114064.0
2010-09-21 00:00:00,1890032.0
2010-09-27 00:00:00,2115916.0
2010-09-28 00:00:00,1469144.0
2010-09-29 00:00:00,1406728.0
2010-09-30 00:00:00,2022812.0
2010-10-08 00:00:00,337764.0
2010-10-11 00:00:00,1549238.0
2010-10-12 00:00:00,2622274.0
2010-10-13 00:00:00,1945232.0
2010-10-14 00:00:00,2027348.0
2010-10-15 00:00:00,1977650.0
2010-10-18 00:00:00,1812350.0
2010-10-19 00:00:00,1480702.0
2010-10-20 00:00:00,1526062.0
2010-10-21 00:00:00,1390722.0
2010-10-22 00:00:00,1320452.0
2010-10-25 00:00:00,456462.0
2010-10-26 00:00:00,1426222.0
2010-10-27 00:00:00,2191458.0
2010-10-28 00:00:00,1857918.0
2010-10-29 00:00:00,2555148.0
2010-11-01 00:00:00,1493836.0
2010-11-02 00:00:00,2456672.0
2010-11-03 00:00:00,2128676.0
2010-11-04 00:00:00,1676480.0
2010-11-05 00:00:00,810916.0
2010-11-08 00:00:00,1893420.0
2010-11-09 00:00:00,2671276.0
2010-11-10 00:00:00,2375526.0
2010-11-11 00:00:00,504616.0
2010-11-12 00:00:00,147168.0
2010-11-15 00:00:00,2526524.0
2010-11-16 00:00:00,2775080.0
2010-11-17 00:00:00,2013286.0
2010-11-18 00:00:00,3341964.0
2010-11-19 00:00:00,3445882.0
2010-11-22 00:00:00,2506600.0
2010-11-23 00:00:00,2709134.0
2010-11-24 00:00:00,4543210.0
2010-11-25 00:00:00,2832964.0
2010-11-26 00:00:00,2203682.0
2010-11-29 00:00:00,2423554.0
2010-11-30 00:00:00,2598454.0
2010-12-01 00:00:00,2136884.0
2010-12-02 00:00:00,1760700.0
2010-12-03 00:00:00,2152148.0
2010-12-06 00:00:00,2061860.0
2010-12-07 00:00:00,1881734.0
2010-12-08 00:00:00,1640702.0
2010-12-09 00:00:00,1970488.0
2010-12-10 00:00:00,1785632.0
2010-12-13 00:00:00,1632128.0
2010-12-14 00:00:00,1645424.0
2010-12-15 00:00:00,1517490.0
2010-12-16 00:00:00,1463698.0
2010-12-17 00:00:00,1283536.0
2010-12-20 00:00:00,1444110.0
2010-12-21 00:00:00,1340650.0
2010-12-22 00:00:00,1525206.0
2010-12-23 00:00:00,1443832.0
2010-12-24 00:00:00,1238458.0
2010-12-27 00:00:00,908162.0
2010-12-28 00:00:00,592680.0
2010-12-29 00:00:00,1114608.0
2010-12-30 00:00:00,966872.0
2010-12-31 00:00:00,833476.0
2011-01-04 00:00:00,667488.0
2011-01-05 00:00:00,756978.0
2011-01-06 00:00:00,917408.0
2011-01-07 00:00:00,1044642.0
2011-01-10 00:00:00,753752.0
2011-01-11 00:00:00,723924.0
2011-01-12 00:00:00,751606.0
2011-01-13 00:00:00,718140.0
2011-01-14 00:00:00,463504.0
2011-01-17 00:00:00,550418.0
2011-01-18 00:00:00,561860.0
2011-01-19 00:00:00,583332.0
2011-01-20 00:00:00,535954.0
2011-01-21 00:00:00,923128.0
2011-01-24 00:00:00,916126.0
2011-01-25 00:00:00,1386348.0
2011-01-26 00:00:00,1366162.0
2011-01-27 00:00:00,1108028.0
2011-01-28 00:00:00,877534.0
2011-01-31 00:00:00,782922.0
2011-02-01 00:00:00,774314.0
2011-02-09 00:00:00,808304.0
2011-02-10 00:00:00,749514.0
2011-02-11 00:00:00,921202.0
2011-02-14 00:00:00,957460.0
2011-02-15 00:00:00,985274.0
2011-02-16 00:00:00,1164994.0
2011-02-17 00:00:00,1220674.0
2011-02-18 00:00:00,1418870.0
2011-02-21 00:00:00,1164442.0
2011-02-22 00:00:00,1785698.0
2011-02-23 00:00:00,1567800.0
2011-02-24 00:00:00,1863374.0
2011-02-25 00:00:00,1612558.0
2011-02-28 00:00:00,1480708.0
2011-03-01 00:00:00,1772102.0
2011-03-02 00:00:00,1871026.0
2011-03-03 00:00:00,2329576.0
2011-03-04 00:00:00,2156416.0
2011-03-07 00:00:00,1795758.0
2011-03-08 00:00:00,2147272.0
2011-03-09 00:00:00,2166204.0
2011-03-10 00:00:00,2124446.0
2011-03-11 00:00:00,2042506.0
2011-03-14 00:00:00,2723858.0
2011-03-15 00:00:00,2672062.0
2011-03-16 00:00:00,2496300.0
2011-03-17 00:00:00,2683362.0
2011-03-18 00:00:00,1999446.0
2011-03-21 00:00:00,2148144.0
2011-03-22 00:00:00,2041180.0
2011-03-23 00:00:00,1620768.0
2011-03-24 00:00:00,1751406.0
2011-03-25 00:00:00,1819280.0
2011-03-28 00:00:00,2058596.0
2011-03-29 00:00:00,2521622.0
2011-03-30 00:00:00,2269146.0
2011-03-31 00:00:00,2135704.0
2011-04-01 00:00:00,2092224.0
2011-04-06 00:00:00,2130940.0
2011-04-07 00:00:00,1915504.0
2011-04-08 00:00:00,2065126.0
2011-04-11 00:00:00,2011430.0
2011-04-12 00:00:00,2091022.0
2011-04-13 00:00:00,2198224.0
2011-04-14 00:00:00,2420838.0
2011-04-15 00:00:00,2259114.0
2011-04-18 00:00:00,2302734.0
2011-04-19 00:00:00,2505224.0
2011-04-20 00:00:00,2077508.0
2011-04-21 00:00:00,2496214.0
2011-04-22 00:00:00,2331354.0
2011-04-25 00:00:00,1841124.0
2011-04-26 00:00:00,1761796.0
2011-04-27 00:00:00,2069064.0
2011-04-28 00:00:00,2908162.0
2011-04-29 00:00:00,2089020.0
2011-05-03 00:00:00,1582680.0
2011-05-04 00:00:00,1903376.0
2011-05-05 00:00:00,1949624.0
2011-05-06 00:00:00,2437752.0
2011-05-09 00:00:00,2416374.0
2011-05-10 00:00:00,3591548.0
2011-05-11 00:00:00,2912798.0
2011-05-12 00:00:00,2768220.0
2011-05-13 00:00:00,2921004.0
2011-05-16 00:00:00,3196130.0
2011-05-17 00:00:00,3380214.0
2011-05-18 00:00:00,2362802.0
2011-05-19 00:00:00,2630812.0
2011-05-20 00:00:00,2384102.0
2011-05-23 00:00:00,2245892.0
2011-05-24 00:00:00,2018944.0
2011-05-25 00:00:00,1997336.0
2011-05-26 00:00:00,1854592.0
2011-05-27 00:00:00,1746662.0
2011-05-30 00:00:00,1215618.0
2011-05-31 00:00:00,1972542.0
2011-06-01 00:00:00,1413204.0
2011-06-02 00:00:00,1607896.0
2011-06-03 00:00:00,1599928.0
2011-06-07 00:00:00,1786432.0
2011-06-08 00:00:00,1874656.0
2011-06-09 00:00:00,1519354.0
2011-06-10 00:00:00,1492918.0
2011-06-13 00:00:00,1314520.0
2011-06-14 00:00:00,1615178.0
2011-06-15 00:00:00,1419632.0
2011-06-16 00:00:00,1316502.0
2011-06-17 00:00:00,1492356.0
2011-06-20 00:00:00,922590.0
2011-06-21 00:00:00,1238584.0
2011-06-22 00:00:00,1161944.0
2011-06-23 00:00:00,1368990.0
2011-06-24 00:00:00,1347154.0
2011-06-27 00:00:00,1557874.0
2011-06-28 00:00:00,1476066.0
2011-06-29 00:00:00,2137132.0
2011-06-30 00:00:00,1633770.0
2011-07-01 00:00:00,1533708.0
2011-07-04 00:00:00,1567090.0
2011-07-05 00:00:00,1569150.0
2011-07-06 00:00:00,2326820.0
2011-07-07 00:00:00,1947906.0
2011-07-08 00:00:00,1762284.0
2011-07-11 00:00:00,1739062.0
2011-07-12 00:00:00,1980600.0
2011-07-13 00:00:00,1835608.0
2011-07-14 00:00:00,2030262.0
2011-07-15 00:00:00,1900370.0
2011-07-18 00:00:00,1969624.0
2011-07-19 00:00:00,1830974.0
2011-07-20 00:00:00,1961132.0
2011-07-21 00:00:00,1383968.0
2011-07-22 00:00:00,1282300.0
2011-07-25 00:00:00,1297526.0
2011-07-26 00:00:00,1303324.0
2011-07-27 00:00:00,1613444.0
2011-07-28 00:00:00,1235178.0
2011-07-29 00:00:00,1196108.0
2011-08-01 00:00:00,1231056.0
2011-08-02 00:00:00,1046660.0
2011-08-03 00:00:00,1181304.0
2011-08-04 00:00:00,1094528.0
2011-08-05 00:00:00,1886452.0
2011-08-08 00:00:00,1137516.0
2011-08-09 00:00:00,1295204.0
2011-08-10 00:00:00,791268.0
2011-08-11 00:00:00,655316.0
2011-08-12 00:00:00,1641718.0
2011-08-15 00:00:00,855712.0
2011-08-16 00:00:00,774184.0
2011-08-17 00:00:00,738422.0
2011-08-18 00:00:00,796426.0
2011-08-19 00:00:00,922804.0
2011-08-22 00:00:00,674010.0
2011-08-23 00:00:00,381312.0
2011-08-24 00:00:00,1008290.0
2011-08-25 00:00:00,935352.0
2011-08-26 00:00:00,718376.0
2011-08-29 00:00:00,465854.0
2011-08-30 00:00:00,559554.0
2011-08-31 00:00:00,499864.0
2011-09-01 00:00:00,309302.0
2011-09-02 00:00:00,483528.0
2011-09-05 00:00:00,458266.0
2011-09-06 00:00:00,348408.0
2011-09-07 00:00:00,280400.0
2011-09-08 00:00:00,1230938.0
2011-09-09 00:00:00,559282.0
2011-09-13 00:00:00,404842.0
2011-09-14 00:00:00,394620.0
2011-09-15 00:00:00,535236.0
2011-09-16 00:00:00,358792.0
2011-09-19 00:00:00,297548.0
2011-09-20 00:00:00,288654.0
2011-09-21 00:00:00,210620.0
2011-09-22 00:00:00,266968.0
2011-09-23 00:00:00,463056.0
2011-09-26 00:00:00,376152.0
2011-09-27 00:00:00,231184.0
2011-09-28 00:00:00,158952.0
2011-09-29 00:00:00,275946.0
2011-09-30 00:00:00,194350.0
2011-10-10 00:00:00,97532.0
2011-10-11 00:00:00,92142.0
2011-10-12 00:00:00,244072.0
2011-10-13 00:00:00,140060.0
2011-10-14 00:00:00,80246.0
2011-10-17 00:00:00,144802.0
2011-10-18 00:00:00,109046.0
2011-10-19 00:00:00,79644.0
2011-10-20 00:00:00,196604.0
2011-10-21 00:00:00,132096.0
2011-10-24 00:00:00,239228.0
2011-10-25 00:00:00,223422.0
2011-10-26 00:00:00,154600.0
2011-10-27 00:00:00,75900.0
2011-10-28 00:00:00,261062.0
2011-10-31 00:00:00,112328.0
2011-11-01 00:00:00,67478.0
2011-11-02 00:00:00,143800.0
2011-11-03 00:00:00,78418.0
2011-11-04 00:00:00,95014.0
2011-11-07 00:00:00,55026.0
2011-11-08 00:00:00,39378.0
2011-11-09 00:00:00,50134.0
2011-11-10 00:00:00,63822.0
2011-11-11 00:00:00,56884.0
2011-11-14 00:00:00,119258.0
2011-11-15 00:00:00,49272.0
2011-11-16 00:00:00,96190.0
2011-11-17 00:00:00,53946.0
2011-11-18 00:00:00,56108.0
2011-11-21 00:00:00,53228.0
2011-11-22 00:00:00,58634.0
2011-11-23 00:00:00,32460.0
2011-11-24 00:00:00,46858.0
2011-11-25 00:00:00,191552.0
2011-11-28 00:00:00,79012.0
2011-11-29 00:00:00,55184.0
2011-11-30 00:00:00,65992.0
2011-12-01 00:00:00,472574.0
2011-12-02 00:00:00,152116.0
2011-12-05 00:00:00,107182.0
2011-12-06 00:00:00,211284.0
2011-12-07 00:00:00,65228.0
2011-12-08 00:00:00,76120.0
2011-12-09 00:00:00,76454.0
2011-12-12 00:00:00,47682.0
2011-12-13 00:00:00,53836.0
2011-12-14 00:00:00,32260.0
2011-12-15 00:00:00,58132.0
2011-12-16 00:00:00,382758.0
2011-12-19 00:00:00,111410.0
2011-12-20 00:00:00,169310.0
2011-12-21 00:00:00,76830.0
2011-12-22 00:00:00,66028.0
2011-12-23 00:00:00,67536.0
2011-12-26 00:00:00,50902.0
2011-12-27 00:00:00,243108.0
2011-12-28 00:00:00,70210.0
2011-12-29 00:00:00,146522.0
2011-12-30 00:00:00,117726.0
2012-01-04 00:00:00,101414.0
2012-01-05 00:00:00,94090.0
2012-01-06 00:00:00,62574.0
2012-01-09 00:00:00,116606.0
2012-01-10 00:00:00,85028.0
2012-01-11 00:00:00,97912.0
2012-01-12 00:00:00,148752.0
2012-01-13 00:00:00,103566.0
2012-01-16 00:00:00,49398.0
2012-01-17 00:00:00,74962.0
2012-01-18 00:00:00,66004.0
2012-01-19 00:00:00,41386.0
2012-01-20 00:00:00,46984.0
2012-01-30 00:00:00,85362.0
2012-01-31 00:00:00,125140.0
2012-02-01 00:00:00,104020.0
2012-02-02 00:00:00,78702.0
2012-02-03 00:00:00,94930.0
2012-02-06 00:00:00,193134.0
2012-02-07 00:00:00,366704.0
2012-02-08 00:00:00,200726.0
2012-02-09 00:00:00,167676.0
2012-02-10 00:00:00,178082.0
2012-02-13 00:00:00,96948.0
2012-02-14 00:00:00,100626.0
2012-02-15 00:00:00,89378.0
2012-02-16 00:00:00,213572.0
2012-02-17 00:00:00,98496.0
2012-02-20 00:00:00,101166.0
2012-02-21 00:00:00,162016.0
2012-02-22 00:00:00,151390.0
2012-02-23 00:00:00,111630.0
2012-02-24 00:00:00,109380.0
2012-02-27 00:00:00,127452.0
2012-02-28 00:00:00,143920.0
2012-02-29 00:00:00,145034.0
2012-03-01 00:00:00,196636.0
2012-03-02 00:00:00,133824.0
2012-03-05 00:00:00,411502.0
2012-03-06 00:00:00,368020.0
2012-03-07 00:00:00,241192.0
2012-03-08 00:00:00,119560.0
2012-03-09 00:00:00,171506.0
2012-03-12 00:00:00,223296.0
2012-03-13 00:00:00,111548.0
2012-03-14 00:00:00,266884.0
2012-03-15 00:00:00,131142.0
2012-03-16 00:00:00,144258.0
2012-03-19 00:00:00,199078.0
2012-03-20 00:00:00,152054.0
2012-03-21 00:00:00,98666.0
2012-03-22 00:00:00,69726.0
2012-03-23 00:00:00,85422.0
2012-03-26 00:00:00,119754.0
2012-03-27 00:00:00,117380.0
2012-03-28 00:00:00,136890.0
2012-03-29 00:00:00,235016.0
2012-03-30 00:00:00,92372.0
2012-04-05 00:00:00,112360.0
2012-04-06 00:00:00,119436.0
2012-04-09 00:00:00,129776.0
2012-04-10 00:00:00,231020.0
2012-04-11 00:00:00,186352.0
2012-04-12 00:00:00,133402.0
2012-04-13 00:00:00,136792.0
2012-04-16 00:00:00,104212.0
2012-04-17 00:00:00,197848.0
2012-04-18 00:00:00,102118.0
2012-04-19 00:00:00,327792.0
2012-04-20 00:00:00,152402.0
2012-04-23 00:00:00,158976.0
2012-04-24 00:00:00,217462.0
2012-04-25 00:00:00,75430.0
2012-04-26 00:00:00,66056.0
2012-04-27 00:00:00,127356.0
2012-05-02 00:00:00,93606.0
2012-05-03 00:00:00,100940.0
2012-05-04 00:00:00,95156.0
2012-05-07 00:00:00,134054.0
2012-05-08 00:00:00,224924.0
2012-05-09 00:00:00,150720.0
2012-05-10 00:00:00,193682.0
2012-05-11 00:00:00,663888.0
2012-05-14 00:00:00,741718.0
2012-05-15 00:00:00,515204.0
2012-05-16 00:00:00,449384.0
2012-05-17 00:00:00,774164.0
2012-05-18 00:00:00,663190.0
2012-05-21 00:00:00,324146.0
2012-05-22 00:00:00,361526.0
2012-05-23 00:00:00,720490.0
2012-05-24 00:00:00,598724.0
2012-05-25 00:00:00,417040.0
2012-05-28 00:00:00,379686.0
2012-05-29 00:00:00,369416.0
2012-05-30 00:00:00,225522.0
2012-05-31 00:00:00,164706.0
2012-06-01 00:00:00,303184.0
2012-06-04 00:00:00,447066.0
2012-06-05 00:00:00,353026.0
2012-06-06 00:00:00,344862.0
2012-06-07 00:00:00,442950.0
2012-06-08 00:00:00,477096.0
2012-06-11 00:00:00,388924.0
2012-06-12 00:00:00,337992.0
2012-06-13 00:00:00,198578.0
2012-06-14 00:00:00,592122.0
2012-06-15 00:00:00,559232.0
2012-06-18 00:00:00,311504.0
2012-06-19 00:00:00,304716.0
2012-06-20 00:00:00,277466.0
2012-06-21 00:00:00,279720.0
2012-06-25 00:00:00,226168.0
2012-06-26 00:00:00,194840.0
2012-06-27 00:00:00,128478.0
2012-06-28 00:00:00,122798.0
2012-06-29 00:00:00,123874.0
2012-07-02 00:00:00,201674.0
2012-07-03 00:00:00,412806.0
2012-07-04 00:00:00,286152.0
2012-07-05 00:00:00,249840.0
2012-07-06 00:00:00,182082.0
2012-07-09 00:00:00,191438.0
2012-07-10 00:00:00,240798.0
2012-07-11 00:00:00,311236.0
2012-07-12 00:00:00,155078.0
2012-07-13 00:00:00,117500.0
2012-07-16 00:00:00,247822.0
2012-07-17 00:00:00,239922.0
2012-07-18 00:00:00,385650.0
2012-07-19 00:00:00,161726.0
2012-07-20 00:00:00,216098.0
2012-07-23 00:00:00,156520.0
2012-07-24 00:00:00,181592.0
2012-07-25 00:00:00,225230.0
2012-07-26 00:00:00,283502.0
2012-07-27 00:00:00,161890.0
2012-07-30 00:00:00,465566.0
2012-07-31 00:00:00,265252.0
2012-08-01 00:00:00,192312.0
2012-08-02 00:00:00,132640.0
2012-08-03 00:00:00,105938.0
2012-08-06 00:00:00,167568.0
2012-08-07 00:00:00,237066.0
2012-08-08 00:00:00,207502.0
2012-08-09 00:00:00,102690.0
2012-08-10 00:00:00,128758.0
2012-08-13 00:00:00,128724.0
2012-08-14 00:00:00,181786.0
2012-08-15 00:00:00,303626.0
2012-08-16 00:00:00,157352.0
2012-08-17 00:00:00,85364.0
2012-08-20 00:00:00,183796.0
2012-08-21 00:00:00,124084.0
2012-08-22 00:00:00,178258.0
2012-08-23 00:00:00,132044.0
2012-08-24 00:00:00,95502.0
2012-08-27 00:00:00,163924.0
2012-08-28 00:00:00,90530.0
2012-08-29 00:00:00,154040.0
2012-08-30 00:00:00,98976.0
2012-08-31 00:00:00,116098.0
2012-09-03 00:00:00,150312.0
2012-09-04 00:00:00,106388.0
2012-09-05 00:00:00,81226.0
2012-09-06 00:00:00,61638.0
2012-09-07 00:00:00,94464.0
2012-09-10 00:00:00,84524.0
2012-09-11 00:00:00,86518.0
2012-09-12 00:00:00,63292.0
2012-09-13 00:00:00,100816.0
2012-09-14 00:00:00,94892.0
2012-09-17 00:00:00,99982.0
2012-09-18 00:00:00,551198.0
2012-09-19 00:00:00,193464.0
2012-09-20 00:00:00,143170.0
2012-09-21 00:00:00,113314.0
2012-09-24 00:00:00,136448.0
2012-09-25 00:00:00,71672.0
2012-09-26 00:00:00,84794.0
2012-09-27 00:00:00,141762.0
2012-09-28 00:00:00,182652.0
2012-10-08 00:00:00,65448.0
2012-10-09 00:00:00,108904.0
2012-10-10 00:00:00,66746.0
2012-10-11 00:00:00,79560.0
2012-10-12 00:00:00,86532.0
2012-10-15 00:00:00,99840.0
2012-10-16 00:00:00,90248.0
2012-10-17 00:00:00,129362.0
2012-10-18 00:00:00,231198.0
2012-10-19 00:00:00,102208.0
2012-10-22 00:00:00,93380.0
2012-10-23 00:00:00,56554.0
2012-10-24 00:00:00,77168.0
2012-10-25 00:00:00,74926.0
2012-10-26 00:00:00,83234.0
2012-10-29 00:00:00,56076.0
2012-10-30 00:00:00,64438.0
2012-10-31 00:00:00,55674.0
2012-11-01 00:00:00,79980.0
2012-11-02 00:00:00,79886.0
2012-11-05 00:00:00,168562.0
2012-11-06 00:00:00,85738.0
2012-11-07 00:00:00,68652.0
2012-11-08 00:00:00,67432.0
2012-11-09 00:00:00,92354.0
2012-11-12 00:00:00,76144.0
2012-11-13 00:00:00,34972.0
2012-11-14 00:00:00,59864.0
2012-11-15 00:00:00,94884.0
2012-11-16 00:00:00,59802.0
2012-11-19 00:00:00,47752.0
2012-11-20 00:00:00,68886.0
2012-11-21 00:00:00,77980.0
2012-11-22 00:00:00,62778.0
2012-11-23 00:00:00,45020.0
2012-11-26 00:00:00,64264.0
2012-11-27 00:00:00,49486.0
2012-11-28 00:00:00,41400.0
2012-11-29 00:00:00,57372.0
2012-11-30 00:00:00,49382.0
2012-12-03 00:00:00,77750.0
2012-12-04 00:00:00,36320.0
2012-12-05 00:00:00,66992.0
2012-12-06 00:00:00,43082.0
2012-12-07 00:00:00,63610.0
2012-12-10 00:00:00,186270.0
2012-12-11 00:00:00,133268.0
2012-12-12 00:00:00,98308.0
2012-12-13 00:00:00,93212.0
2012-12-14 00:00:00,95080.0
2012-12-17 00:00:00,168226.0
2012-12-18 00:00:00,101468.0
2012-12-19 00:00:00,75388.0
2012-12-20 00:00:00,90392.0
2012-12-21 00:00:00,77916.0
2012-12-24 00:00:00,100228.0
2012-12-25 00:00:00,57220.0
2012-12-26 00:00:00,91630.0
2012-12-27 00:00:00,70966.0
2012-12-28 00:00:00,113902.0
2012-12-31 00:00:00,106342.0
2013-01-04 00:00:00,81918.0
2013-01-07 00:00:00,180736.0
2013-01-08 00:00:00,82178.0
2013-01-09 00:00:00,95072.0
2013-01-10 00:00:00,39702.0
2013-01-11 00:00:00,65762.0
2013-01-14 00:00:00,83110.0
2013-01-15 00:00:00,122982.0
2013-01-16 00:00:00,102498.0
2013-01-17 00:00:00,61436.0
2013-01-18 00:00:00,68416.0
2013-01-21 00:00:00,60990.0
2013-01-22 00:00:00,39078.0
2013-01-23 00:00:00,213236.0
2013-01-24 00:00:00,116472.0
2013-01-25 00:00:00,128764.0
2013-01-28 00:00:00,55942.0
2013-01-29 00:00:00,566632.0
2013-01-30 00:00:00,394038.0
2013-01-31 00:00:00,190214.0
2013-02-01 00:00:00,588400.0
2013-02-04 00:00:00,296374.0
2013-02-05 00:00:00,333362.0
2013-02-06 00:00:00,234486.0
2013-02-07 00:00:00,214888.0
2013-02-08 00:00:00,106190.0
2013-02-18 00:00:00,84688.0
2013-02-19 00:00:00,285042.0
2013-02-20 00:00:00,179376.0
2013-02-21 00:00:00,179094.0
2013-02-22 00:00:00,160428.0
2013-02-25 00:00:00,138764.0
2013-02-26 00:00:00,105416.0
2013-02-27 00:00:00,93308.0
2013-02-28 00:00:00,136568.0
2013-03-01 00:00:00,114238.0
2013-03-04 00:00:00,208750.0
2013-03-05 00:00:00,354718.0
2013-03-06 00:00:00,183988.0
2013-03-07 00:00:00,117122.0
2013-03-08 00:00:00,129872.0
2013-03-11 00:00:00,80596.0
2013-03-12 00:00:00,94824.0
2013-03-13 00:00:00,202622.0
2013-03-14 00:00:00,167950.0
2013-03-15 00:00:00,248434.0
2013-03-18 00:00:00,181170.0
2013-03-19 00:00:00,80794.0
2013-03-20 00:00:00,56924.0
2013-03-21 00:00:00,111288.0
2013-03-22 00:00:00,85250.0
2013-03-25 00:00:00,52712.0
2013-03-26 00:00:00,101424.0
2013-03-27 00:00:00,94426.0
2013-03-28 00:00:00,62962.0
2013-03-29 00:00:00,157698.0
2013-04-01 00:00:00,93494.0
2013-04-02 00:00:00,88916.0
2013-04-03 00:00:00,93612.0
2013-04-08 00:00:00,94094.0
2013-04-09 00:00:00,55264.0
2013-04-10 00:00:00,115854.0
2013-04-11 00:00:00,107240.0
2013-04-12 00:00:00,47750.0
2013-04-15 00:00:00,82500.0
2013-04-16 00:00:00,57328.0
2013-04-17 00:00:00,56248.0
2013-04-18 00:00:00,59704.0
2013-04-19 00:00:00,349816.0
2013-04-22 00:00:00,105036.0
2013-04-23 00:00:00,125984.0
2013-04-24 00:00:00,70234.0
2013-04-25 00:00:00,75762.0
2013-04-26 00:00:00,61980.0
2013-05-02 00:00:00,41548.0
2013-05-03 00:00:00,49544.0
2013-05-06 00:00:00,76622.0
2013-05-07 00:00:00,56192.0
2013-05-08 00:00:00,39642.0
2013-05-09 00:00:00,58908.0
2013-05-10 00:00:00,122454.0
2013-05-13 00:00:00,47806.0
2013-05-14 00:00:00,33342.0
2013-05-15 00:00:00,52434.0
2013-05-16 00:00:00,23116.0
2013-05-17 00:00:00,23534.0
2013-05-20 00:00:00,38400.0
2013-05-21 00:00:00,16856.0
2013-05-22 00:00:00,12976.0
2013-05-23 00:00:00,14846.0
2013-05-24 00:00:00,12544.0
2013-05-27 00:00:00,19312.0
2013-05-28 00:00:00,15144.0
2013-05-29 00:00:00,11980.0
2013-05-30 00:00:00,22686.0
2013-05-31 00:00:00,26458.0
2013-06-03 00:00:00,19040.0
2013-06-04 00:00:00,28386.0
2013-06-05 00:00:00,15882.0
2013-06-06 00:00:00,17074.0
2013-06-07 00:00:00,12986.0
2013-06-13 00:00:00,50204.0
2013-06-14 00:00:00,31472.0
2013-06-17 00:00:00,55798.0
2013-06-18 00:00:00,23764.0
2013-06-19 00:00:00,11840.0
2013-06-20 00:00:00,17350.0
2013-06-21 00:00:00,16400.0
2013-06-24 00:00:00,18274.0
2013-06-25 00:00:00,22392.0
2013-06-26 00:00:00,18038.0
2013-06-27 00:00:00,11776.0
2013-06-28 00:00:00,25014.0
2013-07-01 00:00:00,13652.0
2013-07-02 00:00:00,16776.0
2013-07-03 00:00:00,28790.0
2013-07-04 00:00:00,16452.0
2013-07-05 00:00:00,31312.0
2013-07-08 00:00:00,46466.0
2013-07-09 00:00:00,32398.0
2013-07-10 00:00:00,58528.0
2013-07-11 00:00:00,63138.0
2013-07-12 00:00:00,35334.0
2013-07-15 00:00:00,27064.0
2013-07-16 00:00:00,36242.0
2013-07-17 00:00:00,32478.0
2013-07-18 00:00:00,22304.0
2013-07-19 00:00:00,20106.0
2013-07-22 00:00:00,13874.0
2013-07-23 00:00:00,9702.0
2013-07-24 00:00:00,22140.0
2013-07-25 00:00:00,35916.0
2013-07-26 00:00:00,73364.0
2013-07-29 00:00:00,163104.0
2013-07-30 00:00:00,46228.0
2013-07-31 00:00:00,40478.0
2013-08-01 00:00:00,24508.0
2013-08-02 00:00:00,24504.0
2013-08-05 00:00:00,28192.0
2013-08-06 00:00:00,15766.0
2013-08-07 00:00:00,22364.0
2013-08-08 00:00:00,33038.0
2013-08-09 00:00:00,31428.0
2013-08-12 00:00:00,24164.0
2013-08-13 00:00:00,30254.0
2013-08-14 00:00:00,39646.0
2013-08-15 00:00:00,26494.0
2013-08-16 00:00:00,35516.0
2013-08-19 00:00:00,25538.0
2013-08-20 00:00:00,22912.0
2013-08-21 00:00:00,46124.0
2013-08-22 00:00:00,37772.0
2013-08-23 00:00:00,20452.0
2013-08-26 00:00:00,73746.0
2013-08-27 00:00:00,24018.0
2013-08-28 00:00:00,26876.0
2013-08-29 00:00:00,30460.0
2013-08-30 00:00:00,11160.0
2013-09-02 00:00:00,12994.0
2013-09-03 00:00:00,27222.0
2013-09-04 00:00:00,39640.0
2013-09-05 00:00:00,44096.0
2013-09-06 00:00:00,15518.0
2013-09-09 00:00:00,25882.0
2013-09-10 00:00:00,27848.0
2013-09-11 00:00:00,18236.0
2013-09-12 00:00:00,4266.0
2013-09-13 00:00:00,8166.0
2013-09-16 00:00:00,19958.0
2013-09-17 00:00:00,18334.0
2013-09-18 00:00:00,11692.0
2013-09-23 00:00:00,10894.0
2013-09-24 00:00:00,8430.0
2013-09-25 00:00:00,7046.0
2013-09-26 00:00:00,10766.0
2013-09-27 00:00:00,14008.0
2013-09-30 00:00:00,16752.0
2013-10-08 00:00:00,7272.0
2013-10-09 00:00:00,26242.0
2013-10-10 00:00:00,19872.0
2013-10-11 00:00:00,32430.0
2013-10-14 00:00:00,12240.0
2013-10-15 00:00:00,12918.0
2013-10-16 00:00:00,9228.0
2013-10-17 00:00:00,23308.0
2013-10-18 00:00:00,13742.0
2013-10-21 00:00:00,18474.0
2013-10-22 00:00:00,14310.0
2013-10-23 00:00:00,14006.0
2013-10-24 00:00:00,26774.0
2013-10-25 00:00:00,14132.0
2013-10-28 00:00:00,12238.0
2013-10-29 00:00:00,10798.0
2013-10-30 00:00:00,8944.0
2013-10-31 00:00:00,15952.0
2013-11-01 00:00:00,11816.0
2013-11-04 00:00:00,5984.0
2013-11-05 00:00:00,6226.0
2013-11-06 00:00:00,16578.0
2013-11-07 00:00:00,6896.0
2013-11-08 00:00:00,12098.0
2013-11-11 00:00:00,13976.0
2013-11-12 00:00:00,12954.0
2013-11-13 00:00:00,8944.0
2013-11-14 00:00:00,16008.0
2013-11-15 00:00:00,18368.0
2013-11-18 00:00:00,49728.0
2013-11-19 00:00:00,46576.0
2013-11-20 00:00:00,34592.0
2013-11-21 00:00:00,29206.0
2013-11-22 00:00:00,11346.0
2013-11-25 00:00:00,16266.0
2013-11-26 00:00:00,11654.0
2013-11-27 00:00:00,25266.0
2013-11-28 00:00:00,14830.0
2013-11-29 00:00:00,16456.0
2013-12-02 00:00:00,28896.0
2013-12-03 00:00:00,19028.0
2013-12-04 00:00:00,10980.0
2013-12-05 00:00:00,14424.0
2013-12-06 00:00:00,9044.0
2013-12-09 00:00:00,16498.0
2013-12-10 00:00:00,5816.0
2013-12-11 00:00:00,8804.0
2013-12-12 00:00:00,25244.0
2013-12-13 00:00:00,19914.0
2013-12-16 00:00:00,19036.0
2013-12-17 00:00:00,6812.0
2013-12-18 00:00:00,16724.0
2013-12-19 00:00:00,44086.0
2013-12-20 00:00:00,16278.0
2013-12-23 00:00:00,16100.0
2013-12-24 00:00:00,11872.0
2013-12-25 00:00:00,9364.0
2013-12-26 00:00:00,17568.0
2013-12-27 00:00:00,136786.0
2013-12-30 00:00:00,94042.0
2013-12-31 00:00:00,70834.0
2014-01-02 00:00:00,76156.0
2014-01-03 00:00:00,31174.0
2014-01-06 00:00:00,54394.0
2014-01-07 00:00:00,51712.0
2014-01-08 00:00:00,117006.0
2014-01-09 00:00:00,63476.0
2014-01-10 00:00:00,127996.0
2014-01-13 00:00:00,74096.0
2014-01-14 00:00:00,45370.0
2014-01-15 00:00:00,29610.0
2014-01-16 00:00:00,34562.0
2014-01-17 00:00:00,61934.0
2014-01-20 00:00:00,56034.0
2014-01-21 00:00:00,50998.0
2014-01-22 00:00:00,38268.0
2014-01-23 00:00:00,22874.0
2014-01-24 00:00:00,31932.0
2014-01-27 00:00:00,27390.0
2014-01-28 00:00:00,42600.0
2014-01-29 00:00:00,10466.0
2014-01-30 00:00:00,9350.0
2014-02-07 00:00:00,19116.0
2014-02-10 00:00:00,45184.0
2014-02-11 00:00:00,61298.0
2014-02-12 00:00:00,21804.0
2014-02-13 00:00:00,23790.0
2014-02-14 00:00:00,42142.0
2014-02-17 00:00:00,27240.0
2014-02-18 00:00:00,18796.0
2014-02-19 00:00:00,15926.0
2014-02-20 00:00:00,26550.0
2014-02-21 00:00:00,8084.0
2014-02-24 00:00:00,39078.0
2014-02-25 00:00:00,20024.0
2014-02-26 00:00:00,52510.0
2014-02-27 00:00:00,50704.0
2014-02-28 00:00:00,161168.0
2014-03-03 00:00:00,136000.0
2014-03-04 00:00:00,83286.0
2014-03-05 00:00:00,38750.0
2014-03-06 00:00:00,77930.0
2014-03-07 00:00:00,50196.0
2014-03-10 00:00:00,93134.0
2014-03-11 00:00:00,43004.0
2014-03-12 00:00:00,32784.0
2014-03-13 00:00:00,33592.0
2014-03-14 00:00:00,31288.0
2014-03-17 00:00:00,36614.0
2014-03-18 00:00:00,27602.0
2014-03-19 00:00:00,19580.0
2014-03-20 00:00:00,20354.0
2014-03-21 00:00:00,23094.0
2014-03-24 00:00:00,19284.0
2014-03-25 00:00:00,88038.0
2014-03-26 00:00:00,33122.0
2014-03-27 00:00:00,76978.0
2014-03-28 00:00:00,29150.0
2014-03-31 00:00:00,56040.0
2014-04-01 00:00:00,26076.0
2014-04-02 00:00:00,22260.0
2014-04-03 00:00:00,25122.0
2014-04-04 00:00:00,34216.0
2014-04-08 00:00:00,187658.0
2014-04-09 00:00:00,62786.0
2014-04-10 00:00:00,129960.0
2014-04-11 00:00:00,92976.0
2014-04-14 00:00:00,37938.0
2014-04-15 00:00:00,36694.0
2014-04-16 00:00:00,42874.0
2014-04-17 00:00:00,40018.0
2014-04-18 00:00:00,32256.0
2014-04-21 00:00:00,51090.0
2014-04-22 00:00:00,35208.0
2014-04-23 00:00:00,15608.0
2014-04-24 00:00:00,25884.0
2014-04-25 00:00:00,17324.0
2014-04-28 00:00:00,46596.0
2014-04-29 00:00:00,31364.0
2014-04-30 00:00:00,22596.0
2014-05-05 00:00:00,28838.0
2014-05-06 00:00:00,28856.0
2014-05-07 00:00:00,17320.0
2014-05-08 00:00:00,14786.0
2014-05-09 00:00:00,10820.0
2014-05-12 00:00:00,25284.0
2014-05-13 00:00:00,17002.0
2014-05-14 00:00:00,26700.0
2014-05-15 00:00:00,12670.0
2014-05-16 00:00:00,24788.0
2014-05-19 00:00:00,29220.0
2014-05-20 00:00:00,17474.0
2014-05-21 00:00:00,27360.0
2014-05-22 00:00:00,18084.0
2014-05-23 00:00:00,24634.0
2014-05-26 00:00:00,34610.0
2014-05-27 00:00:00,18482.0
2014-05-28 00:00:00,39312.0
2014-05-29 00:00:00,18308.0
2014-05-30 00:00:00,34006.0
2014-06-03 00:00:00,69694.0
2014-06-04 00:00:00,51740.0
2014-06-05 00:00:00,67542.0
2014-06-06 00:00:00,53346.0
2014-06-09 00:00:00,23034.0
2014-06-10 00:00:00,32904.0
2014-06-11 00:00:00,34984.0
2014-06-12 00:00:00,17686.0
2014-06-13 00:00:00,18030.0
2014-06-16 00:00:00,47672.0
2014-06-17 00:00:00,24432.0
2014-06-18 00:00:00,49412.0
2014-06-19 00:00:00,43380.0
2014-06-20 00:00:00,29092.0
2014-06-23 00:00:00,32776.0
2014-06-24 00:00:00,25062.0
2014-06-25 00:00:00,44462.0
2014-06-26 00:00:00,63136.0
2014-06-27 00:00:00,36298.0
2014-06-30 00:00:00,35686.0
2014-07-01 00:00:00,67406.0
2014-07-02 00:00:00,125520.0
2014-07-03 00:00:00,139240.0
2014-07-04 00:00:00,69258.0
2014-07-07 00:00:00,126306.0
2014-07-08 00:00:00,166414.0
2014-07-09 00:00:00,111844.0
2014-07-10 00:00:00,126418.0
2014-07-11 00:00:00,193844.0
2014-07-14 00:00:00,119974.0
2014-07-15 00:00:00,83726.0
2014-07-16 00:00:00,183712.0
2014-07-17 00:00:00,99618.0
2014-07-18 00:00:00,90960.0
2014-07-21 00:00:00,103670.0
2014-07-22 00:00:00,198364.0
2014-07-23 00:00:00,133250.0
2014-07-24 00:00:00,213602.0
2014-07-25 00:00:00,119070.0
2014-07-28 00:00:00,104832.0
2014-07-29 00:00:00,144666.0
2014-07-30 00:00:00,59538.0
2014-07-31 00:00:00,59612.0
2014-08-01 00:00:00,316310.0
2014-08-04 00:00:00,406680.0
2014-08-05 00:00:00,563708.0
2014-08-06 00:00:00,364284.0
2014-08-07 00:00:00,283812.0
2014-08-08 00:00:00,150132.0
2014-08-11 00:00:00,364102.0
2014-08-12 00:00:00,271944.0
2014-08-13 00:00:00,231598.0
2014-08-14 00:00:00,292244.0
2014-08-15 00:00:00,182376.0
2014-08-18 00:00:00,391788.0
2014-08-19 00:00:00,170610.0
2014-08-20 00:00:00,190958.0
2014-08-21 00:00:00,158506.0
2014-08-22 00:00:00,313082.0
2014-08-25 00:00:00,179404.0
2014-08-26 00:00:00,284490.0
2014-08-27 00:00:00,354724.0
2014-08-28 00:00:00,330632.0
2014-08-29 00:00:00,224186.0
2014-09-01 00:00:00,561774.0
2014-09-02 00:00:00,433104.0
2014-09-03 00:00:00,476064.0
2014-09-04 00:00:00,354314.0
2014-09-05 00:00:00,512294.0
2014-09-09 00:00:00,624500.0
2014-09-10 00:00:00,360658.0
2014-09-11 00:00:00,307648.0
2014-09-12 00:00:00,448680.0
2014-09-15 00:00:00,367408.0
2014-09-16 00:00:00,356034.0
2014-09-17 00:00:00,552836.0
2014-09-18 00:00:00,771606.0
2014-09-19 00:00:00,819924.0
2014-09-22 00:00:00,865778.0
2014-09-23 00:00:00,1100916.0
2014-09-24 00:00:00,1342486.0
2014-09-25 00:00:00,1426928.0
2014-09-26 00:00:00,771846.0
2014-09-29 00:00:00,1633866.0
2014-09-30 00:00:00,904360.0
2014-10-08 00:00:00,527190.0
2014-10-09 00:00:00,1442254.0
2014-10-10 00:00:00,910934.0
2014-10-13 00:00:00,689278.0
2014-10-14 00:00:00,782592.0
2014-10-15 00:00:00,785068.0
2014-10-16 00:00:00,782858.0
2014-10-17 00:00:00,874774.0
2014-10-20 00:00:00,973258.0
2014-10-21 00:00:00,958438.0
2014-10-22 00:00:00,574414.0
2014-10-23 00:00:00,590646.0
2014-10-24 00:00:00,421584.0
2014-10-27 00:00:00,882476.0
2014-10-28 00:00:00,637370.0
2014-10-29 00:00:00,562656.0
2014-10-30 00:00:00,702246.0
2014-10-31 00:00:00,567104.0
2014-11-03 00:00:00,586608.0
2014-11-04 00:00:00,513464.0
2014-11-05 00:00:00,468938.0
2014-11-06 00:00:00,406544.0
2014-11-07 00:00:00,298920.0
2014-11-10 00:00:00,329286.0
2014-11-11 00:00:00,422862.0
2014-11-12 00:00:00,309174.0
2014-11-13 00:00:00,343186.0
2014-11-14 00:00:00,521318.0
2014-11-17 00:00:00,757424.0
2014-11-18 00:00:00,589756.0
2014-11-19 00:00:00,327470.0
2014-11-20 00:00:00,805116.0
2014-11-21 00:00:00,325030.0
2014-11-24 00:00:00,687804.0
2014-11-25 00:00:00,1389616.0
2014-11-26 00:00:00,591302.0
2014-11-27 00:00:00,981548.0
2014-11-28 00:00:00,670706.0
2014-12-01 00:00:00,645030.0
2014-12-02 00:00:00,446486.0
2014-12-03 00:00:00,566172.0
2014-12-04 00:00:00,946172.0
2014-12-05 00:00:00,418446.0
2014-12-08 00:00:00,419050.0
2014-12-09 00:00:00,550726.0
2014-12-10 00:00:00,491796.0
2014-12-11 00:00:00,257274.0
2014-12-12 00:00:00,655394.0
2014-12-15 00:00:00,318994.0
2014-12-16 00:00:00,312704.0
2014-12-17 00:00:00,439088.0
2014-12-18 00:00:00,340692.0
2014-12-19 00:00:00,230088.0
2014-12-22 00:00:00,126860.0
2014-12-23 00:00:00,266014.0
2014-12-24 00:00:00,402598.0
2014-12-25 00:00:00,520390.0
2014-12-26 00:00:00,265162.0
2014-12-29 00:00:00,398280.0
2014-12-30 00:00:00,387944.0
2014-12-31 00:00:00,283054.0
2015-01-05 00:00:00,272258.0
2015-01-06 00:00:00,191008.0
2015-01-07 00:00:00,222078.0
2015-01-08 00:00:00,191330.0
2015-01-09 00:00:00,142746.0
2015-01-12 00:00:00,157814.0
2015-01-13 00:00:00,307644.0
2015-01-14 00:00:00,220072.0
2015-01-15 00:00:00,224798.0
2015-01-16 00:00:00,310308.0
2015-01-19 00:00:00,180958.0
2015-01-20 00:00:00,143286.0
2015-01-21 00:00:00,295600.0
2015-01-22 00:00:00,169044.0
2015-01-23 00:00:00,278704.0
2015-01-26 00:00:00,247274.0
2015-01-27 00:00:00,288304.0
2015-01-28 00:00:00,207222.0
2015-01-29 00:00:00,417390.0
2015-01-30 00:00:00,223462.0
2015-02-02 00:00:00,154656.0
2015-02-03 00:00:00,197834.0
2015-02-04 00:00:00,478608.0
2015-02-05 00:00:00,312152.0
2015-02-06 00:00:00,181126.0
2015-02-09 00:00:00,181708.0
2015-02-10 00:00:00,219654.0
2015-02-11 00:00:00,183598.0
2015-02-12 00:00:00,130234.0
2015-02-13 00:00:00,193976.0
2015-02-16 00:00:00,127874.0
2015-02-17 00:00:00,97444.0
2015-02-25 00:00:00,108390.0
2015-02-26 00:00:00,303302.0
2015-02-27 00:00:00,201402.0
2015-03-02 00:00:00,209064.0
2015-03-03 00:00:00,401062.0
2015-03-04 00:00:00,104698.0
2015-03-05 00:00:00,117138.0
2015-03-06 00:00:00,96956.0
2015-03-09 00:00:00,225744.0
2015-03-10 00:00:00,90630.0
2015-03-11 00:00:00,97336.0
2015-03-12 00:00:00,162100.0
2015-03-13 00:00:00,63884.0
2015-03-16 00:00:00,90792.0
2015-03-17 00:00:00,61448.0
2015-03-18 00:00:00,105308.0
2015-03-19 00:00:00,183164.0
2015-03-20 00:00:00,126320.0
2015-03-23 00:00:00,159088.0
2015-03-24 00:00:00,163772.0
2015-03-25 00:00:00,107952.0
2015-03-26 00:00:00,135126.0
2015-03-27 00:00:00,140486.0
2015-03-30 00:00:00,132458.0
2015-03-31 00:00:00,122164.0
2015-04-01 00:00:00,194520.0
2015-04-02 00:00:00,122932.0
2015-04-03 00:00:00,127434.0
2015-04-07 00:00:00,145296.0
2015-04-08 00:00:00,242794.0
2015-04-09 00:00:00,172628.0
2015-04-10 00:00:00,133982.0
2015-04-13 00:00:00,138402.0
2015-04-14 00:00:00,129350.0
2015-04-15 00:00:00,98352.0
2015-04-16 00:00:00,151910.0
2015-04-17 00:00:00,104330.0
2015-04-20 00:00:00,89850.0
2015-04-21 00:00:00,157878.0
2015-04-22 00:00:00,458480.0
2015-04-23 00:00:00,415920.0
2015-04-24 00:00:00,250664.0
2015-04-27 00:00:00,545040.0
2015-04-28 00:00:00,362364.0
2015-04-29 00:00:00,626528.0
2015-04-30 00:00:00,336826.0
2015-05-04 00:00:00,346234.0
2015-05-05 00:00:00,510110.0
2015-05-06 00:00:00,408788.0
2015-05-07 00:00:00,416020.0
2015-05-08 00:00:00,355600.0
2015-05-11 00:00:00,244618.0
2015-05-12 00:00:00,349624.0
2015-05-13 00:00:00,169338.0
2015-05-14 00:00:00,246682.0
2015-05-15 00:00:00,273504.0
2015-05-18 00:00:00,114922.0
2015-05-19 00:00:00,193336.0
2015-05-20 00:00:00,224904.0
2015-05-21 00:00:00,138014.0
2015-05-22 00:00:00,143678.0
2015-05-25 00:00:00,182854.0
2015-05-26 00:00:00,217048.0
2015-05-27 00:00:00,130908.0
2015-05-28 00:00:00,136866.0
2015-05-29 00:00:00,151604.0
2015-06-01 00:00:00,228122.0
2015-06-02 00:00:00,142516.0
2015-06-03 00:00:00,177820.0
2015-06-04 00:00:00,176204.0
2015-06-05 00:00:00,122470.0
2015-06-08 00:00:00,81516.0
2015-06-09 00:00:00,89142.0
2015-06-10 00:00:00,76204.0
2015-06-11 00:00:00,289402.0
2015-06-12 00:00:00,286438.0
2015-06-15 00:00:00,167510.0
2015-06-16 00:00:00,111400.0
2015-06-17 00:00:00,109432.0
2015-06-18 00:00:00,82150.0
2015-06-19 00:00:00,148426.0
2015-06-23 00:00:00,67706.0
2015-06-24 00:00:00,65460.0
2015-06-25 00:00:00,70950.0
2015-06-26 00:00:00,111382.0
2015-06-29 00:00:00,157056.0
2015-06-30 00:00:00,131858.0
2015-07-01 00:00:00,179102.0
2015-07-02 00:00:00,69138.0
2015-07-03 00:00:00,123296.0
2015-07-06 00:00:00,141652.0
2015-07-07 00:00:00,163246.0
2015-07-08 00:00:00,449150.0
2015-07-09 00:00:00,345624.0
2015-07-10 00:00:00,236786.0
2015-07-13 00:00:00,116734.0
2015-07-14 00:00:00,172280.0
2015-07-15 00:00:00,135738.0
2015-07-16 00:00:00,79752.0
2015-07-17 00:00:00,64272.0
2015-07-20 00:00:00,148494.0
2015-07-21 00:00:00,78188.0
2015-07-22 00:00:00,64440.0
2015-07-23 00:00:00,64022.0
2015-07-24 00:00:00,118032.0
2015-07-27 00:00:00,86828.0
2015-07-28 00:00:00,124710.0
2015-07-29 00:00:00,99728.0
2015-07-30 00:00:00,64282.0
2015-07-31 00:00:00,141632.0
2015-08-03 00:00:00,106342.0
2015-08-04 00:00:00,154366.0
2015-08-05 00:00:00,86118.0
2015-08-06 00:00:00,228262.0
2015-08-07 00:00:00,127906.0
2015-08-10 00:00:00,130866.0
2015-08-11 00:00:00,157556.0
2015-08-12 00:00:00,87692.0
2015-08-13 00:00:00,258550.0
2015-08-14 00:00:00,154138.0
2015-08-17 00:00:00,88084.0
2015-08-18 00:00:00,73324.0
2015-08-19 00:00:00,256652.0
2015-08-20 00:00:00,142114.0
2015-08-21 00:00:00,116920.0
2015-08-24 00:00:00,247804.0
2015-08-25 00:00:00,171146.0
2015-08-26 00:00:00,103416.0
2015-08-27 00:00:00,112750.0
2015-08-28 00:00:00,142622.0
2015-08-31 00:00:00,85862.0
2015-09-01 00:00:00,153164.0
2015-09-02 00:00:00,95304.0
2015-09-07 00:00:00,78528.0
2015-09-08 00:00:00,73210.0
2015-09-09 00:00:00,140132.0
2015-09-10 00:00:00,117590.0
2015-09-11 00:00:00,108380.0
2015-09-14 00:00:00,55662.0
2015-09-15 00:00:00,87656.0
2015-09-16 00:00:00,115160.0
2015-09-17 00:00:00,53884.0
2015-09-18 00:00:00,56898.0
2015-09-21 00:00:00,97130.0
2015-09-22 00:00:00,82116.0
2015-09-23 00:00:00,169552.0
2015-09-24 00:00:00,108264.0
2015-09-25 00:00:00,240840.0
2015-09-28 00:00:00,343910.0
2015-09-29 00:00:00,161116.0
2015-09-30 00:00:00,129866.0
2015-10-08 00:00:00,129630.0
2015-10-09 00:00:00,345644.0
2015-10-12 00:00:00,161388.0
2015-10-13 00:00:00,149612.0
2015-10-14 00:00:00,172356.0
2015-10-15 00:00:00,190010.0
2015-10-16 00:00:00,289888.0
2015-10-19 00:00:00,267440.0
2015-10-20 00:00:00,170668.0
2015-10-21 00:00:00,278350.0
2015-10-22 00:00:00,310552.0
2015-10-23 00:00:00,431122.0
2015-10-26 00:00:00,218934.0
2015-10-27 00:00:00,219954.0
2015-10-28 00:00:00,171734.0
2015-10-29 00:00:00,302712.0
2015-10-30 00:00:00,207338.0
2015-11-02 00:00:00,256018.0
2015-11-03 00:00:00,126576.0
2015-11-04 00:00:00,189004.0
2015-11-05 00:00:00,189106.0
2015-11-06 00:00:00,211064.0
2015-11-09 00:00:00,169308.0
2015-11-10 00:00:00,137970.0
2015-11-11 00:00:00,123084.0
2015-11-12 00:00:00,191170.0
2015-11-13 00:00:00,177598.0
2015-11-16 00:00:00,181192.0
2015-11-17 00:00:00,268614.0
2015-11-18 00:00:00,187968.0
2015-11-19 00:00:00,267016.0
2015-11-20 00:00:00,267494.0
2015-11-23 00:00:00,168376.0
2015-11-24 00:00:00,218808.0
2015-11-25 00:00:00,265092.0
2015-11-26 00:00:00,270744.0
2015-11-27 00:00:00,333706.0
2015-11-30 00:00:00,158918.0
2015-12-01 00:00:00,598128.0
2015-12-02 00:00:00,121738.0
2015-12-03 00:00:00,168238.0
2015-12-04 00:00:00,117632.0
2015-12-07 00:00:00,105068.0
2015-12-08 00:00:00,184722.0
2015-12-09 00:00:00,103382.0
2015-12-10 00:00:00,304206.0
2015-12-11 00:00:00,184300.0
2015-12-14 00:00:00,165250.0
2015-12-15 00:00:00,107616.0
2015-12-16 00:00:00,105822.0
2015-12-17 00:00:00,171790.0
2015-12-18 00:00:00,120050.0
2015-12-21 00:00:00,231190.0
2015-12-22 00:00:00,136964.0
2015-12-23 00:00:00,202432.0
2015-12-24 00:00:00,182378.0
2015-12-25 00:00:00,212284.0
2015-12-28 00:00:00,153742.0
2015-12-29 00:00:00,254478.0
2015-12-30 00:00:00,247530.0
2015-12-31 00:00:00,188960.0
2016-01-04 00:00:00,234740.0
2016-01-05 00:00:00,186196.0
2016-01-06 00:00:00,305116.0
2016-01-07 00:00:00,241452.0
2016-01-08 00:00:00,179926.0
2016-01-11 00:00:00,146442.0
2016-01-12 00:00:00,116776.0
2016-01-13 00:00:00,132142.0
2016-01-14 00:00:00,94830.0
2016-01-15 00:00:00,220668.0
2016-01-18 00:00:00,206586.0
2016-01-19 00:00:00,174990.0
2016-01-20 00:00:00,372202.0
2016-01-21 00:00:00,153284.0
2016-01-22 00:00:00,153944.0
2016-01-25 00:00:00,83196.0
2016-01-26 00:00:00,102870.0
2016-01-27 00:00:00,87878.0
2016-01-28 00:00:00,91892.0
2016-01-29 00:00:00,124736.0
2016-02-01 00:00:00,101742.0
2016-02-02 00:00:00,149672.0
2016-02-03 00:00:00,225252.0
2016-02-04 00:00:00,176202.0
2016-02-05 00:00:00,213672.0
2016-02-15 00:00:00,162248.0
2016-02-16 00:00:00,190726.0
2016-02-17 00:00:00,173948.0
2016-02-18 00:00:00,120334.0
2016-02-19 00:00:00,219654.0
2016-02-22 00:00:00,229766.0
2016-02-23 00:00:00,225670.0
2016-02-24 00:00:00,353436.0
2016-02-25 00:00:00,630406.0
2016-02-26 00:00:00,294850.0
2016-02-29 00:00:00,386612.0
2016-03-01 00:00:00,508382.0
2016-03-02 00:00:00,321166.0
2016-03-03 00:00:00,435956.0
2016-03-04 00:00:00,367958.0
2016-03-07 00:00:00,1012532.0
2016-03-08 00:00:00,731372.0
2016-03-09 00:00:00,472438.0
2016-03-10 00:00:00,433260.0
2016-03-11 00:00:00,451372.0
2016-03-14 00:00:00,410708.0
2016-03-15 00:00:00,368056.0
2016-03-16 00:00:00,301854.0
2016-03-17 00:00:00,330768.0
2016-03-18 00:00:00,728660.0
2016-03-21 00:00:00,692044.0
2016-03-22 00:00:00,539712.0
2016-03-23 00:00:00,437322.0
2016-03-24 00:00:00,444172.0
2016-03-25 00:00:00,304076.0
2016-03-28 00:00:00,321662.0
2016-03-29 00:00:00,422950.0
2016-03-30 00:00:00,209094.0
2016-03-31 00:00:00,423496.0
2016-04-01 00:00:00,266032.0
2016-04-05 00:00:00,253410.0
2016-04-06 00:00:00,369536.0
2016-04-07 00:00:00,311034.0
2016-04-08 00:00:00,262054.0
2016-04-11 00:00:00,727970.0
2016-04-12 00:00:00,882584.0
2016-04-13 00:00:00,783308.0
2016-04-14 00:00:00,2051028.0
2016-04-15 00:00:00,1432286.0
2016-04-18 00:00:00,1150712.0
2016-04-19 00:00:00,1921202.0
2016-04-20 00:00:00,2090046.0
2016-04-21 00:00:00,3068572.0
2016-04-22 00:00:00,3609722.0
2016-04-25 00:00:00,2045754.0
2016-04-26 00:00:00,3290860.0
2016-04-27 00:00:00,1742550.0
2016-04-28 00:00:00,1539458.0
2016-04-29 00:00:00,1135108.0
2016-05-03 00:00:00,762194.0
2016-05-04 00:00:00,756972.0
2016-05-05 00:00:00,484948.0
2016-05-06 00:00:00,909006.0
2016-05-09 00:00:00,946916.0
2016-05-10 00:00:00,663346.0
2016-05-11 00:00:00,499670.0
2016-05-12 00:00:00,927336.0
2016-05-13 00:00:00,866388.0
2016-05-16 00:00:00,496720.0
2016-05-17 00:00:00,430662.0
2016-05-18 00:00:00,1075040.0
2016-05-19 00:00:00,720426.0
2016-05-20 00:00:00,550974.0
2016-05-23 00:00:00,661010.0
2016-05-24 00:00:00,510254.0
2016-05-25 00:00:00,598726.0
2016-05-26 00:00:00,840114.0
2016-05-27 00:00:00,1313580.0
2016-05-30 00:00:00,894582.0
2016-05-31 00:00:00,780830.0
2016-06-01 00:00:00,960104.0
2016-06-02 00:00:00,549942.0
2016-06-03 00:00:00,644248.0
2016-06-06 00:00:00,564268.0
2016-06-07 00:00:00,909512.0
2016-06-08 00:00:00,569064.0
2016-06-13 00:00:00,504268.0
2016-06-14 00:00:00,504594.0
2016-06-15 00:00:00,433120.0
2016-06-16 00:00:00,594822.0
2016-06-17 00:00:00,1776102.0
2016-06-20 00:00:00,1182824.0
2016-06-21 00:00:00,1026674.0
2016-06-22 00:00:00,619340.0
2016-06-23 00:00:00,1016098.0
2016-06-24 00:00:00,1216818.0
2016-06-27 00:00:00,742278.0
2016-06-28 00:00:00,1253912.0
2016-06-29 00:00:00,1600752.0
2016-06-30 00:00:00,1362294.0
2016-07-01 00:00:00,980202.0
2016-07-04 00:00:00,1177434.0
2016-07-05 00:00:00,1537388.0
2016-07-06 00:00:00,1476956.0
2016-07-07 00:00:00,1332374.0
2016-07-08 00:00:00,1408208.0
2016-07-11 00:00:00,1095264.0
2016-07-12 00:00:00,1299932.0
2016-07-13 00:00:00,1684728.0
2016-07-14 00:00:00,1201440.0
2016-07-15 00:00:00,1126922.0
2016-07-18 00:00:00,1470082.0
2016-07-19 00:00:00,1330942.0
2016-07-20 00:00:00,1474776.0
2016-07-21 00:00:00,908962.0
2016-07-22 00:00:00,1310188.0
2016-07-25 00:00:00,888150.0
2016-07-26 00:00:00,867754.0
2016-07-27 00:00:00,1005634.0
2016-07-28 00:00:00,1704448.0
2016-07-29 00:00:00,1139144.0
2016-08-01 00:00:00,965596.0
2016-08-02 00:00:00,986794.0
2016-08-03 00:00:00,1056128.0
2016-08-04 00:00:00,919034.0
2016-08-05 00:00:00,1126950.0
2016-08-08 00:00:00,990644.0
2016-08-09 00:00:00,963550.0
2016-08-10 00:00:00,882788.0
2016-08-11 00:00:00,576610.0
2016-08-12 00:00:00,735514.0
2016-08-15 00:00:00,556760.0
2016-08-16 00:00:00,771600.0
2016-08-17 00:00:00,765446.0
2016-08-18 00:00:00,597598.0
2016-08-19 00:00:00,479564.0
2016-08-22 00:00:00,722848.0
2016-08-23 00:00:00,330540.0
2016-08-24 00:00:00,292280.0
2016-08-25 00:00:00,1027052.0
2016-08-26 00:00:00,531030.0
2016-08-29 00:00:00,438882.0
2016-08-30 00:00:00,287780.0
2016-08-31 00:00:00,455978.0
2016-09-01 00:00:00,319068.0
2016-09-02 00:00:00,572184.0
2016-09-05 00:00:00,249956.0
2016-09-06 00:00:00,504988.0
2016-09-07 00:00:00,402916.0
2016-09-08 00:00:00,368812.0
2016-09-09 00:00:00,248254.0
2016-09-12 00:00:00,422468.0
2016-09-13 00:00:00,481856.0
2016-09-14 00:00:00,469406.0
2016-09-19 00:00:00,450168.0
2016-09-20 00:00:00,482252.0
2016-09-21 00:00:00,424054.0
2016-09-22 00:00:00,541778.0
2016-09-23 00:00:00,406560.0
2016-09-26 00:00:00,796960.0
2016-09-27 00:00:00,496346.0
2016-09-28 00:00:00,449438.0
2016-09-29 00:00:00,688704.0
2016-09-30 00:00:00,408012.0
2016-10-10 00:00:00,372320.0
2016-10-11 00:00:00,515238.0
2016-10-12 00:00:00,427244.0
2016-10-13 00:00:00,654906.0
2016-10-14 00:00:00,350750.0
2016-10-17 00:00:00,557480.0
2016-10-18 00:00:00,489380.0
2016-10-19 00:00:00,683192.0
2016-10-20 00:00:00,471460.0
2016-10-21 00:00:00,393674.0
2016-10-24 00:00:00,373164.0
2016-10-25 00:00:00,555774.0
2016-10-26 00:00:00,395674.0
2016-10-27 00:00:00,774232.0
2016-10-28 00:00:00,403240.0
2016-10-31 00:00:00,503092.0
2016-11-01 00:00:00,392352.0
2016-11-02 00:00:00,370506.0
2016-11-03 00:00:00,309558.0
2016-11-04 00:00:00,474324.0
2016-11-07 00:00:00,462932.0
2016-11-08 00:00:00,652794.0
2016-11-09 00:00:00,568874.0
2016-11-10 00:00:00,804536.0
2016-11-11 00:00:00,594518.0
2016-11-14 00:00:00,1572912.0
2016-11-15 00:00:00,430082.0
2016-11-16 00:00:00,708938.0
2016-11-17 00:00:00,652976.0
2016-11-18 00:00:00,479202.0
2016-11-21 00:00:00,640684.0
2016-11-22 00:00:00,557412.0
2016-11-23 00:00:00,408086.0
2016-11-24 00:00:00,677770.0
2016-11-25 00:00:00,567228.0
2016-11-28 00:00:00,524318.0
2016-11-29 00:00:00,661770.0
2016-11-30 00:00:00,548286.0
2016-12-01 00:00:00,491512.0
2016-12-02 00:00:00,483760.0
2016-12-05 00:00:00,290498.0
2016-12-06 00:00:00,316100.0
2016-12-07 00:00:00,338062.0
2016-12-08 00:00:00,248568.0
2016-12-09 00:00:00,280054.0
2016-12-12 00:00:00,617314.0
2016-12-13 00:00:00,502750.0
2016-12-14 00:00:00,466980.0
2016-12-15 00:00:00,259312.0
2016-12-16 00:00:00,279124.0
2016-12-19 00:00:00,332486.0
2016-12-20 00:00:00,479212.0
2016-12-21 00:00:00,212836.0
2016-12-22 00:00:00,360976.0
2016-12-23 00:00:00,320608.0
2016-12-26 00:00:00,319364.0
2016-12-27 00:00:00,154442.0
2016-12-28 00:00:00,247706.0
2016-12-29 00:00:00,189298.0
2016-12-30 00:00:00,222556.0
2017-01-03 00:00:00,192096.0
2017-01-04 00:00:00,242004.0
2017-01-05 00:00:00,309294.0
2017-01-06 00:00:00,260102.0
2017-01-09 00:00:00,199214.0
2017-01-10 00:00:00,222466.0
2017-01-11 00:00:00,220118.0
2017-01-12 00:00:00,210158.0
2017-01-13 00:00:00,307358.0
2017-01-16 00:00:00,202578.0
2017-01-17 00:00:00,230492.0
2017-01-18 00:00:00,290554.0
2017-01-19 00:00:00,203158.0
2017-01-20 00:00:00,181694.0
2017-01-23 00:00:00,267722.0
2017-01-24 00:00:00,322458.0
2017-01-25 00:00:00,181288.0
2017-01-26 00:00:00,103416.0
2017-02-03 00:00:00,215562.0
2017-02-06 00:00:00,301992.0
2017-02-07 00:00:00,197728.0
2017-02-08 00:00:00,202236.0
2017-02-09 00:00:00,157456.0
2017-02-10 00:00:00,236130.0
2017-02-13 00:00:00,300042.0
2017-02-14 00:00:00,374046.0
2017-02-15 00:00:00,218104.0
2017-02-16 00:00:00,193040.0
2017-02-17 00:00:00,209086.0
2017-02-20 00:00:00,142380.0
2017-02-21 00:00:00,179914.0
2017-02-22 00:00:00,150876.0
2017-02-23 00:00:00,155582.0
2017-02-24 00:00:00,353056.0
2017-02-27 00:00:00,282902.0
2017-02-28 00:00:00,320354.0
2017-03-01 00:00:00,208696.0
2017-03-02 00:00:00,201486.0
2017-03-03 00:00:00,304284.0
2017-03-06 00:00:00,527558.0
2017-03-07 00:00:00,296742.0
2017-03-08 00:00:00,529164.0
2017-03-09 00:00:00,353244.0
2017-03-10 00:00:00,379900.0
2017-03-13 00:00:00,251472.0
2017-03-14 00:00:00,316792.0
2017-03-15 00:00:00,254666.0
2017-03-16 00:00:00,194878.0
2017-03-17 00:00:00,270484.0
2017-03-20 00:00:00,187960.0
2017-03-21 00:00:00,266024.0
2017-03-22 00:00:00,205088.0
2017-03-23 00:00:00,485004.0
2017-03-24 00:00:00,200106.0
2017-03-27 00:00:00,295174.0
2017-03-28 00:00:00,191532.0
2017-03-29 00:00:00,243960.0
2017-03-30 00:00:00,330668.0
2017-03-31 00:00:00,271184.0
2017-04-05 00:00:00,164792.0
2017-04-06 00:00:00,204634.0
2017-04-07 00:00:00,229694.0
2017-04-10 00:00:00,317110.0
2017-04-11 00:00:00,183010.0
2017-04-12 00:00:00,283394.0
2017-04-13 00:00:00,237468.0
2017-04-14 00:00:00,194772.0
2017-04-17 00:00:00,147158.0
2017-04-18 00:00:00,286646.0
2017-04-19 00:00:00,196810.0
2017-04-20 00:00:00,382682.0
2017-04-21 00:00:00,228218.0
2017-04-24 00:00:00,224954.0
2017-04-25 00:00:00,202448.0
2017-04-26 00:00:00,279620.0
2017-04-27 00:00:00,203524.0
2017-04-28 00:00:00,240530.0
2017-05-02 00:00:00,100314.0
2017-05-03 00:00:00,245190.0
2017-05-04 00:00:00,280330.0
2017-05-05 00:00:00,312068.0
2017-05-08 00:00:00,438878.0
2017-05-09 00:00:00,130250.0
2017-05-10 00:00:00,216774.0
2017-05-11 00:00:00,183590.0
2017-05-12 00:00:00,250600.0
2017-05-15 00:00:00,600190.0
2017-05-16 00:00:00,542612.0
2017-05-17 00:00:00,301346.0
2017-05-18 00:00:00,376506.0
2017-05-19 00:00:00,214470.0
2017-05-22 00:00:00,266180.0
2017-05-23 00:00:00,182768.0
2017-05-24 00:00:00,238288.0
2017-05-25 00:00:00,185634.0
2017-05-26 00:00:00,187678.0
2017-05-31 00:00:00,174948.0
2017-06-01 00:00:00,238936.0
2017-06-02 00:00:00,173190.0
2017-06-05 00:00:00,238788.0
2017-06-06 00:00:00,136786.0
2017-06-07 00:00:00,148728.0
2017-06-08 00:00:00,230810.0
2017-06-09 00:00:00,142924.0
2017-06-12 00:00:00,229116.0
2017-06-13 00:00:00,215898.0
2017-06-14 00:00:00,246186.0
2017-06-15 00:00:00,146326.0
2017-06-16 00:00:00,173812.0
2017-06-19 00:00:00,133136.0
2017-06-20 00:00:00,252234.0
2017-06-21 00:00:00,157746.0
2017-06-22 00:00:00,149034.0
2017-06-23 00:00:00,165600.0
2017-06-26 00:00:00,159948.0
2017-06-27 00:00:00,211578.0
2017-06-28 00:00:00,317790.0
2017-06-29 00:00:00,276280.0
2017-06-30 00:00:00,163318.0
2017-07-03 00:00:00,218600.0
2017-07-04 00:00:00,148730.0
2017-07-05 00:00:00,315450.0
2017-07-06 00:00:00,146502.0
2017-07-07 00:00:00,168818.0
2017-07-10 00:00:00,226442.0
2017-07-11 00:00:00,201192.0
2017-07-12 00:00:00,205750.0
2017-07-13 00:00:00,190928.0
2017-07-14 00:00:00,245408.0
2017-07-17 00:00:00,152700.0
2017-07-18 00:00:00,231630.0
2017-07-19 00:00:00,178990.0
2017-07-20 00:00:00,144446.0
2017-07-21 00:00:00,362902.0
2017-07-24 00:00:00,223490.0
2017-07-25 00:00:00,172336.0
2017-07-26 00:00:00,227444.0
2017-07-27 00:00:00,119172.0
2017-07-28 00:00:00,321948.0
2017-07-31 00:00:00,184460.0
2017-08-01 00:00:00,263196.0
2017-08-02 00:00:00,256776.0
2017-08-03 00:00:00,209192.0
2017-08-04 00:00:00,178550.0
2017-08-07 00:00:00,264956.0
2017-08-08 00:00:00,356578.0
2017-08-09 00:00:00,326696.0
2017-08-10 00:00:00,290960.0
2017-08-11 00:00:00,344772.0
2017-08-14 00:00:00,319856.0
2017-08-15 00:00:00,186324.0
2017-08-16 00:00:00,138168.0
2017-08-17 00:00:00,207658.0
2017-08-18 00:00:00,144050.0
2017-08-21 00:00:00,210236.0
2017-08-22 00:00:00,203748.0
2017-08-23 00:00:00,202774.0
2017-08-24 00:00:00,208550.0
2017-08-25 00:00:00,138436.0
2017-08-28 00:00:00,234474.0
2017-08-29 00:00:00,180578.0
2017-08-30 00:00:00,143342.0
2017-08-31 00:00:00,148370.0
2017-09-01 00:00:00,191672.0
2017-09-04 00:00:00,523318.0
2017-09-05 00:00:00,318508.0
2017-09-06 00:00:00,341606.0
2017-09-07 00:00:00,198206.0
2017-09-08 00:00:00,292080.0
2017-09-11 00:00:00,326880.0
2017-09-12 00:00:00,136154.0
2017-09-13 00:00:00,260174.0
2017-09-14 00:00:00,176372.0
2017-09-15 00:00:00,142616.0
2017-09-18 00:00:00,128278.0
2017-09-19 00:00:00,87198.0
2017-09-20 00:00:00,190768.0
2017-09-21 00:00:00,149880.0
2017-09-22 00:00:00,192298.0
2017-09-25 00:00:00,125106.0
2017-09-26 00:00:00,168848.0
2017-09-27 00:00:00,195908.0
2017-09-28 00:00:00,235144.0
2017-09-29 00:00:00,118986.0
2017-10-09 00:00:00,108778.0
2017-10-10 00:00:00,91806.0
2017-10-11 00:00:00,90000.0
2017-10-12 00:00:00,112776.0
2017-10-13 00:00:00,117988.0
2017-10-16 00:00:00,142162.0
2017-10-17 00:00:00,72100.0
2017-10-18 00:00:00,91200.0
2017-10-19 00:00:00,115038.0
2017-10-20 00:00:00,176934.0
2017-10-23 00:00:00,135024.0
2017-10-24 00:00:00,146048.0
2017-10-25 00:00:00,75536.0
2017-10-26 00:00:00,103176.0
2017-10-27 00:00:00,97288.0
2017-10-30 00:00:00,114796.0
2017-10-31 00:00:00,79806.0
2017-11-01 00:00:00,91968.0
2017-11-02 00:00:00,100452.0
2017-11-03 00:00:00,156816.0
2017-11-06 00:00:00,128764.0
2017-11-07 00:00:00,151054.0
2017-11-08 00:00:00,105320.0
2017-11-09 00:00:00,150724.0
2017-11-10 00:00:00,122706.0
2017-11-13 00:00:00,217598.0
2017-11-14 00:00:00,114636.0
2017-11-15 00:00:00,164510.0
2017-11-16 00:00:00,66550.0
2017-11-17 00:00:00,86014.0
2017-11-20 00:00:00,152388.0
2017-11-21 00:00:00,205996.0
2017-11-22 00:00:00,199954.0
2017-11-23 00:00:00,164434.0
2017-11-24 00:00:00,107846.0
2017-11-27 00:00:00,216814.0
2017-11-28 00:00:00,193156.0
2017-11-29 00:00:00,168780.0
2017-11-30 00:00:00,238458.0
2017-12-01 00:00:00,331822.0
2017-12-04 00:00:00,193172.0
2017-12-05 00:00:00,134514.0
2017-12-06 00:00:00,192592.0
2017-12-07 00:00:00,228438.0
2017-12-08 00:00:00,274010.0
2017-12-11 00:00:00,321518.0
2017-12-12 00:00:00,136570.0
2017-12-13 00:00:00,110980.0
2017-12-14 00:00:00,158134.0
2017-12-15 00:00:00,134568.0
2017-12-18 00:00:00,184440.0
2017-12-19 00:00:00,239318.0
2017-12-20 00:00:00,214894.0
2017-12-21 00:00:00,124550.0
2017-12-22 00:00:00,136828.0
2017-12-25 00:00:00,122712.0
2017-12-26 00:00:00,139646.0
2017-12-27 00:00:00,112010.0
2017-12-28 00:00:00,127098.0
2017-12-29 00:00:00,175828.0
2018-01-02 00:00:00,74952.0
2018-01-03 00:00:00,106884.0
2018-01-04 00:00:00,95742.0
2018-01-05 00:00:00,200998.0
2018-01-08 00:00:00,162938.0
2018-01-09 00:00:00,146498.0
2018-01-10 00:00:00,108310.0
2018-01-11 00:00:00,99748.0
2018-01-12 00:00:00,363848.0
2018-01-15 00:00:00,249872.0
2018-01-16 00:00:00,115502.0
2018-01-17 00:00:00,120114.0
2018-01-18 00:00:00,486644.0
2018-01-19 00:00:00,309304.0
2018-01-22 00:00:00,288534.0
2018-01-23 00:00:00,501472.0
2018-01-24 00:00:00,219004.0
2018-01-25 00:00:00,176952.0
2018-01-26 00:00:00,259076.0
2018-01-29 00:00:00,180164.0
2018-01-30 00:00:00,280936.0
2018-01-31 00:00:00,240498.0
2018-02-01 00:00:00,135410.0
2018-02-02 00:00:00,120496.0
2018-02-05 00:00:00,188080.0
2018-02-06 00:00:00,106078.0
2018-02-07 00:00:00,111468.0
2018-02-08 00:00:00,149542.0
2018-02-09 00:00:00,136598.0
2018-02-12 00:00:00,96492.0
2018-02-13 00:00:00,71320.0
2018-02-14 00:00:00,97200.0
2018-02-22 00:00:00,71694.0
2018-02-23 00:00:00,113642.0
2018-02-26 00:00:00,179988.0
2018-02-27 00:00:00,117484.0
2018-02-28 00:00:00,96758.0
2018-03-01 00:00:00,145716.0
2018-03-02 00:00:00,171716.0
2018-03-05 00:00:00,259012.0
2018-03-06 00:00:00,254446.0
2018-03-07 00:00:00,238190.0
2018-03-08 00:00:00,206522.0
2018-03-09 00:00:00,180512.0
2018-03-12 00:00:00,209578.0
2018-03-13 00:00:00,207720.0
2018-03-14 00:00:00,160306.0
2018-03-15 00:00:00,235354.0
2018-03-16 00:00:00,125174.0
2018-03-19 00:00:00,174326.0
2018-03-20 00:00:00,182206.0
2018-03-21 00:00:00,183652.0
2018-03-22 00:00:00,184886.0
2018-03-23 00:00:00,361718.0
2018-03-26 00:00:00,286116.0
2018-03-27 00:00:00,219872.0
2018-03-28 00:00:00,457842.0
2018-03-29 00:00:00,190540.0
2018-03-30 00:00:00,178756.0
2018-04-02 00:00:00,203758.0
2018-04-03 00:00:00,202336.0
2018-04-04 00:00:00,253732.0
2018-04-09 00:00:00,123016.0
2018-04-10 00:00:00,126790.0
2018-04-11 00:00:00,195538.0
2018-04-12 00:00:00,136816.0
2018-04-13 00:00:00,234154.0
2018-04-16 00:00:00,178858.0
2018-04-17 00:00:00,213362.0
2018-04-18 00:00:00,151588.0
2018-04-19 00:00:00,199438.0
2018-04-20 00:00:00,273080.0
2018-04-23 00:00:00,247774.0
2018-04-24 00:00:00,151908.0
2018-04-25 00:00:00,161120.0
2018-04-26 00:00:00,127624.0
2018-04-27 00:00:00,114852.0
2018-05-02 00:00:00,169982.0
2018-05-03 00:00:00,339452.0
2018-05-04 00:00:00,252764.0
2018-05-07 00:00:00,369578.0
2018-05-08 00:00:00,253514.0
2018-05-09 00:00:00,259750.0
2018-05-10 00:00:00,180378.0
2018-05-11 00:00:00,309548.0
2018-05-14 00:00:00,219340.0
2018-05-15 00:00:00,296616.0
2018-05-16 00:00:00,1174544.0
2018-05-17 00:00:00,1721286.0
2018-05-18 00:00:00,2652922.0
2018-05-21 00:00:00,3037498.0
2018-05-22 00:00:00,2355700.0
2018-05-23 00:00:00,2868086.0
2018-05-24 00:00:00,2796214.0
2018-05-25 00:00:00,2543438.0
2018-05-28 00:00:00,1477406.0
2018-05-29 00:00:00,1619192.0
2018-05-30 00:00:00,3153596.0
2018-05-31 00:00:00,2414094.0
2018-06-01 00:00:00,1906202.0
2018-06-04 00:00:00,3667236.0
2018-06-05 00:00:00,2031810.0
2018-06-06 00:00:00,2467904.0
2018-06-07 00:00:00,1783302.0
2018-06-08 00:00:00,1600472.0
