2010/1/4,RB1005.SHF,965458,4579,2010/5/24 0:00,RB1010.SHF,91592,4735,2010/10/22 0:00
2010/1/5,RB1005.SHF,987708,4589,2010/5/24 0:00,RB1010.SHF,92468,4743,2010/10/22 0:00
2010/1/6,RB1005.SHF,1027884,4622,2010/5/24 0:00,RB1010.SHF,107322,4803,2010/10/22 0:00
2010/1/7,RB1005.SHF,932514,4489,2010/5/24 0:00,RB1010.SHF,121972,4730,2010/10/22 0:00
2010/1/8,RB1005.SHF,894544,4462,2010/5/24 0:00,RB1010.SHF,139346,4743,2010/10/22 0:00
2010/1/11,RB1005.SHF,939144,4516,2010/5/24 0:00,RB1010.SHF,166010,4834,2010/10/22 0:00
2010/1/12,RB1005.SHF,957810,4510,2010/5/24 0:00,RB1010.SHF,180040,4802,2010/10/22 0:00
2010/1/13,RB1005.SHF,906786,4418,2010/5/24 0:00,RB1010.SHF,160054,4725,2010/10/22 0:00
2010/1/14,RB1005.SHF,938680,4433,2010/5/24 0:00,RB1010.SHF,160326,4742,2010/10/22 0:00
2010/1/15,RB1005.SHF,939862,4368,2010/5/24 0:00,RB1010.SHF,159522,4678,2010/10/22 0:00
2010/1/18,RB1005.SHF,943604,4395,2010/5/24 0:00,RB1010.SHF,155006,4704,2010/10/22 0:00
2010/1/19,RB1005.SHF,888684,4382,2010/5/24 0:00,RB1010.SHF,154878,4712,2010/10/22 0:00
2010/1/20,RB1005.SHF,847790,4364,2010/5/24 0:00,RB1010.SHF,151016,4692,2010/10/22 0:00
2010/1/21,RB1005.SHF,862226,4352,2010/5/24 0:00,RB1010.SHF,155304,4698,2010/10/22 0:00
2010/1/22,RB1005.SHF,856708,4288,2010/5/24 0:00,RB1010.SHF,145956,4600,2010/10/22 0:00
2010/1/25,RB1005.SHF,874294,4278,2010/5/24 0:00,RB1010.SHF,151812,4583,2010/10/22 0:00
2010/1/26,RB1005.SHF,852992,4265,2010/5/24 0:00,RB1010.SHF,147282,4586,2010/10/22 0:00
2010/1/27,RB1005.SHF,891916,4316,2010/5/24 0:00,RB1010.SHF,156738,4612,2010/10/22 0:00
2010/1/28,RB1005.SHF,914470,4293,2010/5/24 0:00,RB1010.SHF,152246,4594,2010/10/22 0:00
2010/1/29,RB1005.SHF,870164,4300,2010/5/24 0:00,RB1010.SHF,154466,4607,2010/10/22 0:00
2010/2/1,RB1005.SHF,861912,4295,2010/5/24 0:00,RB1010.SHF,156754,4592,2010/10/22 0:00
2010/2/2,RB1005.SHF,825676,4159,2010/5/24 0:00,RB1010.SHF,202382,4417,2010/10/22 0:00
2010/2/3,RB1005.SHF,802842,4180,2010/5/24 0:00,RB1010.SHF,188170,4482,2010/10/22 0:00
2010/2/4,RB1005.SHF,775898,4115,2010/5/24 0:00,RB1010.SHF,184978,4435,2010/10/22 0:00
2010/2/5,RB1005.SHF,711780,4109,2010/5/24 0:00,RB1010.SHF,178476,4415,2010/10/22 0:00
2010/2/8,RB1005.SHF,685168,4129,2010/5/24 0:00,RB1010.SHF,181236,4432,2010/10/22 0:00
2010/2/9,RB1005.SHF,690518,4157,2010/5/24 0:00,RB1010.SHF,185046,4453,2010/10/22 0:00
2010/2/10,RB1005.SHF,680758,4198,2010/5/24 0:00,RB1010.SHF,202684,4511,2010/10/22 0:00
2010/2/11,RB1005.SHF,676876,4229,2010/5/24 0:00,RB1010.SHF,203178,4520,2010/10/22 0:00
2010/2/12,RB1005.SHF,656346,4293,2010/5/24 0:00,RB1010.SHF,214586,4593,2010/10/22 0:00
2010/2/22,RB1005.SHF,710878,4243,2010/5/24 0:00,RB1010.SHF,227882,4556,2010/10/22 0:00
2010/2/23,RB1005.SHF,798784,4283,2010/5/24 0:00,RB1010.SHF,282696,4607,2010/10/22 0:00
2010/2/24,RB1005.SHF,824246,4253,2010/5/24 0:00,RB1010.SHF,306754,4601,2010/10/22 0:00
2010/2/25,RB1005.SHF,790336,4209,2010/5/24 0:00,RB1010.SHF,339664,4597,2010/10/22 0:00
2010/2/26,RB1005.SHF,727690,4214,2010/5/24 0:00,RB1010.SHF,376660,4620,2010/10/22 0:00
2010/3/1,RB1005.SHF,697674,4209,2010/5/24 0:00,RB1010.SHF,443312,4677,2010/10/22 0:00
2010/3/2,RB1005.SHF,635048,4155,2010/5/24 0:00,RB1010.SHF,463304,4609,2010/10/22 0:00
2010/3/3,RB1005.SHF,618836,4143,2010/5/24 0:00,RB1010.SHF,491082,4586,2010/10/22 0:00
2010/3/4,RB1005.SHF,585416,4141,2010/5/24 0:00,RB1010.SHF,519260,4528,2010/10/22 0:00
2010/3/5,RB1005.SHF,567908,4168,2010/5/24 0:00,RB1010.SHF,526852,4560,2010/10/22 0:00
2010/3/8,RB1010.SHF,622494,4626,2010/10/22 0:00,RB1011.SHF,20348,4660,2010/11/22 0:00
2010/3/9,RB1010.SHF,690336,4636,2010/10/22 0:00,RB1011.SHF,20554,4672,2010/11/22 0:00
2010/3/10,RB1010.SHF,715950,4649,2010/10/22 0:00,RB1011.SHF,20614,4676,2010/11/22 0:00
2010/3/11,RB1010.SHF,808320,4652,2010/10/22 0:00,RB1011.SHF,21008,4679,2010/11/22 0:00
2010/3/12,RB1010.SHF,840734,4658,2010/10/22 0:00,RB1011.SHF,20990,4687,2010/11/22 0:00
2010/3/15,RB1010.SHF,816388,4660,2010/10/22 0:00,RB1011.SHF,21946,4695,2010/11/22 0:00
2010/3/16,RB1010.SHF,1017718,4780,2010/10/22 0:00,RB1011.SHF,24926,4810,2010/11/22 0:00
2010/3/17,RB1010.SHF,1148228,4763,2010/10/22 0:00,RB1101.SHF,26230,4850,2011/1/24 0:00
2010/3/18,RB1010.SHF,1083410,4733,2010/10/22 0:00,RB1101.SHF,26004,4822,2011/1/24 0:00
2010/3/19,RB1010.SHF,1095246,4757,2010/10/22 0:00,RB1101.SHF,26204,4841,2011/1/24 0:00
2010/3/22,RB1010.SHF,1112354,4768,2010/10/22 0:00,RB1101.SHF,26610,4850,2011/1/24 0:00
2010/3/23,RB1010.SHF,1117220,4742,2010/10/22 0:00,RB1101.SHF,26382,4820,2011/1/24 0:00
2010/3/24,RB1010.SHF,1056760,4778,2010/10/22 0:00,RB1101.SHF,27828,4857,2011/1/24 0:00
2010/3/25,RB1010.SHF,1088852,4796,2010/10/22 0:00,RB1101.SHF,28908,4870,2011/1/24 0:00
2010/3/26,RB1010.SHF,1136328,4793,2010/10/22 0:00,RB1101.SHF,32274,4872,2011/1/24 0:00
2010/3/29,RB1010.SHF,1157194,4810,2010/10/22 0:00,RB1101.SHF,32298,4878,2011/1/24 0:00
2010/3/30,RB1010.SHF,1182328,4761,2010/10/22 0:00,RB1101.SHF,31044,4846,2011/1/24 0:00
2010/3/31,RB1010.SHF,1114870,4755,2010/10/22 0:00,RB1101.SHF,35522,4820,2011/1/24 0:00
2010/4/1,RB1010.SHF,1105836,4753,2010/10/22 0:00,RB1101.SHF,35418,4812,2011/1/24 0:00
2010/4/2,RB1010.SHF,1080974,4786,2010/10/22 0:00,RB1101.SHF,35530,4846,2011/1/24 0:00
2010/4/6,RB1010.SHF,1084112,4824,2010/10/22 0:00,RB1101.SHF,37896,4880,2011/1/24 0:00
2010/4/7,RB1010.SHF,1181006,4846,2010/10/22 0:00,RB1101.SHF,43508,4900,2011/1/24 0:00
2010/4/8,RB1010.SHF,1224320,4810,2010/10/22 0:00,RB1101.SHF,42454,4877,2011/1/24 0:00
2010/4/9,RB1010.SHF,1232048,4848,2010/10/22 0:00,RB1101.SHF,52254,4931,2011/1/24 0:00
2010/4/12,RB1010.SHF,1251714,4872,2010/10/22 0:00,RB1101.SHF,55272,4943,2011/1/24 0:00
2010/4/13,RB1010.SHF,1282594,4881,2010/10/22 0:00,RB1101.SHF,55786,4941,2011/1/24 0:00
2010/4/14,RB1010.SHF,1408238,4854,2010/10/22 0:00,RB1101.SHF,55274,4906,2011/1/24 0:00
2010/4/15,RB1010.SHF,1433440,4819,2010/10/22 0:00,RB1101.SHF,54610,4885,2011/1/24 0:00
2010/4/16,RB1010.SHF,1434070,4838,2010/10/22 0:00,RB1101.SHF,53680,4905,2011/1/24 0:00
2010/4/19,RB1010.SHF,1284178,4752,2010/10/22 0:00,RB1101.SHF,49440,4823,2011/1/24 0:00
2010/4/20,RB1010.SHF,1303964,4772,2010/10/22 0:00,RB1101.SHF,49274,4845,2011/1/24 0:00
2010/4/21,RB1010.SHF,1315284,4759,2010/10/22 0:00,RB1101.SHF,48110,4833,2011/1/24 0:00
2010/4/22,RB1010.SHF,1370598,4734,2010/10/22 0:00,RB1101.SHF,48298,4827,2011/1/24 0:00
2010/4/23,RB1010.SHF,1334926,4740,2010/10/22 0:00,RB1101.SHF,48320,4822,2011/1/24 0:00
2010/4/26,RB1010.SHF,1354608,4734,2010/10/22 0:00,RB1101.SHF,51254,4812,2011/1/24 0:00
2010/4/27,RB1010.SHF,1268344,4678,2010/10/22 0:00,RB1101.SHF,44050,4760,2011/1/24 0:00
2010/4/28,RB1010.SHF,1244012,4588,2010/10/22 0:00,RB1101.SHF,43112,4678,2011/1/24 0:00
2010/4/29,RB1010.SHF,1268800,4583,2010/10/22 0:00,RB1101.SHF,41858,4675,2011/1/24 0:00
2010/4/30,RB1010.SHF,1170234,4635,2010/10/22 0:00,RB1101.SHF,42416,4735,2011/1/24 0:00
2010/5/4,RB1010.SHF,1186942,4665,2010/10/22 0:00,RB1101.SHF,52218,4770,2011/1/24 0:00
2010/5/5,RB1010.SHF,1273452,4653,2010/10/22 0:00,RB1101.SHF,51832,4755,2011/1/24 0:00
2010/5/6,RB1010.SHF,1234420,4637,2010/10/22 0:00,RB1101.SHF,53080,4736,2011/1/24 0:00
2010/5/7,RB1010.SHF,1164612,4545,2010/10/22 0:00,RB1101.SHF,52534,4641,2011/1/24 0:00
2010/5/10,RB1010.SHF,1248212,4534,2010/10/22 0:00,RB1101.SHF,51442,4630,2011/1/24 0:00
2010/5/11,RB1010.SHF,1212108,4479,2010/10/22 0:00,RB1101.SHF,53792,4568,2011/1/24 0:00
2010/5/12,RB1010.SHF,1241468,4406,2010/10/22 0:00,RB1101.SHF,52082,4519,2011/1/24 0:00
2010/5/13,RB1010.SHF,1297804,4400,2010/10/22 0:00,RB1101.SHF,52326,4511,2011/1/24 0:00
2010/5/14,RB1010.SHF,1269804,4367,2010/10/22 0:00,RB1101.SHF,51116,4496,2011/1/24 0:00
2010/5/17,RB1010.SHF,1042606,4186,2010/10/22 0:00,RB1101.SHF,47734,4301,2011/1/24 0:00
2010/5/18,RB1010.SHF,1041862,4209,2010/10/22 0:00,RB1101.SHF,47166,4335,2011/1/24 0:00
2010/5/19,RB1010.SHF,1023638,4223,2010/10/22 0:00,RB1101.SHF,49884,4335,2011/1/24 0:00
2010/5/20,RB1010.SHF,1111734,4251,2010/10/22 0:00,RB1101.SHF,52602,4360,2011/1/24 0:00
2010/5/21,RB1010.SHF,1110908,4228,2010/10/22 0:00,RB1101.SHF,52956,4341,2011/1/24 0:00
2010/5/24,RB1010.SHF,1175894,4318,2010/10/22 0:00,RB1101.SHF,55698,4427,2011/1/24 0:00
2010/5/25,RB1010.SHF,1093622,4264,2010/10/22 0:00,RB1101.SHF,57618,4377,2011/1/24 0:00
2010/5/26,RB1010.SHF,1170856,4272,2010/10/22 0:00,RB1101.SHF,57336,4388,2011/1/24 0:00
2010/5/27,RB1010.SHF,1225088,4270,2010/10/22 0:00,RB1101.SHF,58762,4383,2011/1/24 0:00
2010/5/28,RB1010.SHF,1199618,4256,2010/10/22 0:00,RB1101.SHF,57174,4370,2011/1/24 0:00
2010/5/31,RB1010.SHF,1216832,4215,2010/10/22 0:00,RB1101.SHF,57082,4327,2011/1/24 0:00
2010/6/1,RB1010.SHF,1194980,4178,2010/10/22 0:00,RB1101.SHF,62798,4276,2011/1/24 0:00
2010/6/2,RB1010.SHF,1199922,4185,2010/10/22 0:00,RB1101.SHF,67078,4283,2011/1/24 0:00
2010/6/3,RB1010.SHF,1187648,4200,2010/10/22 0:00,RB1101.SHF,68132,4297,2011/1/24 0:00
2010/6/4,RB1010.SHF,1130706,4180,2010/10/22 0:00,RB1101.SHF,68532,4287,2011/1/24 0:00
2010/6/7,RB1010.SHF,1189516,4021,2010/10/22 0:00,RB1101.SHF,83134,4108,2011/1/24 0:00
2010/6/8,RB1010.SHF,1108706,4061,2010/10/22 0:00,RB1101.SHF,91780,4141,2011/1/24 0:00
2010/6/9,RB1010.SHF,1064854,4103,2010/10/22 0:00,RB1101.SHF,93170,4164,2011/1/24 0:00
2010/6/10,RB1010.SHF,994730,4082,2010/10/22 0:00,RB1101.SHF,96262,4167,2011/1/24 0:00
2010/6/11,RB1010.SHF,904970,4111,2010/10/22 0:00,RB1101.SHF,101136,4201,2011/1/24 0:00
2010/6/17,RB1010.SHF,979222,4112,2010/10/22 0:00,RB1101.SHF,107084,4203,2011/1/24 0:00
2010/6/18,RB1010.SHF,1048366,4088,2010/10/22 0:00,RB1101.SHF,125830,4199,2011/1/24 0:00
2010/6/21,RB1010.SHF,1077552,4163,2010/10/22 0:00,RB1101.SHF,143638,4261,2011/1/24 0:00
2010/6/22,RB1010.SHF,1073596,4138,2010/10/22 0:00,RB1101.SHF,151918,4237,2011/1/24 0:00
2010/6/23,RB1010.SHF,1022420,4080,2010/10/22 0:00,RB1101.SHF,150260,4192,2011/1/24 0:00
2010/6/24,RB1010.SHF,984610,4101,2010/10/22 0:00,RB1101.SHF,154054,4207,2011/1/24 0:00
2010/6/25,RB1010.SHF,966066,4084,2010/10/22 0:00,RB1101.SHF,153576,4182,2011/1/24 0:00
2010/6/28,RB1010.SHF,978348,4039,2010/10/22 0:00,RB1101.SHF,165542,4137,2011/1/24 0:00
2010/6/29,RB1010.SHF,926822,3994,2010/10/22 0:00,RB1101.SHF,168976,4101,2011/1/24 0:00
2010/6/30,RB1010.SHF,841566,3985,2010/10/22 0:00,RB1101.SHF,171030,4098,2011/1/24 0:00
2010/7/1,RB1010.SHF,850456,3960,2010/10/22 0:00,RB1101.SHF,181682,4089,2011/1/24 0:00
2010/7/2,RB1010.SHF,827466,3975,2010/10/22 0:00,RB1101.SHF,195532,4107,2011/1/24 0:00
2010/7/5,RB1010.SHF,860436,3989,2010/10/22 0:00,RB1101.SHF,225862,4127,2011/1/24 0:00
2010/7/6,RB1010.SHF,864992,3964,2010/10/22 0:00,RB1101.SHF,236044,4118,2011/1/24 0:00
2010/7/7,RB1010.SHF,852552,3965,2010/10/22 0:00,RB1101.SHF,250148,4110,2011/1/24 0:00
2010/7/8,RB1010.SHF,980932,3935,2010/10/22 0:00,RB1101.SHF,280042,4091,2011/1/24 0:00
2010/7/9,RB1010.SHF,909114,3950,2010/10/22 0:00,RB1101.SHF,293480,4121,2011/1/24 0:00
2010/7/12,RB1010.SHF,844098,3943,2010/10/22 0:00,RB1101.SHF,428794,4131,2011/1/24 0:00
2010/7/13,RB1010.SHF,768088,3917,2010/10/22 0:00,RB1101.SHF,464644,4085,2011/1/24 0:00
2010/7/14,RB1010.SHF,713666,3906,2010/10/22 0:00,RB1101.SHF,639596,4069,2011/1/24 0:00
2010/7/15,RB1101.SHF,650434,4053,2011/1/24 0:00,RB1105.SHF,12388,4249,2011/5/23 0:00
2010/7/16,RB1101.SHF,679620,4066,2011/1/24 0:00,RB1105.SHF,12398,4259,2011/5/23 0:00
2010/7/19,RB1101.SHF,830550,4135,2011/1/24 0:00,RB1105.SHF,16638,4302,2011/5/23 0:00
2010/7/20,RB1101.SHF,864878,4187,2011/1/24 0:00,RB1105.SHF,20898,4349,2011/5/23 0:00
2010/7/21,RB1101.SHF,866754,4177,2011/1/24 0:00,RB1105.SHF,21630,4348,2011/5/23 0:00
2010/7/22,RB1101.SHF,913076,4173,2011/1/24 0:00,RB1105.SHF,22220,4345,2011/5/23 0:00
2010/7/23,RB1101.SHF,1034370,4223,2011/1/24 0:00,RB1105.SHF,27692,4379,2011/5/23 0:00
2010/7/26,RB1101.SHF,1069838,4215,2011/1/24 0:00,RB1105.SHF,28876,4378,2011/5/23 0:00
2010/7/27,RB1101.SHF,1102482,4155,2011/1/24 0:00,RB1105.SHF,29112,4334,2011/5/23 0:00
2010/7/28,RB1101.SHF,1259150,4220,2011/1/24 0:00,RB1105.SHF,33484,4375,2011/5/23 0:00
2010/7/29,RB1101.SHF,1233180,4216,2011/1/24 0:00,RB1105.SHF,36548,4373,2011/5/23 0:00
2010/7/30,RB1101.SHF,1203746,4285,2011/1/24 0:00,RB1105.SHF,40598,4441,2011/5/23 0:00
2010/8/2,RB1101.SHF,1258936,4327,2011/1/24 0:00,RB1105.SHF,40966,4485,2011/5/23 0:00
2010/8/3,RB1101.SHF,1232048,4298,2011/1/24 0:00,RB1105.SHF,41088,4461,2011/5/23 0:00
2010/8/4,RB1101.SHF,1264022,4324,2011/1/24 0:00,RB1105.SHF,41932,4480,2011/5/23 0:00
2010/8/5,RB1101.SHF,1255884,4302,2011/1/24 0:00,RB1105.SHF,42472,4460,2011/5/23 0:00
2010/8/6,RB1101.SHF,1233682,4317,2011/1/24 0:00,RB1105.SHF,44962,4483,2011/5/23 0:00
2010/8/9,RB1101.SHF,1341754,4379,2011/1/24 0:00,RB1105.SHF,46908,4544,2011/5/23 0:00
2010/8/10,RB1101.SHF,1271876,4357,2011/1/24 0:00,RB1105.SHF,46666,4525,2011/5/23 0:00
2010/8/11,RB1101.SHF,1331284,4361,2011/1/24 0:00,RB1105.SHF,47560,4528,2011/5/23 0:00
2010/8/12,RB1101.SHF,1317378,4301,2011/1/24 0:00,RB1105.SHF,47544,4463,2011/5/23 0:00
2010/8/13,RB1101.SHF,1351294,4334,2011/1/24 0:00,RB1105.SHF,48862,4503,2011/5/23 0:00
2010/8/16,RB1101.SHF,1366418,4361,2011/1/24 0:00,RB1105.SHF,51668,4532,2011/5/23 0:00
2010/8/17,RB1101.SHF,1280464,4367,2011/1/24 0:00,RB1105.SHF,52560,4535,2011/5/23 0:00
2010/8/18,RB1101.SHF,1216194,4361,2011/1/24 0:00,RB1105.SHF,52646,4521,2011/5/23 0:00
2010/8/19,RB1101.SHF,1213606,4365,2011/1/24 0:00,RB1105.SHF,52856,4523,2011/5/23 0:00
2010/8/20,RB1101.SHF,1178686,4311,2011/1/24 0:00,RB1105.SHF,52216,4479,2011/5/23 0:00
2010/8/23,RB1101.SHF,1185450,4261,2011/1/24 0:00,RB1105.SHF,56254,4416,2011/5/23 0:00
2010/8/24,RB1101.SHF,1131506,4238,2011/1/24 0:00,RB1105.SHF,63316,4390,2011/5/23 0:00
2010/8/25,RB1101.SHF,1137160,4225,2011/1/24 0:00,RB1105.SHF,63466,4380,2011/5/23 0:00
2010/8/26,RB1101.SHF,1133676,4257,2011/1/24 0:00,RB1105.SHF,64850,4413,2011/5/23 0:00
2010/8/27,RB1101.SHF,1119014,4268,2011/1/24 0:00,RB1105.SHF,69368,4420,2011/5/23 0:00
2010/8/30,RB1101.SHF,1162306,4333,2011/1/24 0:00,RB1105.SHF,71966,4488,2011/5/23 0:00
2010/8/31,RB1101.SHF,1113860,4312,2011/1/24 0:00,RB1105.SHF,71792,4476,2011/5/23 0:00
2010/9/1,RB1101.SHF,1098080,4352,2011/1/24 0:00,RB1105.SHF,73780,4505,2011/5/23 0:00
2010/9/2,RB1101.SHF,1105294,4386,2011/1/24 0:00,RB1105.SHF,81012,4525,2011/5/23 0:00
2010/9/3,RB1101.SHF,1087286,4365,2011/1/24 0:00,RB1105.SHF,85558,4490,2011/5/23 0:00
2010/9/6,RB1101.SHF,1221910,4584,2011/1/24 0:00,RB1105.SHF,148816,4671,2011/5/23 0:00
2010/9/7,RB1101.SHF,1189394,4568,2011/1/24 0:00,RB1105.SHF,175808,4645,2011/5/23 0:00
2010/9/8,RB1101.SHF,1217574,4538,2011/1/24 0:00,RB1105.SHF,182122,4618,2011/5/23 0:00
2010/9/9,RB1101.SHF,1092142,4439,2011/1/24 0:00,RB1105.SHF,185742,4514,2011/5/23 0:00
2010/9/10,RB1101.SHF,1197244,4494,2011/1/24 0:00,RB1105.SHF,213948,4554,2011/5/23 0:00
2010/9/13,RB1101.SHF,1151560,4481,2011/1/24 0:00,RB1105.SHF,223502,4544,2011/5/23 0:00
2010/9/14,RB1101.SHF,1159224,4418,2011/1/24 0:00,RB1105.SHF,233270,4481,2011/5/23 0:00
2010/9/15,RB1101.SHF,1110354,4417,2011/1/24 0:00,RB1105.SHF,249030,4472,2011/5/23 0:00
2010/9/16,RB1101.SHF,1090372,4366,2011/1/24 0:00,RB1105.SHF,249954,4423,2011/5/23 0:00
2010/9/17,RB1101.SHF,1081302,4359,2011/1/24 0:00,RB1105.SHF,266394,4430,2011/5/23 0:00
2010/9/20,RB1101.SHF,1048714,4378,2011/1/24 0:00,RB1105.SHF,272084,4443,2011/5/23 0:00
2010/9/21,RB1101.SHF,880984,4317,2011/1/24 0:00,RB1105.SHF,246100,4399,2011/5/23 0:00
2010/9/27,RB1101.SHF,906172,4258,2011/1/24 0:00,RB1105.SHF,263030,4362,2011/5/23 0:00
2010/9/28,RB1101.SHF,844016,4251,2011/1/24 0:00,RB1105.SHF,275304,4366,2011/5/23 0:00
2010/9/29,RB1101.SHF,781670,4240,2011/1/24 0:00,RB1105.SHF,280550,4361,2011/5/23 0:00
2010/9/30,RB1101.SHF,751058,4263,2011/1/24 0:00,RB1105.SHF,298638,4373,2011/5/23 0:00
2010/10/8,RB1101.SHF,737044,4279,2011/1/24 0:00,RB1105.SHF,379182,4417,2011/5/23 0:00
2010/10/11,RB1101.SHF,779330,4341,2011/1/24 0:00,RB1105.SHF,620682,4510,2011/5/23 0:00
2010/10/12,RB1101.SHF,697770,4304,2011/1/24 0:00,RB1105.SHF,690944,4459,2011/5/23 0:00
2010/10/13,RB1105.SHF,864790,4504,2011/5/23 0:00,RB1107.SHF,6410,4534,2011/7/22 0:00
2010/10/14,RB1105.SHF,882978,4474,2011/5/23 0:00,RB1107.SHF,6410,4523,2011/7/22 0:00
2010/10/15,RB1105.SHF,912814,4498,2011/5/23 0:00,RB1107.SHF,6384,4545,2011/7/22 0:00
2010/10/18,RB1105.SHF,1041522,4520,2011/5/23 0:00,RB1107.SHF,6316,4557,2011/7/22 0:00
2010/10/19,RB1105.SHF,973342,4488,2011/5/23 0:00,RB1107.SHF,6174,4542,2011/7/22 0:00
2010/10/20,RB1105.SHF,893744,4421,2011/5/23 0:00,RB1107.SHF,6098,4472,2011/7/22 0:00
2010/10/21,RB1105.SHF,921992,4427,2011/5/23 0:00,RB1107.SHF,6208,4494,2011/7/22 0:00
2010/10/22,RB1105.SHF,863446,4413,2011/5/23 0:00,RB1107.SHF,6190,4469,2011/7/22 0:00
2010/10/25,RB1105.SHF,1076484,4510,2011/5/23 0:00,RB1107.SHF,6320,4550,2011/7/22 0:00
2010/10/26,RB1105.SHF,1005426,4477,2011/5/23 0:00,RB1107.SHF,6414,4518,2011/7/22 0:00
2010/10/27,RB1105.SHF,1014438,4486,2011/5/23 0:00,RB1107.SHF,6496,4543,2011/7/22 0:00
2010/10/28,RB1105.SHF,1008602,4504,2011/5/23 0:00,RB1107.SHF,6290,4543,2011/7/22 0:00
2010/10/29,RB1105.SHF,941652,4505,2011/5/23 0:00,RB1107.SHF,6240,4538,2011/7/22 0:00
2010/11/1,RB1105.SHF,1100574,4553,2011/5/23 0:00,RB1107.SHF,6082,4578,2011/7/22 0:00
2010/11/2,RB1105.SHF,1007590,4542,2011/5/23 0:00,RB1107.SHF,6086,4570,2011/7/22 0:00
2010/11/3,RB1105.SHF,1002842,4551,2011/5/23 0:00,RB1107.SHF,6096,4583,2011/7/22 0:00
2010/11/4,RB1105.SHF,1216284,4606,2011/5/23 0:00,RB1107.SHF,6098,4622,2011/7/22 0:00
2010/11/5,RB1105.SHF,1190582,4708,2011/5/23 0:00,RB1110.SHF,6930,4845,2011/10/24 0:00
2010/11/8,RB1105.SHF,1125614,4709,2011/5/23 0:00,RB1110.SHF,6828,4829,2011/10/24 0:00
2010/11/9,RB1105.SHF,1202140,4854,2011/5/23 0:00,RB1110.SHF,10078,4955,2011/10/24 0:00
2010/11/10,RB1105.SHF,1026544,4770,2011/5/23 0:00,RB1110.SHF,11072,4882,2011/10/24 0:00
2010/11/11,RB1105.SHF,1046018,4793,2011/5/23 0:00,RB1110.SHF,12144,4898,2011/10/24 0:00
2010/11/12,RB1105.SHF,879838,4637,2011/5/23 0:00,RB1110.SHF,12124,4748,2011/10/24 0:00
2010/11/15,RB1105.SHF,871004,4667,2011/5/23 0:00,RB1110.SHF,13258,4770,2011/10/24 0:00
2010/11/16,RB1105.SHF,849250,4646,2011/5/23 0:00,RB1110.SHF,13722,4755,2011/10/24 0:00
2010/11/17,RB1105.SHF,772888,4550,2011/5/23 0:00,RB1110.SHF,13386,4663,2011/10/24 0:00
2010/11/18,RB1105.SHF,747278,4611,2011/5/23 0:00,RB1110.SHF,14914,4732,2011/10/24 0:00
2010/11/19,RB1105.SHF,694868,4643,2011/5/23 0:00,RB1110.SHF,16934,4776,2011/10/24 0:00
2010/11/22,RB1105.SHF,707436,4644,2011/5/23 0:00,RB1110.SHF,19516,4780,2011/10/24 0:00
2010/11/23,RB1105.SHF,690430,4607,2011/5/23 0:00,RB1110.SHF,19702,4723,2011/10/24 0:00
2010/11/24,RB1105.SHF,788806,4695,2011/5/23 0:00,RB1110.SHF,22148,4818,2011/10/24 0:00
2010/11/25,RB1105.SHF,758480,4683,2011/5/23 0:00,RB1110.SHF,23440,4804,2011/10/24 0:00
2010/11/26,RB1105.SHF,713490,4650,2011/5/23 0:00,RB1110.SHF,23142,4769,2011/10/24 0:00
2010/11/29,RB1105.SHF,699648,4668,2011/5/23 0:00,RB1110.SHF,23128,4791,2011/10/24 0:00
2010/11/30,RB1105.SHF,635964,4634,2011/5/23 0:00,RB1110.SHF,23438,4748,2011/10/24 0:00
2010/12/1,RB1105.SHF,635332,4678,2011/5/23 0:00,RB1110.SHF,25384,4776,2011/10/24 0:00
2010/12/2,RB1105.SHF,641072,4685,2011/5/23 0:00,RB1110.SHF,26008,4789,2011/10/24 0:00
2010/12/3,RB1105.SHF,724502,4728,2011/5/23 0:00,RB1110.SHF,29898,4812,2011/10/24 0:00
2010/12/6,RB1105.SHF,695742,4719,2011/5/23 0:00,RB1110.SHF,32382,4811,2011/10/24 0:00
2010/12/7,RB1105.SHF,751160,4760,2011/5/23 0:00,RB1110.SHF,36640,4853,2011/10/24 0:00
2010/12/8,RB1105.SHF,678242,4712,2011/5/23 0:00,RB1110.SHF,35968,4805,2011/10/24 0:00
2010/12/9,RB1105.SHF,639992,4715,2011/5/23 0:00,RB1110.SHF,37202,4810,2011/10/24 0:00
2010/12/10,RB1105.SHF,630880,4727,2011/5/23 0:00,RB1110.SHF,37498,4820,2011/10/24 0:00
2010/12/13,RB1105.SHF,644824,4779,2011/5/23 0:00,RB1110.SHF,38792,4853,2011/10/24 0:00
2010/12/14,RB1105.SHF,631422,4782,2011/5/23 0:00,RB1110.SHF,39490,4857,2011/10/24 0:00
2010/12/15,RB1105.SHF,634042,4772,2011/5/23 0:00,RB1110.SHF,42168,4853,2011/10/24 0:00
2010/12/16,RB1105.SHF,625876,4767,2011/5/23 0:00,RB1110.SHF,42768,4846,2011/10/24 0:00
2010/12/17,RB1105.SHF,625434,4791,2011/5/23 0:00,RB1110.SHF,43948,4868,2011/10/24 0:00
2010/12/20,RB1105.SHF,629708,4801,2011/5/23 0:00,RB1110.SHF,46652,4875,2011/10/24 0:00
2010/12/21,RB1105.SHF,686696,4822,2011/5/23 0:00,RB1110.SHF,51982,4892,2011/10/24 0:00
2010/12/22,RB1105.SHF,636140,4794,2011/5/23 0:00,RB1110.SHF,52420,4864,2011/10/24 0:00
2010/12/23,RB1105.SHF,632388,4774,2011/5/23 0:00,RB1110.SHF,53040,4848,2011/10/24 0:00
2010/12/24,RB1105.SHF,621460,4762,2011/5/23 0:00,RB1110.SHF,53702,4846,2011/10/24 0:00
2010/12/27,RB1105.SHF,615062,4734,2011/5/23 0:00,RB1110.SHF,53526,4812,2011/10/24 0:00
2010/12/28,RB1105.SHF,598940,4744,2011/5/23 0:00,RB1110.SHF,53972,4819,2011/10/24 0:00
2010/12/29,RB1105.SHF,608974,4770,2011/5/23 0:00,RB1110.SHF,54690,4846,2011/10/24 0:00
2010/12/30,RB1105.SHF,574712,4791,2011/5/23 0:00,RB1110.SHF,54962,4866,2011/10/24 0:00
2010/12/31,RB1105.SHF,568186,4812,2011/5/23 0:00,RB1110.SHF,58614,4887,2011/10/24 0:00
2011/1/4,RB1105.SHF,576934,4822,2011/5/23 0:00,RB1110.SHF,71848,4918,2011/10/24 0:00
2011/1/5,RB1105.SHF,561420,4793,2011/5/23 0:00,RB1110.SHF,93760,4916,2011/10/24 0:00
2011/1/6,RB1105.SHF,557852,4809,2011/5/23 0:00,RB1110.SHF,113952,4941,2011/10/24 0:00
2011/1/7,RB1105.SHF,553694,4793,2011/5/23 0:00,RB1110.SHF,113852,4926,2011/10/24 0:00
2011/1/10,RB1105.SHF,549690,4834,2011/5/23 0:00,RB1110.SHF,158056,4988,2011/10/24 0:00
2011/1/11,RB1105.SHF,535096,4843,2011/5/23 0:00,RB1110.SHF,178262,4999,2011/10/24 0:00
2011/1/12,RB1105.SHF,543014,4847,2011/5/23 0:00,RB1110.SHF,179496,4999,2011/10/24 0:00
2011/1/13,RB1105.SHF,528286,4861,2011/5/23 0:00,RB1110.SHF,222852,5026,2011/10/24 0:00
2011/1/14,RB1105.SHF,544148,4903,2011/5/23 0:00,RB1110.SHF,241702,5036,2011/10/24 0:00
2011/1/17,RB1105.SHF,531762,4919,2011/5/23 0:00,RB1110.SHF,248220,5026,2011/10/24 0:00
2011/1/18,RB1105.SHF,518064,4913,2011/5/23 0:00,RB1110.SHF,242550,5023,2011/10/24 0:00
2011/1/19,RB1105.SHF,500434,4931,2011/5/23 0:00,RB1110.SHF,259740,5033,2011/10/24 0:00
2011/1/20,RB1105.SHF,486856,4918,2011/5/23 0:00,RB1110.SHF,242860,5022,2011/10/24 0:00
2011/1/21,RB1105.SHF,476296,4950,2011/5/23 0:00,RB1110.SHF,267948,5051,2011/10/24 0:00
2011/1/24,RB1105.SHF,462662,4965,2011/5/23 0:00,RB1110.SHF,296614,5069,2011/10/24 0:00
2011/1/25,RB1105.SHF,454316,4967,2011/5/23 0:00,RB1110.SHF,318414,5080,2011/10/24 0:00
2011/1/26,RB1105.SHF,441722,4949,2011/5/23 0:00,RB1110.SHF,319906,5051,2011/10/24 0:00
2011/1/27,RB1105.SHF,405718,4930,2011/5/23 0:00,RB1110.SHF,327910,5033,2011/10/24 0:00
2011/1/28,RB1105.SHF,386380,4936,2011/5/23 0:00,RB1110.SHF,309476,5041,2011/10/24 0:00
2011/1/31,RB1105.SHF,357876,4996,2011/5/23 0:00,RB1110.SHF,354830,5100,2011/10/24 0:00
2011/2/1,RB1110.SHF,344814,5124,2011/10/24 0:00,RB1111.SHF,456,5130,2011/11/22 0:00
2011/2/9,RB1110.SHF,378720,5124,2011/10/24 0:00,RB1111.SHF,456,5130,2011/11/22 0:00
2011/2/10,RB1110.SHF,501100,5188,2011/10/24 0:00,RB1201.SHF,472,5250,2012/1/20 0:00
2011/2/11,RB1110.SHF,480486,5167,2011/10/24 0:00,RB1201.SHF,528,5238,2012/1/20 0:00
2011/2/14,RB1110.SHF,489438,5153,2011/10/24 0:00,RB1201.SHF,544,5210,2012/1/20 0:00
2011/2/15,RB1110.SHF,495618,5157,2011/10/24 0:00,RB1201.SHF,562,5217,2012/1/20 0:00
2011/2/16,RB1110.SHF,497640,5102,2011/10/24 0:00,RB1201.SHF,588,5152,2012/1/20 0:00
2011/2/17,RB1110.SHF,521872,5018,2011/10/24 0:00,RB1111.SHF,972,5065,2011/11/22 0:00
2011/2/18,RB1110.SHF,548366,4985,2011/10/24 0:00,RB1111.SHF,1362,5016,2011/11/22 0:00
2011/2/21,RB1110.SHF,587800,5026,2011/10/24 0:00,RB1111.SHF,1362,5046,2011/11/22 0:00
2011/2/22,RB1110.SHF,597838,5000,2011/10/24 0:00,RB1111.SHF,1446,5001,2011/11/22 0:00
2011/2/23,RB1110.SHF,629114,4940,2011/10/24 0:00,RB1111.SHF,1426,4954,2011/11/22 0:00
2011/2/24,RB1110.SHF,682908,4892,2011/10/24 0:00,RB1111.SHF,1438,4910,2011/11/22 0:00
2011/2/25,RB1110.SHF,678728,4869,2011/10/24 0:00,RB1111.SHF,1366,4890,2011/11/22 0:00
2011/2/28,RB1110.SHF,651826,4899,2011/10/24 0:00,RB1111.SHF,1364,4925,2011/11/22 0:00
2011/3/1,RB1110.SHF,708380,4837,2011/10/24 0:00,RB1111.SHF,1526,4835,2011/11/22 0:00
2011/3/2,RB1110.SHF,693768,4847,2011/10/24 0:00,RB1111.SHF,1438,4836,2011/11/22 0:00
2011/3/3,RB1110.SHF,761310,4813,2011/10/24 0:00,RB1201.SHF,1454,4862,2012/1/20 0:00
2011/3/4,RB1110.SHF,743146,4816,2011/10/24 0:00,RB1201.SHF,1992,4868,2012/1/20 0:00
2011/3/7,RB1110.SHF,770410,4832,2011/10/24 0:00,RB1201.SHF,2148,4888,2012/1/20 0:00
2011/3/8,RB1110.SHF,781120,4773,2011/10/24 0:00,RB1201.SHF,2378,4836,2012/1/20 0:00
2011/3/9,RB1110.SHF,781434,4771,2011/10/24 0:00,RB1201.SHF,2446,4845,2012/1/20 0:00
2011/3/10,RB1110.SHF,823608,4679,2011/10/24 0:00,RB1201.SHF,2658,4751,2012/1/20 0:00
2011/3/11,RB1110.SHF,797976,4656,2011/10/24 0:00,RB1201.SHF,2976,4727,2012/1/20 0:00
2011/3/14,RB1110.SHF,798722,4733,2011/10/24 0:00,RB1201.SHF,3444,4818,2012/1/20 0:00
2011/3/15,RB1110.SHF,772908,4774,2011/10/24 0:00,RB1201.SHF,3728,4856,2012/1/20 0:00
2011/3/16,RB1110.SHF,734950,4832,2011/10/24 0:00,RB1201.SHF,4224,4917,2012/1/20 0:00
2011/3/17,RB1110.SHF,718996,4817,2011/10/24 0:00,RB1201.SHF,4474,4910,2012/1/20 0:00
2011/3/18,RB1110.SHF,797818,4756,2011/10/24 0:00,RB1201.SHF,4880,4852,2012/1/20 0:00
2011/3/21,RB1110.SHF,822988,4653,2011/10/24 0:00,RB1201.SHF,5162,4750,2012/1/20 0:00
2011/3/22,RB1110.SHF,818008,4648,2011/10/24 0:00,RB1201.SHF,5542,4740,2012/1/20 0:00
2011/3/23,RB1110.SHF,791080,4728,2011/10/24 0:00,RB1201.SHF,5532,4817,2012/1/20 0:00
2011/3/24,RB1110.SHF,797750,4717,2011/10/24 0:00,RB1201.SHF,5424,4791,2012/1/20 0:00
2011/3/25,RB1110.SHF,762456,4730,2011/10/24 0:00,RB1201.SHF,5382,4783,2012/1/20 0:00
2011/3/28,RB1110.SHF,715432,4779,2011/10/24 0:00,RB1201.SHF,5636,4850,2012/1/20 0:00
2011/3/29,RB1110.SHF,724372,4814,2011/10/24 0:00,RB1201.SHF,6464,4866,2012/1/20 0:00
2011/3/30,RB1110.SHF,728002,4794,2011/10/24 0:00,RB1201.SHF,6644,4850,2012/1/20 0:00
2011/3/31,RB1110.SHF,690710,4794,2011/10/24 0:00,RB1201.SHF,6624,4852,2012/1/20 0:00
2011/4/1,RB1110.SHF,634050,4780,2011/10/24 0:00,RB1201.SHF,6652,4846,2012/1/20 0:00
2011/4/6,RB1110.SHF,706736,4874,2011/10/24 0:00,RB1201.SHF,6998,4923,2012/1/20 0:00
2011/4/7,RB1110.SHF,680536,4884,2011/10/24 0:00,RB1201.SHF,7734,4930,2012/1/20 0:00
2011/4/8,RB1110.SHF,662366,4906,2011/10/24 0:00,RB1201.SHF,8178,4946,2012/1/20 0:00
2011/4/11,RB1110.SHF,690536,4920,2011/10/24 0:00,RB1201.SHF,9402,4958,2012/1/20 0:00
2011/4/12,RB1110.SHF,672600,4903,2011/10/24 0:00,RB1201.SHF,9472,4950,2012/1/20 0:00
2011/4/13,RB1110.SHF,745686,4922,2011/10/24 0:00,RB1201.SHF,9836,4959,2012/1/20 0:00
2011/4/14,RB1110.SHF,727450,4907,2011/10/24 0:00,RB1201.SHF,9806,4950,2012/1/20 0:00
2011/4/15,RB1110.SHF,738936,4827,2011/10/24 0:00,RB1201.SHF,9446,4882,2012/1/20 0:00
2011/4/18,RB1110.SHF,715936,4844,2011/10/24 0:00,RB1201.SHF,9408,4904,2012/1/20 0:00
2011/4/19,RB1110.SHF,682002,4774,2011/10/24 0:00,RB1201.SHF,9452,4835,2012/1/20 0:00
2011/4/20,RB1110.SHF,664864,4814,2011/10/24 0:00,RB1201.SHF,9420,4874,2012/1/20 0:00
2011/4/21,RB1110.SHF,648452,4849,2011/10/24 0:00,RB1201.SHF,9366,4911,2012/1/20 0:00
2011/4/22,RB1110.SHF,633202,4873,2011/10/24 0:00,RB1201.SHF,9346,4928,2012/1/20 0:00
2011/4/25,RB1110.SHF,645296,4879,2011/10/24 0:00,RB1201.SHF,9256,4929,2012/1/20 0:00
2011/4/26,RB1110.SHF,684212,4896,2011/10/24 0:00,RB1201.SHF,9616,4938,2012/1/20 0:00
2011/4/27,RB1110.SHF,705452,4885,2011/10/24 0:00,RB1201.SHF,9820,4936,2012/1/20 0:00
2011/4/28,RB1110.SHF,687486,4906,2011/10/24 0:00,RB1201.SHF,10246,4959,2012/1/20 0:00
2011/4/29,RB1110.SHF,690702,4915,2011/10/24 0:00,RB1201.SHF,10536,4955,2012/1/20 0:00
2011/5/3,RB1110.SHF,762378,4953,2011/10/24 0:00,RB1201.SHF,12050,4989,2012/1/20 0:00
2011/5/4,RB1110.SHF,790724,4941,2011/10/24 0:00,RB1201.SHF,12506,4972,2012/1/20 0:00
2011/5/5,RB1110.SHF,862822,4913,2011/10/24 0:00,RB1201.SHF,12806,4951,2012/1/20 0:00
2011/5/6,RB1110.SHF,829936,4804,2011/10/24 0:00,RB1201.SHF,12100,4852,2012/1/20 0:00
2011/5/9,RB1110.SHF,813590,4829,2011/10/24 0:00,RB1201.SHF,12766,4864,2012/1/20 0:00
2011/5/10,RB1110.SHF,785918,4848,2011/10/24 0:00,RB1201.SHF,12884,4878,2012/1/20 0:00
2011/5/11,RB1110.SHF,802496,4822,2011/10/24 0:00,RB1201.SHF,13274,4856,2012/1/20 0:00
2011/5/12,RB1110.SHF,835010,4782,2011/10/24 0:00,RB1201.SHF,14338,4819,2012/1/20 0:00
2011/5/13,RB1110.SHF,772270,4850,2011/10/24 0:00,RB1201.SHF,15614,4887,2012/1/20 0:00
2011/5/16,RB1110.SHF,755132,4818,2011/10/24 0:00,RB1201.SHF,15470,4852,2012/1/20 0:00
2011/5/17,RB1110.SHF,713876,4823,2011/10/24 0:00,RB1201.SHF,15412,4856,2012/1/20 0:00
2011/5/18,RB1110.SHF,725590,4814,2011/10/24 0:00,RB1201.SHF,15916,4846,2012/1/20 0:00
2011/5/19,RB1110.SHF,703244,4830,2011/10/24 0:00,RB1201.SHF,16928,4862,2012/1/20 0:00
2011/5/20,RB1110.SHF,669742,4825,2011/10/24 0:00,RB1201.SHF,16770,4862,2012/1/20 0:00
2011/5/23,RB1110.SHF,812312,4779,2011/10/24 0:00,RB1201.SHF,17422,4818,2012/1/20 0:00
2011/5/24,RB1110.SHF,755734,4808,2011/10/24 0:00,RB1201.SHF,17494,4850,2012/1/20 0:00
2011/5/25,RB1110.SHF,634160,4823,2011/10/24 0:00,RB1201.SHF,17846,4865,2012/1/20 0:00
2011/5/26,RB1110.SHF,628180,4828,2011/10/24 0:00,RB1201.SHF,18134,4877,2012/1/20 0:00
2011/5/27,RB1110.SHF,611938,4837,2011/10/24 0:00,RB1201.SHF,18520,4888,2012/1/20 0:00
2011/5/30,RB1110.SHF,651092,4874,2011/10/24 0:00,RB1201.SHF,21136,4935,2012/1/20 0:00
2011/5/31,RB1110.SHF,640362,4875,2011/10/24 0:00,RB1201.SHF,22550,4936,2012/1/20 0:00
2011/6/1,RB1110.SHF,633092,4866,2011/10/24 0:00,RB1201.SHF,23580,4928,2012/1/20 0:00
2011/6/2,RB1110.SHF,605980,4861,2011/10/24 0:00,RB1201.SHF,24178,4918,2012/1/20 0:00
2011/6/3,RB1110.SHF,617294,4867,2011/10/24 0:00,RB1201.SHF,25476,4928,2012/1/20 0:00
2011/6/7,RB1110.SHF,607166,4864,2011/10/24 0:00,RB1201.SHF,26706,4919,2012/1/20 0:00
2011/6/8,RB1110.SHF,608688,4869,2011/10/24 0:00,RB1201.SHF,27760,4921,2012/1/20 0:00
2011/6/9,RB1110.SHF,604638,4849,2011/10/24 0:00,RB1201.SHF,28896,4901,2012/1/20 0:00
2011/6/10,RB1110.SHF,615044,4853,2011/10/24 0:00,RB1201.SHF,29682,4901,2012/1/20 0:00
2011/6/13,RB1110.SHF,674334,4807,2011/10/24 0:00,RB1201.SHF,31660,4859,2012/1/20 0:00
2011/6/14,RB1110.SHF,655490,4812,2011/10/24 0:00,RB1201.SHF,32132,4865,2012/1/20 0:00
2011/6/15,RB1110.SHF,688972,4796,2011/10/24 0:00,RB1201.SHF,34272,4855,2012/1/20 0:00
2011/6/16,RB1110.SHF,715990,4781,2011/10/24 0:00,RB1201.SHF,37804,4828,2012/1/20 0:00
2011/6/17,RB1110.SHF,750336,4731,2011/10/24 0:00,RB1201.SHF,42208,4780,2012/1/20 0:00
2011/6/20,RB1110.SHF,791518,4688,2011/10/24 0:00,RB1201.SHF,45796,4724,2012/1/20 0:00
2011/6/21,RB1110.SHF,759378,4713,2011/10/24 0:00,RB1201.SHF,54840,4716,2012/1/20 0:00
2011/6/22,RB1110.SHF,749732,4694,2011/10/24 0:00,RB1201.SHF,59300,4697,2012/1/20 0:00
2011/6/23,RB1110.SHF,783322,4734,2011/10/24 0:00,RB1201.SHF,64462,4719,2012/1/20 0:00
2011/6/24,RB1110.SHF,738568,4731,2011/10/24 0:00,RB1201.SHF,62518,4726,2012/1/20 0:00
2011/6/27,RB1110.SHF,733238,4704,2011/10/24 0:00,RB1201.SHF,65008,4687,2012/1/20 0:00
2011/6/28,RB1110.SHF,738172,4706,2011/10/24 0:00,RB1201.SHF,65316,4703,2012/1/20 0:00
2011/6/29,RB1110.SHF,713514,4726,2011/10/24 0:00,RB1201.SHF,66038,4719,2012/1/20 0:00
2011/6/30,RB1110.SHF,688972,4753,2011/10/24 0:00,RB1201.SHF,66102,4735,2012/1/20 0:00
2011/7/1,RB1110.SHF,675094,4726,2011/10/24 0:00,RB1201.SHF,69136,4719,2012/1/20 0:00
2011/7/4,RB1110.SHF,682496,4792,2011/10/24 0:00,RB1201.SHF,84216,4808,2012/1/20 0:00
2011/7/5,RB1110.SHF,669242,4788,2011/10/24 0:00,RB1201.SHF,88912,4804,2012/1/20 0:00
2011/7/6,RB1110.SHF,701412,4812,2011/10/24 0:00,RB1201.SHF,110992,4836,2012/1/20 0:00
2011/7/7,RB1110.SHF,699160,4808,2011/10/24 0:00,RB1201.SHF,115700,4833,2012/1/20 0:00
2011/7/8,RB1110.SHF,678188,4808,2011/10/24 0:00,RB1201.SHF,126028,4831,2012/1/20 0:00
2011/7/11,RB1110.SHF,703610,4852,2011/10/24 0:00,RB1201.SHF,127910,4882,2012/1/20 0:00
2011/7/12,RB1110.SHF,669086,4851,2011/10/24 0:00,RB1201.SHF,135508,4863,2012/1/20 0:00
2011/7/13,RB1110.SHF,669560,4887,2011/10/24 0:00,RB1201.SHF,142300,4883,2012/1/20 0:00
2011/7/14,RB1110.SHF,669200,4872,2011/10/24 0:00,RB1201.SHF,141688,4863,2012/1/20 0:00
2011/7/15,RB1110.SHF,658814,4871,2011/10/24 0:00,RB1201.SHF,148208,4855,2012/1/20 0:00
2011/7/18,RB1110.SHF,653022,4902,2011/10/24 0:00,RB1201.SHF,153468,4879,2012/1/20 0:00
2011/7/19,RB1110.SHF,646072,4915,2011/10/24 0:00,RB1201.SHF,162378,4909,2012/1/20 0:00
2011/7/20,RB1110.SHF,595900,4920,2011/10/24 0:00,RB1201.SHF,195322,4922,2012/1/20 0:00
2011/7/21,RB1110.SHF,579714,4913,2011/10/24 0:00,RB1201.SHF,214194,4901,2012/1/20 0:00
2011/7/22,RB1110.SHF,562896,4925,2011/10/24 0:00,RB1201.SHF,221590,4918,2012/1/20 0:00
2011/7/25,RB1110.SHF,536858,4878,2011/10/24 0:00,RB1201.SHF,238678,4853,2012/1/20 0:00
2011/7/26,RB1110.SHF,511682,4898,2011/10/24 0:00,RB1201.SHF,243444,4891,2012/1/20 0:00
2011/7/27,RB1110.SHF,463392,4917,2011/10/24 0:00,RB1201.SHF,266552,4915,2012/1/20 0:00
2011/7/28,RB1110.SHF,438050,4934,2011/10/24 0:00,RB1201.SHF,291630,4927,2012/1/20 0:00
2011/7/29,RB1110.SHF,428138,4929,2011/10/24 0:00,RB1201.SHF,284074,4919,2012/1/20 0:00
2011/8/1,RB1110.SHF,417968,4975,2011/10/24 0:00,RB1201.SHF,329602,4950,2012/1/20 0:00
2011/8/2,RB1110.SHF,404138,4983,2011/10/24 0:00,RB1201.SHF,338820,4945,2012/1/20 0:00
2011/8/3,RB1110.SHF,379610,4987,2011/10/24 0:00,RB1201.SHF,361182,4942,2012/1/20 0:00
2011/8/4,RB1201.SHF,377476,4924,2012/1/20 0:00,RB1205.SHF,2148,4930,2012/5/22 0:00
2011/8/5,RB1201.SHF,345060,4807,2012/1/20 0:00,RB1205.SHF,2436,4825,2012/5/22 0:00
2011/8/8,RB1201.SHF,331082,4782,2012/1/20 0:00,RB1205.SHF,2792,4812,2012/5/22 0:00
2011/8/9,RB1201.SHF,330744,4765,2012/1/20 0:00,RB1205.SHF,2800,4790,2012/5/22 0:00
2011/8/10,RB1201.SHF,338218,4790,2012/1/20 0:00,RB1205.SHF,2806,4808,2012/5/22 0:00
2011/8/11,RB1201.SHF,350220,4799,2012/1/20 0:00,RB1205.SHF,2834,4815,2012/5/22 0:00
2011/8/12,RB1201.SHF,345042,4809,2012/1/20 0:00,RB1205.SHF,2848,4825,2012/5/22 0:00
2011/8/15,RB1201.SHF,342508,4854,2012/1/20 0:00,RB1205.SHF,3128,4863,2012/5/22 0:00
2011/8/16,RB1201.SHF,367796,4833,2012/1/20 0:00,RB1205.SHF,4096,4850,2012/5/22 0:00
2011/8/17,RB1201.SHF,345084,4863,2012/1/20 0:00,RB1205.SHF,4570,4869,2012/5/22 0:00
2011/8/18,RB1201.SHF,361206,4830,2012/1/20 0:00,RB1205.SHF,4932,4845,2012/5/22 0:00
2011/8/19,RB1201.SHF,366976,4814,2012/1/20 0:00,RB1205.SHF,5106,4832,2012/5/22 0:00
2011/8/22,RB1201.SHF,345502,4816,2012/1/20 0:00,RB1205.SHF,5204,4835,2012/5/22 0:00
2011/8/23,RB1201.SHF,350814,4821,2012/1/20 0:00,RB1205.SHF,5776,4852,2012/5/22 0:00
2011/8/24,RB1201.SHF,347002,4822,2012/1/20 0:00,RB1205.SHF,5906,4847,2012/5/22 0:00
2011/8/25,RB1201.SHF,371032,4816,2012/1/20 0:00,RB1205.SHF,6712,4838,2012/5/22 0:00
2011/8/26,RB1201.SHF,374306,4800,2012/1/20 0:00,RB1205.SHF,6776,4825,2012/5/22 0:00
2011/8/29,RB1201.SHF,450478,4768,2012/1/20 0:00,RB1205.SHF,7236,4796,2012/5/22 0:00
2011/8/30,RB1201.SHF,387580,4810,2012/1/20 0:00,RB1205.SHF,7580,4839,2012/5/22 0:00
2011/8/31,RB1201.SHF,352384,4831,2012/1/20 0:00,RB1205.SHF,7590,4857,2012/5/22 0:00
2011/9/1,RB1201.SHF,350956,4829,2012/1/20 0:00,RB1205.SHF,7618,4851,2012/5/22 0:00
2011/9/2,RB1201.SHF,351100,4832,2012/1/20 0:00,RB1205.SHF,8094,4855,2012/5/22 0:00
2011/9/5,RB1201.SHF,353730,4800,2012/1/20 0:00,RB1205.SHF,8648,4830,2012/5/22 0:00
2011/9/6,RB1201.SHF,379026,4794,2012/1/20 0:00,RB1205.SHF,9232,4821,2012/5/22 0:00
2011/9/7,RB1201.SHF,335348,4825,2012/1/20 0:00,RB1205.SHF,9128,4842,2012/5/22 0:00
2011/9/8,RB1201.SHF,328512,4803,2012/1/20 0:00,RB1205.SHF,9160,4836,2012/5/22 0:00
2011/9/9,RB1201.SHF,372096,4791,2012/1/20 0:00,RB1205.SHF,9494,4823,2012/5/22 0:00
2011/9/13,RB1201.SHF,373752,4783,2012/1/20 0:00,RB1205.SHF,11216,4800,2012/5/22 0:00
2011/9/14,RB1201.SHF,403682,4760,2012/1/20 0:00,RB1205.SHF,14058,4776,2012/5/22 0:00
2011/9/15,RB1201.SHF,443436,4744,2012/1/20 0:00,RB1205.SHF,14534,4767,2012/5/22 0:00
2011/9/16,RB1201.SHF,462024,4732,2012/1/20 0:00,RB1205.SHF,15924,4747,2012/5/22 0:00
2011/9/19,RB1201.SHF,576692,4622,2012/1/20 0:00,RB1205.SHF,19512,4662,2012/5/22 0:00
2011/9/20,RB1201.SHF,587802,4611,2012/1/20 0:00,RB1205.SHF,28240,4653,2012/5/22 0:00
2011/9/21,RB1201.SHF,555024,4633,2012/1/20 0:00,RB1205.SHF,32064,4676,2012/5/22 0:00
2011/9/22,RB1201.SHF,576086,4568,2012/1/20 0:00,RB1205.SHF,38610,4604,2012/5/22 0:00
2011/9/23,RB1201.SHF,529596,4514,2012/1/20 0:00,RB1205.SHF,53654,4509,2012/5/22 0:00
2011/9/26,RB1201.SHF,551898,4398,2012/1/20 0:00,RB1205.SHF,64610,4401,2012/5/22 0:00
2011/9/27,RB1201.SHF,501436,4448,2012/1/20 0:00,RB1205.SHF,70550,4444,2012/5/22 0:00
2011/9/28,RB1201.SHF,510834,4403,2012/1/20 0:00,RB1205.SHF,78734,4417,2012/5/22 0:00
2011/9/29,RB1201.SHF,492928,4298,2012/1/20 0:00,RB1205.SHF,86502,4305,2012/5/22 0:00
2011/9/30,RB1201.SHF,490908,4339,2012/1/20 0:00,RB1205.SHF,108958,4342,2012/5/22 0:00
2011/10/10,RB1201.SHF,506172,4317,2012/1/20 0:00,RB1205.SHF,115658,4324,2012/5/22 0:00
2011/10/11,RB1201.SHF,523834,4322,2012/1/20 0:00,RB1205.SHF,138216,4329,2012/5/22 0:00
2011/10/12,RB1201.SHF,512508,4350,2012/1/20 0:00,RB1205.SHF,148614,4351,2012/5/22 0:00
2011/10/13,RB1201.SHF,539522,4318,2012/1/20 0:00,RB1205.SHF,156306,4322,2012/5/22 0:00
2011/10/14,RB1201.SHF,546878,4314,2012/1/20 0:00,RB1205.SHF,161978,4317,2012/5/22 0:00
2011/10/17,RB1201.SHF,761038,4178,2012/1/20 0:00,RB1205.SHF,201464,4213,2012/5/22 0:00
2011/10/18,RB1201.SHF,668088,4089,2012/1/20 0:00,RB1205.SHF,243372,4113,2012/5/22 0:00
2011/10/19,RB1201.SHF,687726,4047,2012/1/20 0:00,RB1205.SHF,277700,4076,2012/5/22 0:00
2011/10/20,RB1201.SHF,667820,3922,2012/1/20 0:00,RB1205.SHF,315388,3955,2012/5/22 0:00
2011/10/21,RB1201.SHF,639122,3957,2012/1/20 0:00,RB1205.SHF,320042,4002,2012/5/22 0:00
2011/10/24,RB1201.SHF,590576,4066,2012/1/20 0:00,RB1205.SHF,296234,4116,2012/5/22 0:00
2011/10/25,RB1201.SHF,637882,4021,2012/1/20 0:00,RB1205.SHF,310316,4070,2012/5/22 0:00
2011/10/26,RB1201.SHF,579486,4039,2012/1/20 0:00,RB1205.SHF,323934,4080,2012/5/22 0:00
2011/10/27,RB1201.SHF,555452,4040,2012/1/20 0:00,RB1205.SHF,325730,4088,2012/5/22 0:00
2011/10/28,RB1201.SHF,582662,4123,2012/1/20 0:00,RB1205.SHF,363480,4180,2012/5/22 0:00
2011/10/31,RB1201.SHF,564216,4123,2012/1/20 0:00,RB1205.SHF,395586,4133,2012/5/22 0:00
2011/11/1,RB1201.SHF,543542,4055,2012/1/20 0:00,RB1205.SHF,439918,4054,2012/5/22 0:00
2011/11/2,RB1205.SHF,520006,4045,2012/5/22 0:00,RB1210.SHF,526,4100,2012/10/22 0:00
2011/11/3,RB1205.SHF,610550,4006,2012/5/22 0:00,RB1210.SHF,626,4070,2012/10/22 0:00
2011/11/4,RB1205.SHF,557462,4121,2012/5/22 0:00,RB1210.SHF,600,4171,2012/10/22 0:00
2011/11/7,RB1205.SHF,558058,4106,2012/5/22 0:00,RB1210.SHF,576,4149,2012/10/22 0:00
2011/11/8,RB1205.SHF,588526,4141,2012/5/22 0:00,RB1210.SHF,590,4165,2012/10/22 0:00
2011/11/9,RB1205.SHF,643116,4161,2012/5/22 0:00,RB1210.SHF,664,4180,2012/10/22 0:00
2011/11/10,RB1205.SHF,671870,4050,2012/5/22 0:00,RB1210.SHF,5548,4049,2012/10/22 0:00
2011/11/11,RB1205.SHF,623586,4149,2012/5/22 0:00,RB1210.SHF,10846,4107,2012/10/22 0:00
2011/11/14,RB1205.SHF,634106,4189,2012/5/22 0:00,RB1210.SHF,11202,4156,2012/10/22 0:00
2011/11/15,RB1205.SHF,663378,4157,2012/5/22 0:00,RB1210.SHF,12716,4124,2012/10/22 0:00
2011/11/16,RB1205.SHF,697734,4134,2012/5/22 0:00,RB1210.SHF,12666,4117,2012/10/22 0:00
2011/11/17,RB1205.SHF,646612,4178,2012/5/22 0:00,RB1210.SHF,12702,4144,2012/10/22 0:00
2011/11/18,RB1205.SHF,631848,4154,2012/5/22 0:00,RB1210.SHF,13140,4130,2012/10/22 0:00
2011/11/21,RB1205.SHF,788422,4086,2012/5/22 0:00,RB1210.SHF,14474,4086,2012/10/22 0:00
2011/11/22,RB1205.SHF,766244,4089,2012/5/22 0:00,RB1210.SHF,14722,4100,2012/10/22 0:00
2011/11/23,RB1205.SHF,821198,4039,2012/5/22 0:00,RB1210.SHF,15468,4054,2012/10/22 0:00
2011/11/24,RB1205.SHF,794762,4073,2012/5/22 0:00,RB1210.SHF,17848,4068,2012/10/22 0:00
2011/11/25,RB1205.SHF,798492,4045,2012/5/22 0:00,RB1210.SHF,19702,4043,2012/10/22 0:00
2011/11/28,RB1205.SHF,781192,4084,2012/5/22 0:00,RB1210.SHF,19634,4077,2012/10/22 0:00
2011/11/29,RB1205.SHF,704976,4125,2012/5/22 0:00,RB1210.SHF,20220,4107,2012/10/22 0:00
2011/11/30,RB1205.SHF,727588,4075,2012/5/22 0:00,RB1210.SHF,21448,4055,2012/10/22 0:00
2011/12/1,RB1205.SHF,696346,4174,2012/5/22 0:00,RB1210.SHF,26716,4125,2012/10/22 0:00
2011/12/2,RB1205.SHF,677270,4163,2012/5/22 0:00,RB1210.SHF,26472,4119,2012/10/22 0:00
2011/12/5,RB1205.SHF,677940,4164,2012/5/22 0:00,RB1210.SHF,26180,4132,2012/10/22 0:00
2011/12/6,RB1205.SHF,700240,4160,2012/5/22 0:00,RB1210.SHF,26328,4131,2012/10/22 0:00
2011/12/7,RB1205.SHF,675364,4182,2012/5/22 0:00,RB1210.SHF,26134,4153,2012/10/22 0:00
2011/12/8,RB1205.SHF,646684,4176,2012/5/22 0:00,RB1210.SHF,27026,4144,2012/10/22 0:00
2011/12/9,RB1205.SHF,658106,4169,2012/5/22 0:00,RB1210.SHF,26946,4138,2012/10/22 0:00
2011/12/12,RB1205.SHF,666992,4168,2012/5/22 0:00,RB1210.SHF,27034,4140,2012/10/22 0:00
2011/12/13,RB1205.SHF,679584,4151,2012/5/22 0:00,RB1210.SHF,28192,4140,2012/10/22 0:00
2011/12/14,RB1205.SHF,686318,4153,2012/5/22 0:00,RB1210.SHF,29316,4150,2012/10/22 0:00
2011/12/15,RB1205.SHF,702476,4124,2012/5/22 0:00,RB1210.SHF,33480,4111,2012/10/22 0:00
2011/12/16,RB1205.SHF,706494,4189,2012/5/22 0:00,RB1210.SHF,30242,4170,2012/10/22 0:00
2011/12/19,RB1205.SHF,684474,4170,2012/5/22 0:00,RB1210.SHF,31270,4158,2012/10/22 0:00
2011/12/20,RB1205.SHF,698906,4174,2012/5/22 0:00,RB1210.SHF,32590,4156,2012/10/22 0:00
2011/12/21,RB1205.SHF,694326,4181,2012/5/22 0:00,RB1210.SHF,38306,4159,2012/10/22 0:00
2011/12/22,RB1205.SHF,698516,4206,2012/5/22 0:00,RB1210.SHF,39206,4169,2012/10/22 0:00
2011/12/23,RB1205.SHF,682206,4226,2012/5/22 0:00,RB1210.SHF,40062,4197,2012/10/22 0:00
2011/12/26,RB1205.SHF,655242,4226,2012/5/22 0:00,RB1210.SHF,40488,4206,2012/10/22 0:00
2011/12/27,RB1205.SHF,655136,4235,2012/5/22 0:00,RB1210.SHF,40758,4211,2012/10/22 0:00
2011/12/28,RB1205.SHF,630046,4236,2012/5/22 0:00,RB1210.SHF,40496,4215,2012/10/22 0:00
2011/12/29,RB1205.SHF,621264,4201,2012/5/22 0:00,RB1210.SHF,47642,4185,2012/10/22 0:00
2011/12/30,RB1205.SHF,615478,4210,2012/5/22 0:00,RB1210.SHF,55826,4180,2012/10/22 0:00
2012/1/4,RB1205.SHF,700316,4159,2012/5/22 0:00,RB1210.SHF,66404,4148,2012/10/22 0:00
2012/1/5,RB1205.SHF,706862,4178,2012/5/22 0:00,RB1210.SHF,67008,4164,2012/10/22 0:00
2012/1/6,RB1205.SHF,663620,4196,2012/5/22 0:00,RB1210.SHF,67670,4175,2012/10/22 0:00
2012/1/9,RB1205.SHF,680172,4185,2012/5/22 0:00,RB1210.SHF,67910,4162,2012/10/22 0:00
2012/1/10,RB1205.SHF,654236,4215,2012/5/22 0:00,RB1210.SHF,67140,4186,2012/10/22 0:00
2012/1/11,RB1205.SHF,642846,4224,2012/5/22 0:00,RB1210.SHF,63348,4192,2012/10/22 0:00
2012/1/12,RB1205.SHF,623656,4223,2012/5/22 0:00,RB1210.SHF,62124,4192,2012/10/22 0:00
2012/1/13,RB1205.SHF,615220,4229,2012/5/22 0:00,RB1210.SHF,62238,4197,2012/10/22 0:00
2012/1/16,RB1205.SHF,566390,4240,2012/5/22 0:00,RB1210.SHF,61414,4202,2012/10/22 0:00
2012/1/17,RB1205.SHF,524682,4295,2012/5/22 0:00,RB1210.SHF,58358,4275,2012/10/22 0:00
2012/1/18,RB1205.SHF,504012,4301,2012/5/22 0:00,RB1210.SHF,51442,4321,2012/10/22 0:00
2012/1/19,RB1205.SHF,463212,4310,2012/5/22 0:00,RB1210.SHF,48108,4333,2012/10/22 0:00
2012/1/20,RB1205.SHF,435502,4323,2012/5/22 0:00,RB1210.SHF,46820,4337,2012/10/22 0:00
2012/1/30,RB1205.SHF,465236,4320,2012/5/22 0:00,RB1210.SHF,47052,4335,2012/10/22 0:00
2012/1/31,RB1205.SHF,507670,4297,2012/5/22 0:00,RB1210.SHF,49790,4318,2012/10/22 0:00
2012/2/1,RB1205.SHF,508090,4285,2012/5/22 0:00,RB1210.SHF,50548,4306,2012/10/22 0:00
2012/2/2,RB1205.SHF,544700,4318,2012/5/22 0:00,RB1210.SHF,50332,4332,2012/10/22 0:00
2012/2/3,RB1205.SHF,527582,4332,2012/5/22 0:00,RB1210.SHF,57192,4347,2012/10/22 0:00
2012/2/6,RB1205.SHF,525090,4330,2012/5/22 0:00,RB1210.SHF,69408,4336,2012/10/22 0:00
2012/2/7,RB1205.SHF,576332,4274,2012/5/22 0:00,RB1210.SHF,82732,4287,2012/10/22 0:00
2012/2/8,RB1205.SHF,560084,4337,2012/5/22 0:00,RB1210.SHF,83624,4338,2012/10/22 0:00
2012/2/9,RB1205.SHF,536830,4297,2012/5/22 0:00,RB1210.SHF,91970,4311,2012/10/22 0:00
2012/2/10,RB1205.SHF,582990,4286,2012/5/22 0:00,RB1210.SHF,101796,4296,2012/10/22 0:00
2012/2/13,RB1205.SHF,611924,4261,2012/5/22 0:00,RB1210.SHF,112586,4273,2012/10/22 0:00
2012/2/14,RB1205.SHF,627824,4252,2012/5/22 0:00,RB1210.SHF,118584,4266,2012/10/22 0:00
2012/2/15,RB1205.SHF,744456,4189,2012/5/22 0:00,RB1210.SHF,142786,4223,2012/10/22 0:00
2012/2/16,RB1205.SHF,727332,4169,2012/5/22 0:00,RB1210.SHF,178784,4182,2012/10/22 0:00
2012/2/17,RB1205.SHF,715732,4157,2012/5/22 0:00,RB1210.SHF,222734,4161,2012/10/22 0:00
2012/2/20,RB1205.SHF,717338,4178,2012/5/22 0:00,RB1210.SHF,222296,4185,2012/10/22 0:00
2012/2/21,RB1205.SHF,644934,4228,2012/5/22 0:00,RB1210.SHF,258374,4233,2012/10/22 0:00
2012/2/22,RB1205.SHF,575884,4251,2012/5/22 0:00,RB1210.SHF,302286,4238,2012/10/22 0:00
2012/2/23,RB1205.SHF,548332,4237,2012/5/22 0:00,RB1210.SHF,347890,4219,2012/10/22 0:00
2012/2/24,RB1205.SHF,548120,4234,2012/5/22 0:00,RB1210.SHF,360622,4224,2012/10/22 0:00
2012/2/27,RB1205.SHF,507470,4278,2012/5/22 0:00,RB1210.SHF,387674,4282,2012/10/22 0:00
2012/2/28,RB1205.SHF,473012,4295,2012/5/22 0:00,RB1210.SHF,407594,4291,2012/10/22 0:00
2012/2/29,RB1205.SHF,438012,4300,2012/5/22 0:00,RB1210.SHF,435168,4295,2012/10/22 0:00
2012/3/1,RB1210.SHF,455702,4281,2012/10/22 0:00,RB1301.SHF,514,4291,2013/1/22 0:00
2012/3/2,RB1210.SHF,465446,4299,2012/10/22 0:00,RB1301.SHF,800,4303,2013/1/22 0:00
2012/3/5,RB1210.SHF,551168,4267,2012/10/22 0:00,RB1301.SHF,858,4271,2013/1/22 0:00
2012/3/6,RB1210.SHF,539444,4268,2012/10/22 0:00,RB1301.SHF,858,4280,2013/1/22 0:00
2012/3/7,RB1210.SHF,564836,4253,2012/10/22 0:00,RB1301.SHF,968,4258,2013/1/22 0:00
2012/3/8,RB1210.SHF,569716,4281,2012/10/22 0:00,RB1301.SHF,1014,4283,2013/1/22 0:00
2012/3/9,RB1210.SHF,577316,4319,2012/10/22 0:00,RB1301.SHF,1060,4320,2013/1/22 0:00
2012/3/12,RB1210.SHF,576982,4335,2012/10/22 0:00,RB1301.SHF,1106,4339,2013/1/22 0:00
2012/3/13,RB1210.SHF,593444,4341,2012/10/22 0:00,RB1301.SHF,1140,4341,2013/1/22 0:00
2012/3/14,RB1210.SHF,616210,4325,2012/10/22 0:00,RB1301.SHF,1156,4331,2013/1/22 0:00
2012/3/15,RB1210.SHF,612814,4337,2012/10/22 0:00,RB1301.SHF,1178,4343,2013/1/22 0:00
2012/3/16,RB1210.SHF,621602,4335,2012/10/22 0:00,RB1301.SHF,1194,4334,2013/1/22 0:00
2012/3/19,RB1210.SHF,636916,4343,2012/10/22 0:00,RB1301.SHF,1200,4347,2013/1/22 0:00
2012/3/20,RB1210.SHF,623888,4333,2012/10/22 0:00,RB1301.SHF,1224,4344,2013/1/22 0:00
2012/3/21,RB1210.SHF,667340,4358,2012/10/22 0:00,RB1301.SHF,3002,4340,2013/1/22 0:00
2012/3/22,RB1210.SHF,674628,4355,2012/10/22 0:00,RB1301.SHF,4710,4328,2013/1/22 0:00
2012/3/23,RB1210.SHF,680868,4347,2012/10/22 0:00,RB1301.SHF,4900,4325,2013/1/22 0:00
2012/3/26,RB1210.SHF,678352,4354,2012/10/22 0:00,RB1301.SHF,6080,4320,2013/1/22 0:00
2012/3/27,RB1210.SHF,671392,4367,2012/10/22 0:00,RB1301.SHF,10348,4320,2013/1/22 0:00
2012/3/28,RB1210.SHF,674062,4345,2012/10/22 0:00,RB1301.SHF,10636,4305,2013/1/22 0:00
2012/3/29,RB1210.SHF,672526,4320,2012/10/22 0:00,RB1301.SHF,11338,4280,2013/1/22 0:00
2012/3/30,RB1210.SHF,633168,4324,2012/10/22 0:00,RB1301.SHF,12882,4286,2013/1/22 0:00
2012/4/5,RB1210.SHF,625232,4354,2012/10/22 0:00,RB1301.SHF,15818,4322,2013/1/22 0:00
2012/4/6,RB1210.SHF,661546,4385,2012/10/22 0:00,RB1301.SHF,17454,4348,2013/1/22 0:00
2012/4/9,RB1210.SHF,683320,4379,2012/10/22 0:00,RB1301.SHF,21794,4340,2013/1/22 0:00
2012/4/10,RB1210.SHF,689470,4384,2012/10/22 0:00,RB1301.SHF,23472,4350,2013/1/22 0:00
2012/4/11,RB1210.SHF,693124,4377,2012/10/22 0:00,RB1301.SHF,23830,4348,2013/1/22 0:00
2012/4/12,RB1210.SHF,706234,4392,2012/10/22 0:00,RB1301.SHF,26270,4360,2013/1/22 0:00
2012/4/13,RB1210.SHF,724314,4377,2012/10/22 0:00,RB1301.SHF,27524,4340,2013/1/22 0:00
2012/4/16,RB1210.SHF,741412,4329,2012/10/22 0:00,RB1301.SHF,29512,4302,2013/1/22 0:00
2012/4/17,RB1210.SHF,797950,4322,2012/10/22 0:00,RB1301.SHF,32578,4290,2013/1/22 0:00
2012/4/18,RB1210.SHF,772084,4342,2012/10/22 0:00,RB1301.SHF,34948,4304,2013/1/22 0:00
2012/4/19,RB1210.SHF,806406,4315,2012/10/22 0:00,RB1301.SHF,38116,4277,2013/1/22 0:00
2012/4/20,RB1210.SHF,777478,4313,2012/10/22 0:00,RB1301.SHF,40560,4276,2013/1/22 0:00
2012/4/23,RB1210.SHF,824890,4281,2012/10/22 0:00,RB1301.SHF,41320,4256,2013/1/22 0:00
2012/4/24,RB1210.SHF,837318,4270,2012/10/22 0:00,RB1301.SHF,40940,4247,2013/1/22 0:00
2012/4/25,RB1210.SHF,843210,4274,2012/10/22 0:00,RB1301.SHF,43370,4245,2013/1/22 0:00
2012/4/26,RB1210.SHF,815718,4290,2012/10/22 0:00,RB1301.SHF,43628,4258,2013/1/22 0:00
2012/4/27,RB1210.SHF,822962,4269,2012/10/22 0:00,RB1301.SHF,43518,4249,2013/1/22 0:00
2012/5/2,RB1210.SHF,887738,4245,2012/10/22 0:00,RB1301.SHF,46018,4224,2013/1/22 0:00
2012/5/3,RB1210.SHF,919550,4239,2012/10/22 0:00,RB1301.SHF,48264,4222,2013/1/22 0:00
2012/5/4,RB1210.SHF,889260,4256,2012/10/22 0:00,RB1301.SHF,48202,4233,2013/1/22 0:00
2012/5/7,RB1210.SHF,898932,4221,2012/10/22 0:00,RB1301.SHF,48520,4209,2013/1/22 0:00
2012/5/8,RB1210.SHF,911356,4213,2012/10/22 0:00,RB1301.SHF,51512,4195,2013/1/22 0:00
2012/5/9,RB1210.SHF,899800,4186,2012/10/22 0:00,RB1301.SHF,52630,4169,2013/1/22 0:00
2012/5/10,RB1210.SHF,894218,4190,2012/10/22 0:00,RB1301.SHF,52754,4175,2013/1/22 0:00
2012/5/11,RB1210.SHF,861212,4150,2012/10/22 0:00,RB1301.SHF,60346,4127,2013/1/22 0:00
2012/5/14,RB1210.SHF,947592,4135,2012/10/22 0:00,RB1301.SHF,67740,4106,2013/1/22 0:00
2012/5/15,RB1210.SHF,925666,4090,2012/10/22 0:00,RB1301.SHF,69672,4064,2013/1/22 0:00
2012/5/16,RB1210.SHF,937712,4050,2012/10/22 0:00,RB1301.SHF,72380,4027,2013/1/22 0:00
2012/5/17,RB1210.SHF,852884,4092,2012/10/22 0:00,RB1301.SHF,76828,4060,2013/1/22 0:00
2012/5/18,RB1210.SHF,851364,4074,2012/10/22 0:00,RB1301.SHF,88312,4044,2013/1/22 0:00
2012/5/21,RB1210.SHF,837528,4090,2012/10/22 0:00,RB1301.SHF,78036,4064,2013/1/22 0:00
2012/5/22,RB1210.SHF,879042,4074,2012/10/22 0:00,RB1301.SHF,75500,4061,2013/1/22 0:00
2012/5/23,RB1210.SHF,931882,4019,2012/10/22 0:00,RB1301.SHF,76488,4016,2013/1/22 0:00
2012/5/24,RB1210.SHF,921992,4026,2012/10/22 0:00,RB1301.SHF,75044,4024,2013/1/22 0:00
2012/5/25,RB1210.SHF,892400,4037,2012/10/22 0:00,RB1301.SHF,75650,4033,2013/1/22 0:00
2012/5/28,RB1210.SHF,865698,4089,2012/10/22 0:00,RB1301.SHF,82530,4094,2013/1/22 0:00
2012/5/29,RB1210.SHF,833710,4115,2012/10/22 0:00,RB1301.SHF,90608,4108,2013/1/22 0:00
2012/5/30,RB1210.SHF,813640,4100,2012/10/22 0:00,RB1301.SHF,95896,4094,2013/1/22 0:00
2012/5/31,RB1210.SHF,807896,4103,2012/10/22 0:00,RB1301.SHF,99788,4089,2013/1/22 0:00
2012/6/1,RB1210.SHF,830054,4095,2012/10/22 0:00,RB1301.SHF,101574,4086,2013/1/22 0:00
2012/6/4,RB1210.SHF,860760,4033,2012/10/22 0:00,RB1301.SHF,91790,4012,2013/1/22 0:00
2012/6/5,RB1210.SHF,733542,4084,2012/10/22 0:00,RB1301.SHF,89864,4063,2013/1/22 0:00
2012/6/6,RB1210.SHF,724412,4096,2012/10/22 0:00,RB1301.SHF,91964,4068,2013/1/22 0:00
2012/6/7,RB1210.SHF,706388,4102,2012/10/22 0:00,RB1301.SHF,104580,4072,2013/1/22 0:00
2012/6/8,RB1210.SHF,739728,4108,2012/10/22 0:00,RB1301.SHF,113890,4079,2013/1/22 0:00
2012/6/11,RB1210.SHF,725218,4123,2012/10/22 0:00,RB1301.SHF,118696,4091,2013/1/22 0:00
2012/6/12,RB1210.SHF,720776,4100,2012/10/22 0:00,RB1301.SHF,124982,4069,2013/1/22 0:00
2012/6/13,RB1210.SHF,702018,4102,2012/10/22 0:00,RB1301.SHF,124930,4075,2013/1/22 0:00
2012/6/14,RB1210.SHF,671926,4110,2012/10/22 0:00,RB1301.SHF,123614,4083,2013/1/22 0:00
2012/6/15,RB1210.SHF,642464,4122,2012/10/22 0:00,RB1301.SHF,126620,4095,2013/1/22 0:00
2012/6/18,RB1210.SHF,666680,4129,2012/10/22 0:00,RB1301.SHF,130444,4108,2013/1/22 0:00
2012/6/19,RB1210.SHF,635290,4126,2012/10/22 0:00,RB1301.SHF,132906,4107,2013/1/22 0:00
2012/6/20,RB1210.SHF,636454,4143,2012/10/22 0:00,RB1301.SHF,141910,4126,2013/1/22 0:00
2012/6/21,RB1210.SHF,585392,4118,2012/10/22 0:00,RB1301.SHF,143480,4103,2013/1/22 0:00
2012/6/25,RB1210.SHF,604280,4107,2012/10/22 0:00,RB1301.SHF,150666,4082,2013/1/22 0:00
2012/6/26,RB1210.SHF,713346,4076,2012/10/22 0:00,RB1301.SHF,163726,4060,2013/1/22 0:00
2012/6/27,RB1210.SHF,768006,4063,2012/10/22 0:00,RB1301.SHF,168280,4041,2013/1/22 0:00
2012/6/28,RB1210.SHF,713198,4085,2012/10/22 0:00,RB1301.SHF,182940,4059,2013/1/22 0:00
2012/6/29,RB1210.SHF,676846,4068,2012/10/22 0:00,RB1301.SHF,224842,4035,2013/1/22 0:00
2012/7/2,RB1210.SHF,751256,4044,2012/10/22 0:00,RB1301.SHF,313502,4006,2013/1/22 0:00
2012/7/3,RB1210.SHF,658896,4078,2012/10/22 0:00,RB1301.SHF,296478,4049,2013/1/22 0:00
2012/7/4,RB1210.SHF,651698,4089,2012/10/22 0:00,RB1301.SHF,298706,4057,2013/1/22 0:00
2012/7/5,RB1210.SHF,642628,4094,2012/10/22 0:00,RB1301.SHF,302394,4066,2013/1/22 0:00
2012/7/6,RB1210.SHF,627244,4089,2012/10/22 0:00,RB1301.SHF,321152,4057,2013/1/22 0:00
2012/7/9,RB1210.SHF,623452,4050,2012/10/22 0:00,RB1301.SHF,413740,4013,2013/1/22 0:00
2012/7/10,RB1301.SHF,604116,3940,2013/1/22 0:00,RB1305.SHF,5072,4001,2013/5/22 0:00
2012/7/11,RB1301.SHF,680042,3928,2013/1/22 0:00,RB1305.SHF,5394,3979,2013/5/22 0:00
2012/7/12,RB1301.SHF,713406,3919,2013/1/22 0:00,RB1305.SHF,6142,3972,2013/5/22 0:00
2012/7/13,RB1301.SHF,675720,3941,2013/1/22 0:00,RB1305.SHF,6156,3994,2013/5/22 0:00
2012/7/16,RB1301.SHF,825206,3889,2013/1/22 0:00,RB1305.SHF,7074,3953,2013/5/22 0:00
2012/7/17,RB1301.SHF,837088,3861,2013/1/22 0:00,RB1305.SHF,7464,3930,2013/5/22 0:00
2012/7/18,RB1301.SHF,822178,3864,2013/1/22 0:00,RB1305.SHF,7702,3922,2013/5/22 0:00
2012/7/19,RB1301.SHF,886826,3825,2013/1/22 0:00,RB1305.SHF,8580,3888,2013/5/22 0:00
2012/7/20,RB1301.SHF,991670,3750,2013/1/22 0:00,RB1305.SHF,10208,3825,2013/5/22 0:00
2012/7/23,RB1301.SHF,899612,3694,2013/1/22 0:00,RB1305.SHF,13256,3766,2013/5/22 0:00
2012/7/24,RB1301.SHF,967980,3709,2013/1/22 0:00,RB1305.SHF,15850,3763,2013/5/22 0:00
2012/7/25,RB1301.SHF,933194,3703,2013/1/22 0:00,RB1305.SHF,15540,3752,2013/5/22 0:00
2012/7/26,RB1301.SHF,925746,3719,2013/1/22 0:00,RB1305.SHF,17818,3755,2013/5/22 0:00
2012/7/27,RB1301.SHF,925732,3762,2013/1/22 0:00,RB1305.SHF,19020,3795,2013/5/22 0:00
2012/7/30,RB1301.SHF,944776,3757,2013/1/22 0:00,RB1305.SHF,20634,3779,2013/5/22 0:00
2012/7/31,RB1301.SHF,916736,3772,2013/1/22 0:00,RB1305.SHF,22228,3787,2013/5/22 0:00
2012/8/1,RB1301.SHF,1031552,3703,2013/1/22 0:00,RB1305.SHF,25142,3734,2013/5/22 0:00
2012/8/2,RB1301.SHF,1070120,3670,2013/1/22 0:00,RB1305.SHF,27466,3711,2013/5/22 0:00
2012/8/3,RB1301.SHF,1046092,3672,2013/1/22 0:00,RB1305.SHF,28602,3712,2013/5/22 0:00
2012/8/6,RB1301.SHF,1110756,3682,2013/1/22 0:00,RB1305.SHF,29648,3727,2013/5/22 0:00
2012/8/7,RB1301.SHF,1110332,3687,2013/1/22 0:00,RB1305.SHF,30816,3735,2013/5/22 0:00
2012/8/8,RB1301.SHF,1138444,3667,2013/1/22 0:00,RB1305.SHF,33032,3725,2013/5/22 0:00
2012/8/9,RB1301.SHF,1116080,3691,2013/1/22 0:00,RB1305.SHF,36064,3744,2013/5/22 0:00
2012/8/10,RB1301.SHF,1108132,3721,2013/1/22 0:00,RB1305.SHF,36042,3766,2013/5/22 0:00
2012/8/13,RB1301.SHF,1128142,3683,2013/1/22 0:00,RB1305.SHF,37508,3731,2013/5/22 0:00
2012/8/14,RB1301.SHF,1104328,3666,2013/1/22 0:00,RB1305.SHF,37742,3722,2013/5/22 0:00
2012/8/15,RB1301.SHF,1125980,3669,2013/1/22 0:00,RB1305.SHF,39374,3723,2013/5/22 0:00
2012/8/16,RB1301.SHF,1169666,3659,2013/1/22 0:00,RB1305.SHF,41924,3704,2013/5/22 0:00
2012/8/17,RB1301.SHF,1316468,3626,2013/1/22 0:00,RB1305.SHF,49368,3685,2013/5/22 0:00
2012/8/20,RB1301.SHF,1329060,3607,2013/1/22 0:00,RB1305.SHF,53242,3666,2013/5/22 0:00
2012/8/21,RB1301.SHF,1331784,3591,2013/1/22 0:00,RB1305.SHF,58394,3651,2013/5/22 0:00
2012/8/22,RB1301.SHF,1366848,3557,2013/1/22 0:00,RB1305.SHF,64766,3620,2013/5/22 0:00
2012/8/23,RB1301.SHF,1412890,3542,2013/1/22 0:00,RB1305.SHF,72970,3598,2013/5/22 0:00
2012/8/24,RB1301.SHF,1407854,3509,2013/1/22 0:00,RB1305.SHF,80106,3560,2013/5/22 0:00
2012/8/27,RB1301.SHF,1404416,3513,2013/1/22 0:00,RB1305.SHF,84684,3568,2013/5/22 0:00
2012/8/28,RB1301.SHF,1503702,3455,2013/1/22 0:00,RB1305.SHF,92478,3526,2013/5/22 0:00
2012/8/29,RB1301.SHF,1414494,3443,2013/1/22 0:00,RB1305.SHF,112020,3536,2013/5/22 0:00
2012/8/30,RB1301.SHF,1501790,3437,2013/1/22 0:00,RB1305.SHF,117736,3542,2013/5/22 0:00
2012/8/31,RB1301.SHF,1483790,3411,2013/1/22 0:00,RB1305.SHF,122012,3489,2013/5/22 0:00
2012/9/3,RB1301.SHF,1570730,3351,2013/1/22 0:00,RB1305.SHF,141014,3428,2013/5/22 0:00
2012/9/4,RB1301.SHF,1624078,3282,2013/1/22 0:00,RB1305.SHF,166106,3337,2013/5/22 0:00
2012/9/5,RB1301.SHF,1730492,3228,2013/1/22 0:00,RB1305.SHF,192520,3274,2013/5/22 0:00
2012/9/6,RB1301.SHF,1694804,3271,2013/1/22 0:00,RB1305.SHF,195178,3333,2013/5/22 0:00
2012/9/7,RB1301.SHF,1364242,3406,2013/1/22 0:00,RB1305.SHF,169572,3468,2013/5/22 0:00
2012/9/10,RB1301.SHF,1379270,3497,2013/1/22 0:00,RB1305.SHF,180668,3539,2013/5/22 0:00
2012/9/11,RB1301.SHF,1310058,3461,2013/1/22 0:00,RB1305.SHF,178246,3524,2013/5/22 0:00
2012/9/12,RB1301.SHF,1339758,3457,2013/1/22 0:00,RB1305.SHF,187954,3529,2013/5/22 0:00
2012/9/13,RB1301.SHF,1247188,3455,2013/1/22 0:00,RB1305.SHF,181140,3514,2013/5/22 0:00
2012/9/14,RB1301.SHF,1216626,3561,2013/1/22 0:00,RB1305.SHF,178020,3615,2013/5/22 0:00
2012/9/17,RB1301.SHF,1315204,3554,2013/1/22 0:00,RB1305.SHF,196682,3619,2013/5/22 0:00
2012/9/18,RB1301.SHF,1246998,3582,2013/1/22 0:00,RB1305.SHF,196614,3640,2013/5/22 0:00
2012/9/19,RB1301.SHF,1369624,3638,2013/1/22 0:00,RB1305.SHF,203354,3679,2013/5/22 0:00
2012/9/20,RB1301.SHF,1489836,3483,2013/1/22 0:00,RB1305.SHF,229606,3542,2013/5/22 0:00
2012/9/21,RB1301.SHF,1432492,3477,2013/1/22 0:00,RB1305.SHF,244354,3537,2013/5/22 0:00
2012/9/24,RB1301.SHF,1314338,3543,2013/1/22 0:00,RB1305.SHF,242358,3592,2013/5/22 0:00
2012/9/25,RB1301.SHF,1235604,3547,2013/1/22 0:00,RB1305.SHF,244648,3587,2013/5/22 0:00
2012/9/26,RB1301.SHF,1110218,3527,2013/1/22 0:00,RB1305.SHF,234446,3582,2013/5/22 0:00
2012/9/27,RB1301.SHF,974894,3568,2013/1/22 0:00,RB1305.SHF,225678,3607,2013/5/22 0:00
2012/9/28,RB1301.SHF,875432,3597,2013/1/22 0:00,RB1305.SHF,213676,3634,2013/5/22 0:00
2012/10/8,RB1301.SHF,927702,3656,2013/1/22 0:00,RB1305.SHF,223994,3680,2013/5/22 0:00
2012/10/9,RB1301.SHF,972650,3667,2013/1/22 0:00,RB1305.SHF,251452,3698,2013/5/22 0:00
2012/10/10,RB1301.SHF,1034882,3682,2013/1/22 0:00,RB1305.SHF,282258,3705,2013/5/22 0:00
2012/10/11,RB1301.SHF,1063166,3634,2013/1/22 0:00,RB1305.SHF,304360,3655,2013/5/22 0:00
2012/10/12,RB1301.SHF,1010092,3639,2013/1/22 0:00,RB1305.SHF,336702,3646,2013/5/22 0:00
2012/10/15,RB1301.SHF,983264,3582,2013/1/22 0:00,RB1305.SHF,449706,3556,2013/5/22 0:00
2012/10/16,RB1301.SHF,898022,3611,2013/1/22 0:00,RB1305.SHF,533370,3589,2013/5/22 0:00
2012/10/17,RB1301.SHF,879232,3638,2013/1/22 0:00,RB1305.SHF,623578,3657,2013/5/22 0:00
2012/10/18,RB1301.SHF,859442,3646,2013/1/22 0:00,RB1305.SHF,646686,3675,2013/5/22 0:00
2012/10/19,RB1301.SHF,779378,3644,2013/1/22 0:00,RB1305.SHF,654286,3651,2013/5/22 0:00
2012/10/22,RB1305.SHF,887768,3732,2013/5/22 0:00,RB1310.SHF,962,3762,2013/10/22 0:00
2012/10/23,RB1305.SHF,807508,3660,2013/5/22 0:00,RB1310.SHF,1066,3730,2013/10/22 0:00
2012/10/24,RB1305.SHF,817404,3684,2013/5/22 0:00,RB1310.SHF,1120,3748,2013/10/22 0:00
2012/10/25,RB1305.SHF,863754,3679,2013/5/22 0:00,RB1310.SHF,1318,3727,2013/10/22 0:00
2012/10/26,RB1305.SHF,834678,3683,2013/5/22 0:00,RB1310.SHF,1382,3748,2013/10/22 0:00
2012/10/29,RB1305.SHF,1001290,3619,2013/5/22 0:00,RB1310.SHF,1706,3680,2013/10/22 0:00
2012/10/30,RB1305.SHF,969376,3628,2013/5/22 0:00,RB1310.SHF,1744,3680,2013/10/22 0:00
2012/10/31,RB1305.SHF,977100,3634,2013/5/22 0:00,RB1310.SHF,1774,3683,2013/10/22 0:00
2012/11/1,RB1305.SHF,949778,3679,2013/5/22 0:00,RB1310.SHF,1804,3730,2013/10/22 0:00
2012/11/2,RB1305.SHF,947470,3676,2013/5/22 0:00,RB1310.SHF,1814,3724,2013/10/22 0:00
2012/11/5,RB1305.SHF,991722,3641,2013/5/22 0:00,RB1310.SHF,1836,3694,2013/10/22 0:00
2012/11/6,RB1305.SHF,998532,3642,2013/5/22 0:00,RB1310.SHF,1836,3701,2013/10/22 0:00
2012/11/7,RB1305.SHF,1075158,3634,2013/5/22 0:00,RB1310.SHF,1910,3699,2013/10/22 0:00
2012/11/8,RB1305.SHF,1059268,3627,2013/5/22 0:00,RB1310.SHF,1964,3691,2013/10/22 0:00
2012/11/9,RB1305.SHF,1070130,3640,2013/5/22 0:00,RB1310.SHF,1954,3707,2013/10/22 0:00
2012/11/12,RB1305.SHF,1085660,3666,2013/5/22 0:00,RB1310.SHF,1892,3733,2013/10/22 0:00
2012/11/13,RB1305.SHF,1060402,3649,2013/5/22 0:00,RB1310.SHF,1950,3718,2013/10/22 0:00
2012/11/14,RB1305.SHF,1052238,3642,2013/5/22 0:00,RB1310.SHF,2140,3709,2013/10/22 0:00
2012/11/15,RB1305.SHF,1057280,3644,2013/5/22 0:00,RB1310.SHF,2206,3705,2013/10/22 0:00
2012/11/16,RB1305.SHF,1002998,3643,2013/5/22 0:00,RB1310.SHF,2254,3702,2013/10/22 0:00
2012/11/19,RB1305.SHF,1409880,3544,2013/5/22 0:00,RB1310.SHF,2706,3612,2013/10/22 0:00
2012/11/20,RB1305.SHF,1344640,3552,2013/5/22 0:00,RB1310.SHF,2720,3616,2013/10/22 0:00
2012/11/21,RB1305.SHF,1254238,3570,2013/5/22 0:00,RB1310.SHF,2768,3636,2013/10/22 0:00
2012/11/22,RB1305.SHF,1259764,3564,2013/5/22 0:00,RB1310.SHF,3104,3628,2013/10/22 0:00
2012/11/23,RB1305.SHF,1194220,3571,2013/5/22 0:00,RB1310.SHF,3124,3630,2013/10/22 0:00
2012/11/26,RB1305.SHF,1214056,3553,2013/5/22 0:00,RB1310.SHF,3702,3616,2013/10/22 0:00
2012/11/27,RB1305.SHF,1255278,3537,2013/5/22 0:00,RB1310.SHF,4410,3596,2013/10/22 0:00
2012/11/28,RB1305.SHF,1279238,3525,2013/5/22 0:00,RB1310.SHF,4518,3586,2013/10/22 0:00
2012/11/29,RB1305.SHF,1448140,3468,2013/5/22 0:00,RB1310.SHF,5562,3530,2013/10/22 0:00
2012/11/30,RB1305.SHF,1352618,3495,2013/5/22 0:00,RB1310.SHF,5702,3558,2013/10/22 0:00
2012/12/3,RB1305.SHF,1257752,3551,2013/5/22 0:00,RB1310.SHF,5426,3612,2013/10/22 0:00
2012/12/4,RB1305.SHF,1226182,3562,2013/5/22 0:00,RB1310.SHF,5896,3623,2013/10/22 0:00
2012/12/5,RB1305.SHF,1240148,3619,2013/5/22 0:00,RB1310.SHF,6028,3677,2013/10/22 0:00
2012/12/6,RB1305.SHF,1244484,3595,2013/5/22 0:00,RB1310.SHF,6934,3658,2013/10/22 0:00
2012/12/7,RB1305.SHF,1361540,3656,2013/5/22 0:00,RB1310.SHF,7422,3714,2013/10/22 0:00
2012/12/10,RB1305.SHF,1332976,3679,2013/5/22 0:00,RB1310.SHF,7810,3743,2013/10/22 0:00
2012/12/11,RB1305.SHF,1344042,3664,2013/5/22 0:00,RB1310.SHF,8102,3725,2013/10/22 0:00
2012/12/12,RB1305.SHF,1477650,3691,2013/5/22 0:00,RB1310.SHF,8484,3746,2013/10/22 0:00
2012/12/13,RB1305.SHF,1423328,3684,2013/5/22 0:00,RB1310.SHF,8398,3735,2013/10/22 0:00
2012/12/14,RB1305.SHF,1486718,3786,2013/5/22 0:00,RB1310.SHF,9060,3823,2013/10/22 0:00
2012/12/17,RB1305.SHF,1412708,3812,2013/5/22 0:00,RB1310.SHF,10154,3844,2013/10/22 0:00
2012/12/18,RB1305.SHF,1420642,3819,2013/5/22 0:00,RB1310.SHF,10586,3846,2013/10/22 0:00
2012/12/19,RB1305.SHF,1462176,3818,2013/5/22 0:00,RB1310.SHF,11264,3840,2013/10/22 0:00
2012/12/20,RB1305.SHF,1421808,3789,2013/5/22 0:00,RB1310.SHF,11840,3816,2013/10/22 0:00
2012/12/21,RB1305.SHF,1353428,3793,2013/5/22 0:00,RB1310.SHF,11754,3817,2013/10/22 0:00
2012/12/24,RB1305.SHF,1365516,3790,2013/5/22 0:00,RB1310.SHF,11394,3826,2013/10/22 0:00
2012/12/25,RB1305.SHF,1384046,3873,2013/5/22 0:00,RB1310.SHF,13546,3910,2013/10/22 0:00
2012/12/26,RB1305.SHF,1332364,3878,2013/5/22 0:00,RB1310.SHF,14558,3928,2013/10/22 0:00
2012/12/27,RB1305.SHF,1178716,3869,2013/5/22 0:00,RB1310.SHF,17586,3912,2013/10/22 0:00
2012/12/28,RB1305.SHF,1161322,3916,2013/5/22 0:00,RB1310.SHF,17788,3948,2013/10/22 0:00
2012/12/31,RB1305.SHF,1120288,3988,2013/5/22 0:00,RB1310.SHF,22734,4020,2013/10/22 0:00
2013/1/4,RB1305.SHF,1208310,3990,2013/5/22 0:00,RB1310.SHF,24478,4028,2013/10/22 0:00
2013/1/7,RB1305.SHF,1391856,4004,2013/5/22 0:00,RB1310.SHF,32078,4042,2013/10/22 0:00
2013/1/8,RB1305.SHF,1372826,4010,2013/5/22 0:00,RB1310.SHF,35554,4049,2013/10/22 0:00
2013/1/9,RB1305.SHF,1368910,3998,2013/5/22 0:00,RB1310.SHF,38436,4035,2013/10/22 0:00
2013/1/10,RB1305.SHF,1431692,4020,2013/5/22 0:00,RB1310.SHF,47410,4053,2013/10/22 0:00
2013/1/11,RB1305.SHF,1280732,3925,2013/5/22 0:00,RB1310.SHF,58494,3950,2013/10/22 0:00
2013/1/14,RB1305.SHF,1342386,4004,2013/5/22 0:00,RB1310.SHF,62308,4029,2013/10/22 0:00
2013/1/15,RB1305.SHF,1356304,3977,2013/5/22 0:00,RB1310.SHF,66382,4006,2013/10/22 0:00
2013/1/16,RB1305.SHF,1325568,3934,2013/5/22 0:00,RB1310.SHF,79350,3957,2013/10/22 0:00
2013/1/17,RB1305.SHF,1307512,3946,2013/5/22 0:00,RB1310.SHF,81944,3972,2013/10/22 0:00
2013/1/18,RB1305.SHF,1286920,4002,2013/5/22 0:00,RB1310.SHF,83478,4025,2013/10/22 0:00
2013/1/21,RB1305.SHF,1305804,3965,2013/5/22 0:00,RB1310.SHF,83608,3996,2013/10/22 0:00
2013/1/22,RB1305.SHF,1304862,3987,2013/5/22 0:00,RB1310.SHF,85974,4018,2013/10/22 0:00
2013/1/23,RB1305.SHF,1479668,4053,2013/5/22 0:00,RB1310.SHF,87748,4081,2013/10/22 0:00
2013/1/24,RB1305.SHF,1433814,4032,2013/5/22 0:00,RB1310.SHF,95696,4064,2013/10/22 0:00
2013/1/25,RB1305.SHF,1579068,4076,2013/5/22 0:00,RB1310.SHF,110116,4116,2013/10/22 0:00
2013/1/28,RB1305.SHF,1430354,4068,2013/5/22 0:00,RB1310.SHF,129086,4127,2013/10/22 0:00
2013/1/29,RB1305.SHF,1395986,4069,2013/5/22 0:00,RB1310.SHF,130522,4128,2013/10/22 0:00
2013/1/30,RB1305.SHF,1437552,4114,2013/5/22 0:00,RB1310.SHF,153578,4179,2013/10/22 0:00
2013/1/31,RB1305.SHF,1332500,4127,2013/5/22 0:00,RB1310.SHF,175684,4189,2013/10/22 0:00
2013/2/1,RB1305.SHF,1376852,4168,2013/5/22 0:00,RB1310.SHF,213698,4221,2013/10/22 0:00
2013/2/4,RB1305.SHF,1213904,4221,2013/5/22 0:00,RB1310.SHF,289184,4257,2013/10/22 0:00
2013/2/5,RB1305.SHF,918566,4140,2013/5/22 0:00,RB1310.SHF,446112,4284,2013/10/22 0:00
2013/2/6,RB1305.SHF,832292,4109,2013/5/22 0:00,RB1310.SHF,492362,4214,2013/10/22 0:00
2013/2/7,RB1305.SHF,686640,4124,2013/5/22 0:00,RB1310.SHF,586476,4254,2013/10/22 0:00
2013/2/8,RB1310.SHF,625286,4275,2013/10/22 0:00,RB1401.SHF,1994,4316,2014/1/22 0:00
2013/2/18,RB1310.SHF,684774,4173,2013/10/22 0:00,RB1401.SHF,2206,4207,2014/1/22 0:00
2013/2/19,RB1310.SHF,824122,4186,2013/10/22 0:00,RB1401.SHF,2824,4217,2014/1/22 0:00
2013/2/20,RB1310.SHF,937888,4171,2013/10/22 0:00,RB1401.SHF,2700,4201,2014/1/22 0:00
2013/2/21,RB1310.SHF,930782,4085,2013/10/22 0:00,RB1401.SHF,3362,4105,2014/1/22 0:00
2013/2/22,RB1310.SHF,896062,4036,2013/10/22 0:00,RB1401.SHF,3266,4064,2014/1/22 0:00
2013/2/25,RB1310.SHF,1013830,4016,2013/10/22 0:00,RB1401.SHF,4086,4038,2014/1/22 0:00
2013/2/26,RB1310.SHF,1008308,3956,2013/10/22 0:00,RB1401.SHF,4124,3980,2014/1/22 0:00
2013/2/27,RB1310.SHF,1050706,3985,2013/10/22 0:00,RB1401.SHF,4256,4009,2014/1/22 0:00
2013/2/28,RB1310.SHF,1054902,4053,2013/10/22 0:00,RB1401.SHF,4458,4077,2014/1/22 0:00
2013/3/1,RB1310.SHF,1082892,4020,2013/10/22 0:00,RB1401.SHF,4438,4044,2014/1/22 0:00
2013/3/4,RB1310.SHF,1059834,3905,2013/10/22 0:00,RB1401.SHF,4914,3920,2014/1/22 0:00
2013/3/5,RB1310.SHF,1037108,3939,2013/10/22 0:00,RB1401.SHF,4850,3962,2014/1/22 0:00
2013/3/6,RB1310.SHF,982080,3937,2013/10/22 0:00,RB1401.SHF,4938,3964,2014/1/22 0:00
2013/3/7,RB1310.SHF,1072756,3932,2013/10/22 0:00,RB1401.SHF,5024,3950,2014/1/22 0:00
2013/3/8,RB1310.SHF,1092024,3928,2013/10/22 0:00,RB1401.SHF,5208,3948,2014/1/22 0:00
2013/3/11,RB1310.SHF,1133562,3908,2013/10/22 0:00,RB1401.SHF,5326,3924,2014/1/22 0:00
2013/3/12,RB1310.SHF,1171904,3892,2013/10/22 0:00,RB1401.SHF,5546,3910,2014/1/22 0:00
2013/3/13,RB1310.SHF,1366146,3833,2013/10/22 0:00,RB1401.SHF,5872,3865,2014/1/22 0:00
2013/3/14,RB1310.SHF,1364686,3765,2013/10/22 0:00,RB1401.SHF,6392,3795,2014/1/22 0:00
2013/3/15,RB1310.SHF,1271742,3860,2013/10/22 0:00,RB1401.SHF,7012,3881,2014/1/22 0:00
2013/3/18,RB1310.SHF,1195430,3829,2013/10/22 0:00,RB1401.SHF,7448,3850,2014/1/22 0:00
2013/3/19,RB1310.SHF,1204186,3843,2013/10/22 0:00,RB1401.SHF,7498,3861,2014/1/22 0:00
2013/3/20,RB1310.SHF,1220062,3869,2013/10/22 0:00,RB1401.SHF,7668,3889,2014/1/22 0:00
2013/3/21,RB1310.SHF,1297650,3902,2013/10/22 0:00,RB1401.SHF,7610,3923,2014/1/22 0:00
2013/3/22,RB1310.SHF,1256686,3878,2013/10/22 0:00,RB1401.SHF,7606,3903,2014/1/22 0:00
2013/3/25,RB1310.SHF,1326226,3912,2013/10/22 0:00,RB1401.SHF,8310,3936,2014/1/22 0:00
2013/3/26,RB1310.SHF,1350068,3882,2013/10/22 0:00,RB1401.SHF,8240,3908,2014/1/22 0:00
2013/3/27,RB1310.SHF,1359820,3889,2013/10/22 0:00,RB1401.SHF,8240,3913,2014/1/22 0:00
2013/3/28,RB1310.SHF,1322634,3824,2013/10/22 0:00,RB1401.SHF,8462,3848,2014/1/22 0:00
2013/3/29,RB1310.SHF,1236224,3810,2013/10/22 0:00,RB1401.SHF,8796,3843,2014/1/22 0:00
2013/4/1,RB1310.SHF,1306514,3723,2013/10/22 0:00,RB1401.SHF,8706,3758,2014/1/22 0:00
2013/4/2,RB1310.SHF,1270064,3769,2013/10/22 0:00,RB1401.SHF,8396,3796,2014/1/22 0:00
2013/4/3,RB1310.SHF,1213050,3798,2013/10/22 0:00,RB1401.SHF,8254,3823,2014/1/22 0:00
2013/4/8,RB1310.SHF,1234734,3835,2013/10/22 0:00,RB1401.SHF,8370,3863,2014/1/22 0:00
2013/4/9,RB1310.SHF,1266528,3847,2013/10/22 0:00,RB1401.SHF,8140,3882,2014/1/22 0:00
2013/4/10,RB1310.SHF,1263392,3847,2013/10/22 0:00,RB1401.SHF,8252,3879,2014/1/22 0:00
2013/4/11,RB1310.SHF,1305330,3825,2013/10/22 0:00,RB1401.SHF,8948,3867,2014/1/22 0:00
2013/4/12,RB1310.SHF,1303604,3838,2013/10/22 0:00,RB1401.SHF,9246,3878,2014/1/22 0:00
2013/4/15,RB1310.SHF,1343486,3738,2013/10/22 0:00,RB1401.SHF,10250,3765,2014/1/22 0:00
2013/4/16,RB1310.SHF,1246650,3750,2013/10/22 0:00,RB1401.SHF,11710,3797,2014/1/22 0:00
2013/4/17,RB1310.SHF,1385760,3699,2013/10/22 0:00,RB1401.SHF,11542,3746,2014/1/22 0:00
2013/4/18,RB1310.SHF,1309182,3651,2013/10/22 0:00,RB1401.SHF,12858,3708,2014/1/22 0:00
2013/4/19,RB1310.SHF,1237650,3686,2013/10/22 0:00,RB1401.SHF,12796,3733,2014/1/22 0:00
2013/4/22,RB1310.SHF,1316448,3647,2013/10/22 0:00,RB1401.SHF,12800,3698,2014/1/22 0:00
2013/4/23,RB1310.SHF,1419388,3600,2013/10/22 0:00,RB1401.SHF,13098,3657,2014/1/22 0:00
2013/4/24,RB1310.SHF,1386522,3645,2013/10/22 0:00,RB1401.SHF,12986,3701,2014/1/22 0:00
2013/4/25,RB1310.SHF,1354752,3648,2013/10/22 0:00,RB1401.SHF,13100,3710,2014/1/22 0:00
2013/4/26,RB1310.SHF,1354180,3600,2013/10/22 0:00,RB1401.SHF,13416,3673,2014/1/22 0:00
2013/5/2,RB1310.SHF,1483374,3542,2013/10/22 0:00,RB1401.SHF,14138,3611,2014/1/22 0:00
2013/5/3,RB1310.SHF,1508334,3581,2013/10/22 0:00,RB1401.SHF,17366,3637,2014/1/22 0:00
2013/5/6,RB1310.SHF,1586646,3622,2013/10/22 0:00,RB1401.SHF,16428,3690,2014/1/22 0:00
2013/5/7,RB1310.SHF,1523294,3624,2013/10/22 0:00,RB1401.SHF,20734,3680,2014/1/22 0:00
2013/5/8,RB1310.SHF,1506188,3669,2013/10/22 0:00,RB1401.SHF,21718,3725,2014/1/22 0:00
2013/5/9,RB1310.SHF,1582518,3621,2013/10/22 0:00,RB1401.SHF,26752,3671,2014/1/22 0:00
2013/5/10,RB1310.SHF,1592226,3639,2013/10/22 0:00,RB1401.SHF,28264,3695,2014/1/22 0:00
2013/5/13,RB1310.SHF,1602764,3656,2013/10/22 0:00,RB1401.SHF,29898,3713,2014/1/22 0:00
2013/5/14,RB1310.SHF,1574890,3633,2013/10/22 0:00,RB1401.SHF,31238,3685,2014/1/22 0:00
2013/5/15,RB1310.SHF,1799162,3554,2013/10/22 0:00,RB1401.SHF,50782,3604,2014/1/22 0:00
2013/5/16,RB1310.SHF,1907684,3549,2013/10/22 0:00,RB1401.SHF,60040,3597,2014/1/22 0:00
2013/5/17,RB1310.SHF,1729264,3622,2013/10/22 0:00,RB1401.SHF,64198,3688,2014/1/22 0:00
2013/5/20,RB1310.SHF,1753440,3606,2013/10/22 0:00,RB1401.SHF,68964,3665,2014/1/22 0:00
2013/5/21,RB1310.SHF,1762772,3590,2013/10/22 0:00,RB1401.SHF,76802,3654,2014/1/22 0:00
2013/5/22,RB1310.SHF,1821140,3594,2013/10/22 0:00,RB1401.SHF,82164,3657,2014/1/22 0:00
2013/5/23,RB1310.SHF,1757896,3553,2013/10/22 0:00,RB1401.SHF,84930,3610,2014/1/22 0:00
2013/5/24,RB1310.SHF,1675270,3571,2013/10/22 0:00,RB1401.SHF,87206,3630,2014/1/22 0:00
2013/5/27,RB1310.SHF,1986072,3496,2013/10/22 0:00,RB1401.SHF,121710,3558,2014/1/22 0:00
2013/5/28,RB1310.SHF,2004210,3491,2013/10/22 0:00,RB1401.SHF,131298,3553,2014/1/22 0:00
2013/5/29,RB1310.SHF,2243676,3439,2013/10/22 0:00,RB1401.SHF,184110,3496,2014/1/22 0:00
2013/5/30,RB1310.SHF,2219482,3438,2013/10/22 0:00,RB1401.SHF,190502,3499,2014/1/22 0:00
2013/5/31,RB1310.SHF,2255896,3416,2013/10/22 0:00,RB1401.SHF,210518,3476,2014/1/22 0:00
2013/6/3,RB1310.SHF,2072250,3483,2013/10/22 0:00,RB1401.SHF,217416,3559,2014/1/22 0:00
2013/6/4,RB1310.SHF,1991328,3478,2013/10/22 0:00,RB1401.SHF,220010,3562,2014/1/22 0:00
2013/6/5,RB1310.SHF,1893602,3482,2013/10/22 0:00,RB1401.SHF,225504,3566,2014/1/22 0:00
2013/6/6,RB1310.SHF,1888554,3421,2013/10/22 0:00,RB1401.SHF,266176,3483,2014/1/22 0:00
2013/6/7,RB1310.SHF,1795652,3421,2013/10/22 0:00,RB1401.SHF,273380,3486,2014/1/22 0:00
2013/6/13,RB1310.SHF,1734358,3422,2013/10/22 0:00,RB1401.SHF,283148,3481,2014/1/22 0:00
2013/6/14,RB1310.SHF,1779256,3424,2013/10/22 0:00,RB1401.SHF,298794,3492,2014/1/22 0:00
2013/6/17,RB1310.SHF,1792016,3477,2013/10/22 0:00,RB1401.SHF,270320,3558,2014/1/22 0:00
2013/6/18,RB1310.SHF,1815248,3485,2013/10/22 0:00,RB1401.SHF,282798,3568,2014/1/22 0:00
2013/6/19,RB1310.SHF,1995066,3526,2013/10/22 0:00,RB1401.SHF,323692,3602,2014/1/22 0:00
2013/6/20,RB1310.SHF,1791418,3482,2013/10/22 0:00,RB1401.SHF,344514,3550,2014/1/22 0:00
2013/6/21,RB1310.SHF,1880368,3516,2013/10/22 0:00,RB1401.SHF,486192,3610,2014/1/22 0:00
2013/6/24,RB1310.SHF,1673382,3450,2013/10/22 0:00,RB1401.SHF,456458,3537,2014/1/22 0:00
2013/6/25,RB1310.SHF,1513390,3456,2013/10/22 0:00,RB1401.SHF,644890,3520,2014/1/22 0:00
2013/6/26,RB1310.SHF,1494826,3425,2013/10/22 0:00,RB1401.SHF,786782,3473,2014/1/22 0:00
2013/6/27,RB1310.SHF,1285126,3471,2013/10/22 0:00,RB1401.SHF,841920,3531,2014/1/22 0:00
2013/6/28,RB1310.SHF,1115988,3488,2013/10/22 0:00,RB1401.SHF,890670,3535,2014/1/22 0:00
2013/7/1,RB1310.SHF,1032918,3484,2013/10/22 0:00,RB1401.SHF,943024,3533,2014/1/22 0:00
2013/7/2,RB1401.SHF,1005474,3561,2014/1/22 0:00,RB1405.SHF,4292,3644,2014/5/22 0:00
2013/7/3,RB1401.SHF,1288434,3616,2014/1/22 0:00,RB1405.SHF,4530,3687,2014/5/22 0:00
2013/7/4,RB1401.SHF,1246056,3621,2014/1/22 0:00,RB1405.SHF,4596,3690,2014/5/22 0:00
2013/7/5,RB1401.SHF,1201610,3621,2014/1/22 0:00,RB1405.SHF,4548,3693,2014/5/22 0:00
2013/7/8,RB1401.SHF,1155656,3608,2014/1/22 0:00,RB1405.SHF,4558,3681,2014/5/22 0:00
2013/7/9,RB1401.SHF,1207044,3597,2014/1/22 0:00,RB1405.SHF,4552,3672,2014/5/22 0:00
2013/7/10,RB1401.SHF,1394478,3638,2014/1/22 0:00,RB1405.SHF,5220,3706,2014/5/22 0:00
2013/7/11,RB1401.SHF,1411580,3646,2014/1/22 0:00,RB1405.SHF,5146,3716,2014/5/22 0:00
2013/7/12,RB1401.SHF,1381970,3656,2014/1/22 0:00,RB1405.SHF,7980,3705,2014/5/22 0:00
2013/7/15,RB1401.SHF,1405440,3661,2014/1/22 0:00,RB1405.SHF,8368,3709,2014/5/22 0:00
2013/7/16,RB1401.SHF,1449548,3677,2014/1/22 0:00,RB1405.SHF,8924,3724,2014/5/22 0:00
2013/7/17,RB1401.SHF,1369088,3679,2014/1/22 0:00,RB1405.SHF,9716,3737,2014/5/22 0:00
2013/7/18,RB1401.SHF,1309816,3680,2014/1/22 0:00,RB1405.SHF,9590,3733,2014/5/22 0:00
2013/7/19,RB1401.SHF,1344314,3692,2014/1/22 0:00,RB1405.SHF,9854,3746,2014/5/22 0:00
2013/7/22,RB1401.SHF,1408464,3678,2014/1/22 0:00,RB1405.SHF,12032,3723,2014/5/22 0:00
2013/7/23,RB1401.SHF,1452482,3688,2014/1/22 0:00,RB1405.SHF,12324,3734,2014/5/22 0:00
2013/7/24,RB1401.SHF,1425146,3694,2014/1/22 0:00,RB1405.SHF,12284,3748,2014/5/22 0:00
2013/7/25,RB1401.SHF,1427222,3685,2014/1/22 0:00,RB1405.SHF,12382,3736,2014/5/22 0:00
2013/7/26,RB1401.SHF,1387950,3669,2014/1/22 0:00,RB1405.SHF,12272,3721,2014/5/22 0:00
2013/7/29,RB1401.SHF,1321388,3637,2014/1/22 0:00,RB1405.SHF,12912,3683,2014/5/22 0:00
2013/7/30,RB1401.SHF,1357868,3633,2014/1/22 0:00,RB1405.SHF,14618,3680,2014/5/22 0:00
2013/7/31,RB1401.SHF,1356836,3644,2014/1/22 0:00,RB1405.SHF,15188,3689,2014/5/22 0:00
2013/8/1,RB1401.SHF,1365752,3647,2014/1/22 0:00,RB1405.SHF,14690,3699,2014/5/22 0:00
2013/8/2,RB1401.SHF,1390302,3677,2014/1/22 0:00,RB1405.SHF,17296,3721,2014/5/22 0:00
2013/8/5,RB1401.SHF,1359146,3685,2014/1/22 0:00,RB1405.SHF,17718,3729,2014/5/22 0:00
2013/8/6,RB1401.SHF,1367800,3691,2014/1/22 0:00,RB1405.SHF,17748,3733,2014/5/22 0:00
2013/8/7,RB1401.SHF,1515188,3715,2014/1/22 0:00,RB1405.SHF,20770,3759,2014/5/22 0:00
2013/8/8,RB1401.SHF,1588342,3743,2014/1/22 0:00,RB1405.SHF,19558,3793,2014/5/22 0:00
2013/8/9,RB1401.SHF,1538328,3755,2014/1/22 0:00,RB1405.SHF,22092,3802,2014/5/22 0:00
2013/8/12,RB1401.SHF,1619916,3810,2014/1/22 0:00,RB1405.SHF,22950,3858,2014/5/22 0:00
2013/8/13,RB1401.SHF,1654412,3838,2014/1/22 0:00,RB1405.SHF,30052,3883,2014/5/22 0:00
2013/8/14,RB1401.SHF,1658296,3819,2014/1/22 0:00,RB1405.SHF,31836,3864,2014/5/22 0:00
2013/8/15,RB1401.SHF,1593880,3819,2014/1/22 0:00,RB1405.SHF,33582,3865,2014/5/22 0:00
2013/8/16,RB1401.SHF,1508824,3811,2014/1/22 0:00,RB1405.SHF,35090,3861,2014/5/22 0:00
2013/8/19,RB1401.SHF,1552992,3812,2014/1/22 0:00,RB1405.SHF,42710,3861,2014/5/22 0:00
2013/8/20,RB1401.SHF,1548418,3796,2014/1/22 0:00,RB1405.SHF,52694,3858,2014/5/22 0:00
2013/8/21,RB1401.SHF,1559268,3789,2014/1/22 0:00,RB1405.SHF,53856,3854,2014/5/22 0:00
2013/8/22,RB1401.SHF,1579348,3769,2014/1/22 0:00,RB1405.SHF,52448,3840,2014/5/22 0:00
2013/8/23,RB1401.SHF,1553756,3817,2014/1/22 0:00,RB1405.SHF,54606,3887,2014/5/22 0:00
2013/8/26,RB1401.SHF,1536606,3813,2014/1/22 0:00,RB1405.SHF,55756,3882,2014/5/22 0:00
2013/8/27,RB1401.SHF,1451724,3818,2014/1/22 0:00,RB1405.SHF,55818,3889,2014/5/22 0:00
2013/8/28,RB1401.SHF,1388152,3767,2014/1/22 0:00,RB1405.SHF,56790,3837,2014/5/22 0:00
2013/8/29,RB1401.SHF,1356098,3749,2014/1/22 0:00,RB1405.SHF,60200,3819,2014/5/22 0:00
2013/8/30,RB1401.SHF,1321394,3753,2014/1/22 0:00,RB1405.SHF,61332,3824,2014/5/22 0:00
2013/9/2,RB1401.SHF,1261620,3787,2014/1/22 0:00,RB1405.SHF,64604,3880,2014/5/22 0:00
2013/9/3,RB1401.SHF,1476768,3745,2014/1/22 0:00,RB1405.SHF,65656,3844,2014/5/22 0:00
2013/9/4,RB1401.SHF,1490822,3737,2014/1/22 0:00,RB1405.SHF,69274,3840,2014/5/22 0:00
2013/9/5,RB1401.SHF,1429706,3732,2014/1/22 0:00,RB1405.SHF,69710,3826,2014/5/22 0:00
2013/9/6,RB1401.SHF,1447746,3723,2014/1/22 0:00,RB1405.SHF,77344,3805,2014/5/22 0:00
2013/9/9,RB1401.SHF,1423692,3752,2014/1/22 0:00,RB1405.SHF,83654,3832,2014/5/22 0:00
2013/9/10,RB1401.SHF,1422682,3736,2014/1/22 0:00,RB1405.SHF,84650,3818,2014/5/22 0:00
2013/9/11,RB1401.SHF,1514582,3727,2014/1/22 0:00,RB1405.SHF,84540,3821,2014/5/22 0:00
2013/9/12,RB1401.SHF,1524132,3713,2014/1/22 0:00,RB1405.SHF,88672,3801,2014/5/22 0:00
2013/9/13,RB1401.SHF,1548012,3657,2014/1/22 0:00,RB1405.SHF,102364,3739,2014/5/22 0:00
2013/9/16,RB1401.SHF,1501692,3647,2014/1/22 0:00,RB1405.SHF,104210,3721,2014/5/22 0:00
2013/9/17,RB1401.SHF,1520864,3647,2014/1/22 0:00,RB1405.SHF,104742,3724,2014/5/22 0:00
2013/9/18,RB1401.SHF,1461740,3633,2014/1/22 0:00,RB1405.SHF,99484,3721,2014/5/22 0:00
2013/9/23,RB1401.SHF,1540458,3655,2014/1/22 0:00,RB1405.SHF,106778,3750,2014/5/22 0:00
2013/9/24,RB1401.SHF,1594662,3627,2014/1/22 0:00,RB1405.SHF,107862,3712,2014/5/22 0:00
2013/9/25,RB1401.SHF,1564742,3626,2014/1/22 0:00,RB1405.SHF,106308,3714,2014/5/22 0:00
2013/9/26,RB1401.SHF,1542336,3613,2014/1/22 0:00,RB1405.SHF,105670,3699,2014/5/22 0:00
2013/9/27,RB1401.SHF,1498626,3576,2014/1/22 0:00,RB1405.SHF,105012,3672,2014/5/22 0:00
2013/9/30,RB1401.SHF,1384192,3587,2014/1/22 0:00,RB1405.SHF,100726,3691,2014/5/22 0:00
2013/10/8,RB1401.SHF,1412986,3599,2014/1/22 0:00,RB1405.SHF,123704,3694,2014/5/22 0:00
2013/10/9,RB1401.SHF,1482090,3589,2014/1/22 0:00,RB1405.SHF,232574,3670,2014/5/22 0:00
2013/10/10,RB1401.SHF,1461730,3597,2014/1/22 0:00,RB1405.SHF,247660,3686,2014/5/22 0:00
2013/10/11,RB1401.SHF,1507714,3601,2014/1/22 0:00,RB1405.SHF,305650,3681,2014/5/22 0:00
2013/10/14,RB1401.SHF,1455458,3625,2014/1/22 0:00,RB1405.SHF,360554,3723,2014/5/22 0:00
2013/10/15,RB1401.SHF,1479608,3606,2014/1/22 0:00,RB1405.SHF,423612,3711,2014/5/22 0:00
2013-10-15,RB1401.SHF,1479608.0,3606.0,2014-01-22 00:00:00,RB1405.SHF,423612.0,3711.0,2014-05-22 00:00:00
2013-10-16,RB1401.SHF,1503134.0,3567.0,2014-01-22 00:00:00,RB1405.SHF,501174.0,3690.0,2014-05-22 00:00:00
2013-10-17,RB1401.SHF,1409634.0,3558.0,2014-01-22 00:00:00,RB1405.SHF,588084.0,3669.0,2014-05-22 00:00:00
2013-10-18,RB1401.SHF,1306888.0,3568.0,2014-01-22 00:00:00,RB1405.SHF,755226.0,3643.0,2014-05-22 00:00:00
2013-10-21,RB1401.SHF,1283468.0,3570.0,2014-01-22 00:00:00,RB1405.SHF,802692.0,3644.0,2014-05-22 00:00:00
2013-10-22,RB1401.SHF,1288314.0,3557.0,2014-01-22 00:00:00,RB1405.SHF,859838.0,3642.0,2014-05-22 00:00:00
2013-10-23,RB1401.SHF,1243242.0,3537.0,2014-01-22 00:00:00,RB1405.SHF,864280.0,3634.0,2014-05-22 00:00:00
2013-10-24,RB1401.SHF,1253902.0,3519.0,2014-01-22 00:00:00,RB1405.SHF,891736.0,3617.0,2014-05-22 00:00:00
2013-10-25,RB1401.SHF,1203870.0,3486.0,2014-01-22 00:00:00,RB1405.SHF,926726.0,3585.0,2014-05-22 00:00:00
2013-10-28,RB1401.SHF,1183736.0,3485.0,2014-01-22 00:00:00,RB1405.SHF,949062.0,3586.0,2014-05-22 00:00:00
2013-10-29,RB1401.SHF,1144182.0,3494.0,2014-01-22 00:00:00,RB1405.SHF,1017406.0,3608.0,2014-05-22 00:00:00
2013-10-30,RB1405.SHF,1151774.0,3645.0,2014-05-22 00:00:00,RB1410.SHF,24552.0,3696.0,2014-10-22 00:00:00
2013-10-31,RB1405.SHF,1199354.0,3636.0,2014-05-22 00:00:00,RB1410.SHF,26504.0,3694.0,2014-10-22 00:00:00
2013-11-01,RB1405.SHF,1326042.0,3671.0,2014-05-22 00:00:00,RB1410.SHF,30204.0,3730.0,2014-10-22 00:00:00
2013-11-04,RB1405.SHF,1439576.0,3677.0,2014-05-22 00:00:00,RB1410.SHF,31626.0,3733.0,2014-10-22 00:00:00
2013-11-05,RB1405.SHF,1517904.0,3669.0,2014-05-22 00:00:00,RB1410.SHF,33220.0,3727.0,2014-10-22 00:00:00
2013-11-06,RB1405.SHF,1526576.0,3642.0,2014-05-22 00:00:00,RB1410.SHF,39686.0,3693.0,2014-10-22 00:00:00
2013-11-07,RB1405.SHF,1501678.0,3679.0,2014-05-22 00:00:00,RB1410.SHF,63300.0,3719.0,2014-10-22 00:00:00
2013-11-08,RB1405.SHF,1513220.0,3661.0,2014-05-22 00:00:00,RB1410.SHF,88070.0,3701.0,2014-10-22 00:00:00
2013-11-11,RB1405.SHF,1466372.0,3668.0,2014-05-22 00:00:00,RB1410.SHF,108750.0,3700.0,2014-10-22 00:00:00
2013-11-12,RB1405.SHF,1483652.0,3670.0,2014-05-22 00:00:00,RB1410.SHF,121912.0,3699.0,2014-10-22 00:00:00
2013-11-13,RB1405.SHF,1519674.0,3647.0,2014-05-22 00:00:00,RB1410.SHF,138336.0,3674.0,2014-10-22 00:00:00
2013-11-14,RB1405.SHF,1519356.0,3620.0,2014-05-22 00:00:00,RB1410.SHF,160268.0,3644.0,2014-10-22 00:00:00
2013-11-15,RB1405.SHF,1601814.0,3591.0,2014-05-22 00:00:00,RB1410.SHF,172526.0,3624.0,2014-10-22 00:00:00
2013-11-18,RB1405.SHF,1572632.0,3592.0,2014-05-22 00:00:00,RB1410.SHF,182934.0,3629.0,2014-10-22 00:00:00
2013-11-19,RB1405.SHF,1538180.0,3624.0,2014-05-22 00:00:00,RB1410.SHF,204124.0,3661.0,2014-10-22 00:00:00
2013-11-20,RB1405.SHF,1632208.0,3646.0,2014-05-22 00:00:00,RB1410.SHF,217178.0,3682.0,2014-10-22 00:00:00
2013-11-21,RB1405.SHF,1624172.0,3612.0,2014-05-22 00:00:00,RB1410.SHF,219060.0,3653.0,2014-10-22 00:00:00
