2009/1/1 0:00,
2009/1/2 0:00,
2009/1/3 0:00,
2009/1/4 0:00,
2009/1/5 0:00,
2009/1/6 0:00,
2009/1/7 0:00,
2009/1/8 0:00,
2009/1/9 0:00,
2009/1/10 0:00,
2009/1/11 0:00,
2009/1/12 0:00,
2009/1/13 0:00,
2009/1/14 0:00,
2009/1/15 0:00,
2009/1/16 0:00,
2009/1/17 0:00,
2009/1/18 0:00,
2009/1/19 0:00,
2009/1/20 0:00,
2009/1/21 0:00,
2009/1/22 0:00,
2009/1/23 0:00,
2009/1/24 0:00,
2009/1/25 0:00,
2009/1/26 0:00,
2009/1/27 0:00,
2009/1/28 0:00,
2009/1/29 0:00,
2009/1/30 0:00,
2009/1/31 0:00,
2009/2/1 0:00,
2009/2/2 0:00,
2009/2/3 0:00,
2009/2/4 0:00,
2009/2/5 0:00,
2009/2/6 0:00,
2009/2/7 0:00,
2009/2/8 0:00,
2009/2/9 0:00,
2009/2/10 0:00,
2009/2/11 0:00,
2009/2/12 0:00,
2009/2/13 0:00,
2009/2/14 0:00,
2009/2/15 0:00,
2009/2/16 0:00,
2009/2/17 0:00,
2009/2/18 0:00,
2009/2/19 0:00,
2009/2/20 0:00,
2009/2/21 0:00,
2009/2/22 0:00,
2009/2/23 0:00,
2009/2/24 0:00,
2009/2/25 0:00,
2009/2/26 0:00,
2009/2/27 0:00,
2009/2/28 0:00,
2009/3/1 0:00,
2009/3/2 0:00,
2009/3/3 0:00,
2009/3/4 0:00,
2009/3/5 0:00,
2009/3/6 0:00,
2009/3/7 0:00,
2009/3/8 0:00,
2009/3/9 0:00,
2009/3/10 0:00,
2009/3/11 0:00,
2009/3/12 0:00,
2009/3/13 0:00,
2009/3/14 0:00,
2009/3/15 0:00,
2009/3/16 0:00,
2009/3/17 0:00,
2009/3/18 0:00,
2009/3/19 0:00,
2009/3/20 0:00,
2009/3/21 0:00,
2009/3/22 0:00,
2009/3/23 0:00,
2009/3/24 0:00,
2009/3/25 0:00,
2009/3/26 0:00,
2009/3/27 0:00,
2009/3/28 0:00,
2009/3/29 0:00,
2009/3/30 0:00,
2009/3/31 0:00,
2009/4/1 0:00,
2009/4/2 0:00,
2009/4/3 0:00,
2009/4/4 0:00,
2009/4/5 0:00,
2009/4/6 0:00,
2009/4/7 0:00,
2009/4/8 0:00,
2009/4/9 0:00,
2009/4/10 0:00,
2009/4/11 0:00,
2009/4/12 0:00,
2009/4/13 0:00,
2009/4/14 0:00,
2009/4/15 0:00,
2009/4/16 0:00,
2009/4/17 0:00,
2009/4/18 0:00,
2009/4/19 0:00,
2009/4/20 0:00,
2009/4/21 0:00,
2009/4/22 0:00,
2009/4/23 0:00,
2009/4/24 0:00,
2009/4/25 0:00,
2009/4/26 0:00,
2009/4/27 0:00,
2009/4/28 0:00,
2009/4/29 0:00,
2009/4/30 0:00,
2009/5/1 0:00,
2009/5/2 0:00,
2009/5/3 0:00,
2009/5/4 0:00,
2009/5/5 0:00,
2009/5/6 0:00,
2009/5/7 0:00,
2009/5/8 0:00,
2009/5/9 0:00,
2009/5/10 0:00,
2009/5/11 0:00,
2009/5/12 0:00,
2009/5/13 0:00,
2009/5/14 0:00,
2009/5/15 0:00,
2009/5/16 0:00,
2009/5/17 0:00,
2009/5/18 0:00,
2009/5/19 0:00,
2009/5/20 0:00,
2009/5/21 0:00,
2009/5/22 0:00,
2009/5/23 0:00,
2009/5/24 0:00,
2009/5/25 0:00,
2009/5/26 0:00,
2009/5/27 0:00,
2009/5/28 0:00,
2009/5/29 0:00,
2009/5/30 0:00,
2009/5/31 0:00,
2009/6/1 0:00,
2009/6/2 0:00,
2009/6/3 0:00,
2009/6/4 0:00,
2009/6/5 0:00,
2009/6/6 0:00,
2009/6/7 0:00,
2009/6/8 0:00,
2009/6/9 0:00,
2009/6/10 0:00,
2009/6/11 0:00,
2009/6/12 0:00,
2009/6/13 0:00,
2009/6/14 0:00,
2009/6/15 0:00,
2009/6/16 0:00,
2009/6/17 0:00,
2009/6/18 0:00,
2009/6/19 0:00,
2009/6/20 0:00,
2009/6/21 0:00,
2009/6/22 0:00,
2009/6/23 0:00,
2009/6/24 0:00,
2009/6/25 0:00,
2009/6/26 0:00,
2009/6/27 0:00,
2009/6/28 0:00,
2009/6/29 0:00,
2009/6/30 0:00,
2009/7/1 0:00,
2009/7/2 0:00,
2009/7/3 0:00,
2009/7/4 0:00,
2009/7/5 0:00,
2009/7/6 0:00,
2009/7/7 0:00,
2009/7/8 0:00,
2009/7/9 0:00,
2009/7/10 0:00,
2009/7/11 0:00,
2009/7/12 0:00,
2009/7/13 0:00,
2009/7/14 0:00,
2009/7/15 0:00,
2009/7/16 0:00,
2009/7/17 0:00,
2009/7/18 0:00,
2009/7/19 0:00,
2009/7/20 0:00,
2009/7/21 0:00,
2009/7/22 0:00,
2009/7/23 0:00,
2009/7/24 0:00,
2009/7/25 0:00,
2009/7/26 0:00,
2009/7/27 0:00,
2009/7/28 0:00,
2009/7/29 0:00,
2009/7/30 0:00,
2009/7/31 0:00,
2009/8/1 0:00,
2009/8/2 0:00,
2009/8/3 0:00,
2009/8/4 0:00,
2009/8/5 0:00,
2009/8/6 0:00,
2009/8/7 0:00,
2009/8/8 0:00,
2009/8/9 0:00,
2009/8/10 0:00,
2009/8/11 0:00,
2009/8/12 0:00,
2009/8/13 0:00,
2009/8/14 0:00,
2009/8/15 0:00,
2009/8/16 0:00,
2009/8/17 0:00,
2009/8/18 0:00,
2009/8/19 0:00,
2009/8/20 0:00,
2009/8/21 0:00,
2009/8/22 0:00,
2009/8/23 0:00,
2009/8/24 0:00,
2009/8/25 0:00,
2009/8/26 0:00,
2009/8/27 0:00,
2009/8/28 0:00,
2009/8/29 0:00,
2009/8/30 0:00,
2009/8/31 0:00,
2009/9/1 0:00,
2009/9/2 0:00,
2009/9/3 0:00,
2009/9/4 0:00,
2009/9/5 0:00,
2009/9/6 0:00,
2009/9/7 0:00,
2009/9/8 0:00,
2009/9/9 0:00,
2009/9/10 0:00,
2009/9/11 0:00,
2009/9/12 0:00,
2009/9/13 0:00,
2009/9/14 0:00,
2009/9/15 0:00,
2009/9/16 0:00,
2009/9/17 0:00,
2009/9/18 0:00,
2009/9/19 0:00,
2009/9/20 0:00,
2009/9/21 0:00,
2009/9/22 0:00,
2009/9/23 0:00,
2009/9/24 0:00,
2009/9/25 0:00,
2009/9/26 0:00,
2009/9/27 0:00,
2009/9/28 0:00,
2009/9/29 0:00,
2009/9/30 0:00,
2009/10/1 0:00,
2009/10/2 0:00,
2009/10/3 0:00,
2009/10/4 0:00,
2009/10/5 0:00,
2009/10/6 0:00,
2009/10/7 0:00,
2009/10/8 0:00,
2009/10/9 0:00,
2009/10/10 0:00,
2009/10/11 0:00,
2009/10/12 0:00,
2009/10/13 0:00,
2009/10/14 0:00,
2009/10/15 0:00,
2009/10/16 0:00,
2009/10/17 0:00,
2009/10/18 0:00,
2009/10/19 0:00,
2009/10/20 0:00,
2009/10/21 0:00,
2009/10/22 0:00,
2009/10/23 0:00,
2009/10/24 0:00,
2009/10/25 0:00,
2009/10/26 0:00,
2009/10/27 0:00,
2009/10/28 0:00,
2009/10/29 0:00,
2009/10/30 0:00,
2009/10/31 0:00,
2009/11/1 0:00,
2009/11/2 0:00,
2009/11/3 0:00,
2009/11/4 0:00,
2009/11/5 0:00,
2009/11/6 0:00,
2009/11/7 0:00,
2009/11/8 0:00,
2009/11/9 0:00,
2009/11/10 0:00,
2009/11/11 0:00,
2009/11/12 0:00,
2009/11/13 0:00,
2009/11/14 0:00,
2009/11/15 0:00,
2009/11/16 0:00,
2009/11/17 0:00,
2009/11/18 0:00,
2009/11/19 0:00,
2009/11/20 0:00,
2009/11/21 0:00,
2009/11/22 0:00,
2009/11/23 0:00,
2009/11/24 0:00,
2009/11/25 0:00,
2009/11/26 0:00,
2009/11/27 0:00,
2009/11/28 0:00,
2009/11/29 0:00,
2009/11/30 0:00,
2009/12/1 0:00,
2009/12/2 0:00,
2009/12/3 0:00,
2009/12/4 0:00,
2009/12/5 0:00,
2009/12/6 0:00,
2009/12/7 0:00,
2009/12/8 0:00,
2009/12/9 0:00,
2009/12/10 0:00,
2009/12/11 0:00,
2009/12/12 0:00,
2009/12/13 0:00,
2009/12/14 0:00,
2009/12/15 0:00,
2009/12/16 0:00,
2009/12/17 0:00,
2009/12/18 0:00,
2009/12/19 0:00,
2009/12/20 0:00,
2009/12/21 0:00,
2009/12/22 0:00,
2009/12/23 0:00,
2009/12/24 0:00,
2009/12/25 0:00,
2009/12/26 0:00,
2009/12/27 0:00,
2009/12/28 0:00,
2009/12/29 0:00,
2009/12/30 0:00,
2009/12/31 0:00,
2010/1/1 0:00,
2010/1/2 0:00,
2010/1/3 0:00,
2010/1/4 0:00,
2010/1/5 0:00,
2010/1/6 0:00,
2010/1/7 0:00,
2010/1/8 0:00,
2010/1/9 0:00,
2010/1/10 0:00,
2010/1/11 0:00,
2010/1/12 0:00,
2010/1/13 0:00,
2010/1/14 0:00,
2010/1/15 0:00,
2010/1/16 0:00,
2010/1/17 0:00,
2010/1/18 0:00,
2010/1/19 0:00,
2010/1/20 0:00,
2010/1/21 0:00,
2010/1/22 0:00,
2010/1/23 0:00,
2010/1/24 0:00,
2010/1/25 0:00,
2010/1/26 0:00,
2010/1/27 0:00,
2010/1/28 0:00,
2010/1/29 0:00,
2010/1/30 0:00,
2010/1/31 0:00,
2010/2/1 0:00,
2010/2/2 0:00,
2010/2/3 0:00,
2010/2/4 0:00,
2010/2/5 0:00,
2010/2/6 0:00,
2010/2/7 0:00,
2010/2/8 0:00,
2010/2/9 0:00,
2010/2/10 0:00,
2010/2/11 0:00,
2010/2/12 0:00,
2010/2/13 0:00,
2010/2/14 0:00,
2010/2/15 0:00,
2010/2/16 0:00,
2010/2/17 0:00,
2010/2/18 0:00,
2010/2/19 0:00,
2010/2/20 0:00,
2010/2/21 0:00,
2010/2/22 0:00,
2010/2/23 0:00,
2010/2/24 0:00,
2010/2/25 0:00,
2010/2/26 0:00,
2010/2/27 0:00,
2010/2/28 0:00,
2010/3/1 0:00,
2010/3/2 0:00,
2010/3/3 0:00,
2010/3/4 0:00,
2010/3/5 0:00,
2010/3/6 0:00,
2010/3/7 0:00,
2010/3/8 0:00,
2010/3/9 0:00,
2010/3/10 0:00,
2010/3/11 0:00,
2010/3/12 0:00,
2010/3/13 0:00,
2010/3/14 0:00,
2010/3/15 0:00,
2010/3/16 0:00,
2010/3/17 0:00,
2010/3/18 0:00,
2010/3/19 0:00,
2010/3/20 0:00,
2010/3/21 0:00,
2010/3/22 0:00,
2010/3/23 0:00,
2010/3/24 0:00,
2010/3/25 0:00,
2010/3/26 0:00,
2010/3/27 0:00,
2010/3/28 0:00,
2010/3/29 0:00,
2010/3/30 0:00,
2010/3/31 0:00,
2010/4/1 0:00,
2010/4/2 0:00,
2010/4/3 0:00,
2010/4/4 0:00,
2010/4/5 0:00,
2010/4/6 0:00,
2010/4/7 0:00,
2010/4/8 0:00,
2010/4/9 0:00,
2010/4/10 0:00,
2010/4/11 0:00,
2010/4/12 0:00,
2010/4/13 0:00,
2010/4/14 0:00,
2010/4/15 0:00,
2010/4/16 0:00,
2010/4/17 0:00,
2010/4/18 0:00,
2010/4/19 0:00,
2010/4/20 0:00,
2010/4/21 0:00,
2010/4/22 0:00,
2010/4/23 0:00,
2010/4/24 0:00,
2010/4/25 0:00,
2010/4/26 0:00,
2010/4/27 0:00,
2010/4/28 0:00,
2010/4/29 0:00,
2010/4/30 0:00,
2010/5/1 0:00,
2010/5/2 0:00,
2010/5/3 0:00,
2010/5/4 0:00,
2010/5/5 0:00,
2010/5/6 0:00,
2010/5/7 0:00,
2010/5/8 0:00,
2010/5/9 0:00,
2010/5/10 0:00,
2010/5/11 0:00,
2010/5/12 0:00,
2010/5/13 0:00,
2010/5/14 0:00,
2010/5/15 0:00,
2010/5/16 0:00,
2010/5/17 0:00,
2010/5/18 0:00,
2010/5/19 0:00,
2010/5/20 0:00,
2010/5/21 0:00,
2010/5/22 0:00,
2010/5/23 0:00,
2010/5/24 0:00,
2010/5/25 0:00,
2010/5/26 0:00,
2010/5/27 0:00,
2010/5/28 0:00,
2010/5/29 0:00,
2010/5/30 0:00,
2010/5/31 0:00,
2010/6/1 0:00,
2010/6/2 0:00,
2010/6/3 0:00,
2010/6/4 0:00,
2010/6/5 0:00,
2010/6/6 0:00,
2010/6/7 0:00,
2010/6/8 0:00,
2010/6/9 0:00,
2010/6/10 0:00,
2010/6/11 0:00,
2010/6/12 0:00,
2010/6/13 0:00,
2010/6/14 0:00,
2010/6/15 0:00,
2010/6/16 0:00,
2010/6/17 0:00,
2010/6/18 0:00,
2010/6/19 0:00,
2010/6/20 0:00,
2010/6/21 0:00,
2010/6/22 0:00,
2010/6/23 0:00,
2010/6/24 0:00,
2010/6/25 0:00,
2010/6/26 0:00,
2010/6/27 0:00,
2010/6/28 0:00,
2010/6/29 0:00,
2010/6/30 0:00,
2010/7/1 0:00,
2010/7/2 0:00,
2010/7/3 0:00,
2010/7/4 0:00,
2010/7/5 0:00,
2010/7/6 0:00,
2010/7/7 0:00,
2010/7/8 0:00,
2010/7/9 0:00,
2010/7/10 0:00,
2010/7/11 0:00,
2010/7/12 0:00,
2010/7/13 0:00,
2010/7/14 0:00,
2010/7/15 0:00,
2010/7/16 0:00,
2010/7/17 0:00,
2010/7/18 0:00,
2010/7/19 0:00,
2010/7/20 0:00,
2010/7/21 0:00,
2010/7/22 0:00,
2010/7/23 0:00,
2010/7/24 0:00,
2010/7/25 0:00,
2010/7/26 0:00,
2010/7/27 0:00,
2010/7/28 0:00,
2010/7/29 0:00,
2010/7/30 0:00,
2010/7/31 0:00,
2010/8/1 0:00,
2010/8/2 0:00,
2010/8/3 0:00,
2010/8/4 0:00,
2010/8/5 0:00,
2010/8/6 0:00,
2010/8/7 0:00,
2010/8/8 0:00,
2010/8/9 0:00,
2010/8/10 0:00,
2010/8/11 0:00,
2010/8/12 0:00,
2010/8/13 0:00,
2010/8/14 0:00,
2010/8/15 0:00,
2010/8/16 0:00,
2010/8/17 0:00,
2010/8/18 0:00,
2010/8/19 0:00,
2010/8/20 0:00,
2010/8/21 0:00,
2010/8/22 0:00,
2010/8/23 0:00,
2010/8/24 0:00,
2010/8/25 0:00,
2010/8/26 0:00,
2010/8/27 0:00,
2010/8/28 0:00,
2010/8/29 0:00,
2010/8/30 0:00,
2010/8/31 0:00,
2010/9/1 0:00,
2010/9/2 0:00,
2010/9/3 0:00,
2010/9/4 0:00,
2010/9/5 0:00,
2010/9/6 0:00,
2010/9/7 0:00,
2010/9/8 0:00,
2010/9/9 0:00,
2010/9/10 0:00,
2010/9/11 0:00,
2010/9/12 0:00,
2010/9/13 0:00,
2010/9/14 0:00,
2010/9/15 0:00,
2010/9/16 0:00,
2010/9/17 0:00,
2010/9/18 0:00,
2010/9/19 0:00,
2010/9/20 0:00,
2010/9/21 0:00,
2010/9/22 0:00,
2010/9/23 0:00,
2010/9/24 0:00,
2010/9/25 0:00,
2010/9/26 0:00,
2010/9/27 0:00,
2010/9/28 0:00,
2010/9/29 0:00,
2010/9/30 0:00,
2010/10/1 0:00,
2010/10/2 0:00,
2010/10/3 0:00,
2010/10/4 0:00,
2010/10/5 0:00,
2010/10/6 0:00,
2010/10/7 0:00,
2010/10/8 0:00,
2010/10/9 0:00,
2010/10/10 0:00,
2010/10/11 0:00,
2010/10/12 0:00,
2010/10/13 0:00,
2010/10/14 0:00,
2010/10/15 0:00,
2010/10/16 0:00,
2010/10/17 0:00,
2010/10/18 0:00,
2010/10/19 0:00,
2010/10/20 0:00,
2010/10/21 0:00,
2010/10/22 0:00,
2010/10/23 0:00,
2010/10/24 0:00,
2010/10/25 0:00,
2010/10/26 0:00,
2010/10/27 0:00,
2010/10/28 0:00,
2010/10/29 0:00,
2010/10/30 0:00,
2010/10/31 0:00,
2010/11/1 0:00,
2010/11/2 0:00,
2010/11/3 0:00,
2010/11/4 0:00,
2010/11/5 0:00,
2010/11/6 0:00,
2010/11/7 0:00,
2010/11/8 0:00,
2010/11/9 0:00,
2010/11/10 0:00,
2010/11/11 0:00,
2010/11/12 0:00,
2010/11/13 0:00,
2010/11/14 0:00,
2010/11/15 0:00,
2010/11/16 0:00,
2010/11/17 0:00,
2010/11/18 0:00,
2010/11/19 0:00,
2010/11/20 0:00,
2010/11/21 0:00,
2010/11/22 0:00,
2010/11/23 0:00,
2010/11/24 0:00,
2010/11/25 0:00,
2010/11/26 0:00,
2010/11/27 0:00,
2010/11/28 0:00,
2010/11/29 0:00,
2010/11/30 0:00,
2010/12/1 0:00,
2010/12/2 0:00,
2010/12/3 0:00,
2010/12/4 0:00,
2010/12/5 0:00,
2010/12/6 0:00,
2010/12/7 0:00,
2010/12/8 0:00,
2010/12/9 0:00,
2010/12/10 0:00,
2010/12/11 0:00,
2010/12/12 0:00,
2010/12/13 0:00,
2010/12/14 0:00,
2010/12/15 0:00,
2010/12/16 0:00,
2010/12/17 0:00,
2010/12/18 0:00,
2010/12/19 0:00,
2010/12/20 0:00,
2010/12/21 0:00,
2010/12/22 0:00,
2010/12/23 0:00,
2010/12/24 0:00,
2010/12/25 0:00,
2010/12/26 0:00,
2010/12/27 0:00,
2010/12/28 0:00,
2010/12/29 0:00,
2010/12/30 0:00,
2010/12/31 0:00,
2011/1/1 0:00,
2011/1/2 0:00,
2011/1/3 0:00,
2011/1/4 0:00,
2011/1/5 0:00,
2011/1/6 0:00,
2011/1/7 0:00,
2011/1/8 0:00,
2011/1/9 0:00,
2011/1/10 0:00,
2011/1/11 0:00,
2011/1/12 0:00,
2011/1/13 0:00,
2011/1/14 0:00,
2011/1/15 0:00,
2011/1/16 0:00,
2011/1/17 0:00,
2011/1/18 0:00,
2011/1/19 0:00,
2011/1/20 0:00,
2011/1/21 0:00,
2011/1/22 0:00,
2011/1/23 0:00,
2011/1/24 0:00,
2011/1/25 0:00,
2011/1/26 0:00,
2011/1/27 0:00,
2011/1/28 0:00,
2011/1/29 0:00,
2011/1/30 0:00,
2011/1/31 0:00,
2011/2/1 0:00,
2011/2/2 0:00,
2011/2/3 0:00,
2011/2/4 0:00,
2011/2/5 0:00,
2011/2/6 0:00,
2011/2/7 0:00,
2011/2/8 0:00,
2011/2/9 0:00,
2011/2/10 0:00,
2011/2/11 0:00,
2011/2/12 0:00,
2011/2/13 0:00,
2011/2/14 0:00,
2011/2/15 0:00,
2011/2/16 0:00,
2011/2/17 0:00,
2011/2/18 0:00,
2011/2/19 0:00,
2011/2/20 0:00,
2011/2/21 0:00,
2011/2/22 0:00,
2011/2/23 0:00,
2011/2/24 0:00,
2011/2/25 0:00,
2011/2/26 0:00,
2011/2/27 0:00,
2011/2/28 0:00,
2011/3/1 0:00,
2011/3/2 0:00,
2011/3/3 0:00,
2011/3/4 0:00,
2011/3/5 0:00,
2011/3/6 0:00,
2011/3/7 0:00,
2011/3/8 0:00,
2011/3/9 0:00,
2011/3/10 0:00,
2011/3/11 0:00,
2011/3/12 0:00,
2011/3/13 0:00,
2011/3/14 0:00,
2011/3/15 0:00,
2011/3/16 0:00,
2011/3/17 0:00,
2011/3/18 0:00,
2011/3/19 0:00,
2011/3/20 0:00,
2011/3/21 0:00,
2011/3/22 0:00,
2011/3/23 0:00,
2011/3/24 0:00,
2011/3/25 0:00,
2011/3/26 0:00,
2011/3/27 0:00,
2011/3/28 0:00,
2011/3/29 0:00,
2011/3/30 0:00,
2011/3/31 0:00,
2011/4/1 0:00,
2011/4/2 0:00,
2011/4/3 0:00,
2011/4/4 0:00,
2011/4/5 0:00,
2011/4/6 0:00,
2011/4/7 0:00,
2011/4/8 0:00,
2011/4/9 0:00,
2011/4/10 0:00,
2011/4/11 0:00,
2011/4/12 0:00,
2011/4/13 0:00,
2011/4/14 0:00,
2011/4/15 0:00,
2011/4/16 0:00,
2011/4/17 0:00,
2011/4/18 0:00,
2011/4/19 0:00,
2011/4/20 0:00,
2011/4/21 0:00,
2011/4/22 0:00,
2011/4/23 0:00,
2011/4/24 0:00,
2011/4/25 0:00,
2011/4/26 0:00,
2011/4/27 0:00,
2011/4/28 0:00,
2011/4/29 0:00,
2011/4/30 0:00,
2011/5/1 0:00,
2011/5/2 0:00,
2011/5/3 0:00,
2011/5/4 0:00,
2011/5/5 0:00,
2011/5/6 0:00,
2011/5/7 0:00,
2011/5/8 0:00,
2011/5/9 0:00,
2011/5/10 0:00,
2011/5/11 0:00,
2011/5/12 0:00,
2011/5/13 0:00,
2011/5/14 0:00,
2011/5/15 0:00,
2011/5/16 0:00,
2011/5/17 0:00,
2011/5/18 0:00,
2011/5/19 0:00,
2011/5/20 0:00,
2011/5/21 0:00,
2011/5/22 0:00,
2011/5/23 0:00,
2011/5/24 0:00,
2011/5/25 0:00,
2011/5/26 0:00,
2011/5/27 0:00,
2011/5/28 0:00,
2011/5/29 0:00,
2011/5/30 0:00,
2011/5/31 0:00,
2011/6/1 0:00,
2011/6/2 0:00,
2011/6/3 0:00,
2011/6/4 0:00,
2011/6/5 0:00,
2011/6/6 0:00,
2011/6/7 0:00,
2011/6/8 0:00,
2011/6/9 0:00,
2011/6/10 0:00,
2011/6/11 0:00,
2011/6/12 0:00,
2011/6/13 0:00,
2011/6/14 0:00,
2011/6/15 0:00,
2011/6/16 0:00,
2011/6/17 0:00,
2011/6/18 0:00,
2011/6/19 0:00,
2011/6/20 0:00,
2011/6/21 0:00,
2011/6/22 0:00,
2011/6/23 0:00,
2011/6/24 0:00,
2011/6/25 0:00,
2011/6/26 0:00,
2011/6/27 0:00,
2011/6/28 0:00,
2011/6/29 0:00,
2011/6/30 0:00,
2011/7/1 0:00,
2011/7/2 0:00,
2011/7/3 0:00,
2011/7/4 0:00,
2011/7/5 0:00,
2011/7/6 0:00,
2011/7/7 0:00,
2011/7/8 0:00,
2011/7/9 0:00,
2011/7/10 0:00,
2011/7/11 0:00,
2011/7/12 0:00,
2011/7/13 0:00,
2011/7/14 0:00,
2011/7/15 0:00,
2011/7/16 0:00,
2011/7/17 0:00,
2011/7/18 0:00,
2011/7/19 0:00,
2011/7/20 0:00,
2011/7/21 0:00,
2011/7/22 0:00,
2011/7/23 0:00,
2011/7/24 0:00,
2011/7/25 0:00,
2011/7/26 0:00,
2011/7/27 0:00,
2011/7/28 0:00,
2011/7/29 0:00,
2011/7/30 0:00,
2011/7/31 0:00,
2011/8/1 0:00,
2011/8/2 0:00,
2011/8/3 0:00,
2011/8/4 0:00,
2011/8/5 0:00,
2011/8/6 0:00,
2011/8/7 0:00,
2011/8/8 0:00,
2011/8/9 0:00,
2011/8/10 0:00,
2011/8/11 0:00,
2011/8/12 0:00,
2011/8/13 0:00,
2011/8/14 0:00,
2011/8/15 0:00,
2011/8/16 0:00,
2011/8/17 0:00,
2011/8/18 0:00,
2011/8/19 0:00,
2011/8/20 0:00,
2011/8/21 0:00,
2011/8/22 0:00,
2011/8/23 0:00,
2011/8/24 0:00,
2011/8/25 0:00,
2011/8/26 0:00,
2011/8/27 0:00,
2011/8/28 0:00,
2011/8/29 0:00,
2011/8/30 0:00,
2011/8/31 0:00,
2011/9/1 0:00,
2011/9/2 0:00,
2011/9/3 0:00,
2011/9/4 0:00,
2011/9/5 0:00,
2011/9/6 0:00,
2011/9/7 0:00,
2011/9/8 0:00,
2011/9/9 0:00,
2011/9/10 0:00,
2011/9/11 0:00,
2011/9/12 0:00,
2011/9/13 0:00,
2011/9/14 0:00,
2011/9/15 0:00,
2011/9/16 0:00,
2011/9/17 0:00,
2011/9/18 0:00,
2011/9/19 0:00,
2011/9/20 0:00,
2011/9/21 0:00,
2011/9/22 0:00,
2011/9/23 0:00,
2011/9/24 0:00,
2011/9/25 0:00,
2011/9/26 0:00,
2011/9/27 0:00,
2011/9/28 0:00,
2011/9/29 0:00,
2011/9/30 0:00,
2011/10/1 0:00,
2011/10/2 0:00,
2011/10/3 0:00,
2011/10/4 0:00,
2011/10/5 0:00,
2011/10/6 0:00,
2011/10/7 0:00,
2011/10/8 0:00,
2011/10/9 0:00,
2011/10/10 0:00,
2011/10/11 0:00,
2011/10/12 0:00,
2011/10/13 0:00,
2011/10/14 0:00,
2011/10/15 0:00,
2011/10/16 0:00,
2011/10/17 0:00,
2011/10/18 0:00,
2011/10/19 0:00,
2011/10/20 0:00,
2011/10/21 0:00,
2011/10/22 0:00,
2011/10/23 0:00,
2011/10/24 0:00,
2011/10/25 0:00,
2011/10/26 0:00,
2011/10/27 0:00,
2011/10/28 0:00,
2011/10/29 0:00,
2011/10/30 0:00,
2011/10/31 0:00,
2011/11/1 0:00,
2011/11/2 0:00,
2011/11/3 0:00,
2011/11/4 0:00,
2011/11/5 0:00,
2011/11/6 0:00,
2011/11/7 0:00,
2011/11/8 0:00,
2011/11/9 0:00,
2011/11/10 0:00,
2011/11/11 0:00,
2011/11/12 0:00,
2011/11/13 0:00,
2011/11/14 0:00,
2011/11/15 0:00,
2011/11/16 0:00,
2011/11/17 0:00,
2011/11/18 0:00,
2011/11/19 0:00,
2011/11/20 0:00,
2011/11/21 0:00,
2011/11/22 0:00,
2011/11/23 0:00,
2011/11/24 0:00,
2011/11/25 0:00,
2011/11/26 0:00,
2011/11/27 0:00,
2011/11/28 0:00,
2011/11/29 0:00,
2011/11/30 0:00,
2011/12/1 0:00,
2011/12/2 0:00,
2011/12/3 0:00,
2011/12/4 0:00,
2011/12/5 0:00,
2011/12/6 0:00,
2011/12/7 0:00,
2011/12/8 0:00,
2011/12/9 0:00,
2011/12/10 0:00,
2011/12/11 0:00,
2011/12/12 0:00,
2011/12/13 0:00,
2011/12/14 0:00,
2011/12/15 0:00,
2011/12/16 0:00,
2011/12/17 0:00,
2011/12/18 0:00,
2011/12/19 0:00,
2011/12/20 0:00,
2011/12/21 0:00,
2011/12/22 0:00,
2011/12/23 0:00,
2011/12/24 0:00,
2011/12/25 0:00,
2011/12/26 0:00,
2011/12/27 0:00,
2011/12/28 0:00,
2011/12/29 0:00,
2011/12/30 0:00,
2011/12/31 0:00,
2012/1/1 0:00,
2012/1/2 0:00,
2012/1/3 0:00,
2012/1/4 0:00,
2012/1/5 0:00,
2012/1/6 0:00,
2012/1/7 0:00,
2012/1/8 0:00,
2012/1/9 0:00,
2012/1/10 0:00,
2012/1/11 0:00,
2012/1/12 0:00,
2012/1/13 0:00,
2012/1/14 0:00,
2012/1/15 0:00,
2012/1/16 0:00,
2012/1/17 0:00,
2012/1/18 0:00,
2012/1/19 0:00,
2012/1/20 0:00,
2012/1/21 0:00,
2012/1/22 0:00,
2012/1/23 0:00,
2012/1/24 0:00,
2012/1/25 0:00,
2012/1/26 0:00,
2012/1/27 0:00,
2012/1/28 0:00,
2012/1/29 0:00,
2012/1/30 0:00,
2012/1/31 0:00,
2012/2/1 0:00,
2012/2/2 0:00,
2012/2/3 0:00,
2012/2/4 0:00,
2012/2/5 0:00,
2012/2/6 0:00,
2012/2/7 0:00,
2012/2/8 0:00,
2012/2/9 0:00,
2012/2/10 0:00,
2012/2/11 0:00,
2012/2/12 0:00,
2012/2/13 0:00,
2012/2/14 0:00,
2012/2/15 0:00,
2012/2/16 0:00,
2012/2/17 0:00,
2012/2/18 0:00,
2012/2/19 0:00,
2012/2/20 0:00,
2012/2/21 0:00,
2012/2/22 0:00,
2012/2/23 0:00,
2012/2/24 0:00,
2012/2/25 0:00,
2012/2/26 0:00,
2012/2/27 0:00,
2012/2/28 0:00,
2012/2/29 0:00,
2012/3/1 0:00,
2012/3/2 0:00,
2012/3/3 0:00,
2012/3/4 0:00,
2012/3/5 0:00,
2012/3/6 0:00,
2012/3/7 0:00,
2012/3/8 0:00,
2012/3/9 0:00,
2012/3/10 0:00,
2012/3/11 0:00,
2012/3/12 0:00,
2012/3/13 0:00,
2012/3/14 0:00,
2012/3/15 0:00,
2012/3/16 0:00,
2012/3/17 0:00,
2012/3/18 0:00,
2012/3/19 0:00,
2012/3/20 0:00,
2012/3/21 0:00,
2012/3/22 0:00,
2012/3/23 0:00,
2012/3/24 0:00,
2012/3/25 0:00,
2012/3/26 0:00,
2012/3/27 0:00,
2012/3/28 0:00,
2012/3/29 0:00,
2012/3/30 0:00,
2012/3/31 0:00,
2012/4/1 0:00,
2012/4/2 0:00,
2012/4/3 0:00,
2012/4/4 0:00,
2012/4/5 0:00,
2012/4/6 0:00,
2012/4/7 0:00,
2012/4/8 0:00,
2012/4/9 0:00,
2012/4/10 0:00,
2012/4/11 0:00,
2012/4/12 0:00,
2012/4/13 0:00,
2012/4/14 0:00,
2012/4/15 0:00,
2012/4/16 0:00,
2012/4/17 0:00,
2012/4/18 0:00,
2012/4/19 0:00,
2012/4/20 0:00,
2012/4/21 0:00,
2012/4/22 0:00,
2012/4/23 0:00,
2012/4/24 0:00,
2012/4/25 0:00,
2012/4/26 0:00,
2012/4/27 0:00,
2012/4/28 0:00,
2012/4/29 0:00,
2012/4/30 0:00,
2012/5/1 0:00,
2012/5/2 0:00,
2012/5/3 0:00,
2012/5/4 0:00,
2012/5/5 0:00,
2012/5/6 0:00,
2012/5/7 0:00,
2012/5/8 0:00,
2012/5/9 0:00,
2012/5/10 0:00,
2012/5/11 0:00,
2012/5/12 0:00,
2012/5/13 0:00,
2012/5/14 0:00,
2012/5/15 0:00,
2012/5/16 0:00,
2012/5/17 0:00,
2012/5/18 0:00,
2012/5/19 0:00,
2012/5/20 0:00,
2012/5/21 0:00,
2012/5/22 0:00,
2012/5/23 0:00,
2012/5/24 0:00,
2012/5/25 0:00,
2012/5/26 0:00,
2012/5/27 0:00,
2012/5/28 0:00,
2012/5/29 0:00,
2012/5/30 0:00,
2012/5/31 0:00,
2012/6/1 0:00,
2012/6/2 0:00,
2012/6/3 0:00,
2012/6/4 0:00,
2012/6/5 0:00,
2012/6/6 0:00,
2012/6/7 0:00,
2012/6/8 0:00,
2012/6/9 0:00,
2012/6/10 0:00,
2012/6/11 0:00,
2012/6/12 0:00,
2012/6/13 0:00,
2012/6/14 0:00,
2012/6/15 0:00,
2012/6/16 0:00,
2012/6/17 0:00,
2012/6/18 0:00,
2012/6/19 0:00,
2012/6/20 0:00,
2012/6/21 0:00,
2012/6/22 0:00,
2012/6/23 0:00,
2012/6/24 0:00,
2012/6/25 0:00,
2012/6/26 0:00,
2012/6/27 0:00,
2012/6/28 0:00,
2012/6/29 0:00,
2012/6/30 0:00,
2012/7/1 0:00,
2012/7/2 0:00,
2012/7/3 0:00,
2012/7/4 0:00,
2012/7/5 0:00,
2012/7/6 0:00,
2012/7/7 0:00,
2012/7/8 0:00,
2012/7/9 0:00,
2012/7/10 0:00,
2012/7/11 0:00,
2012/7/12 0:00,
2012/7/13 0:00,
2012/7/14 0:00,
2012/7/15 0:00,
2012/7/16 0:00,
2012/7/17 0:00,
2012/7/18 0:00,
2012/7/19 0:00,
2012/7/20 0:00,
2012/7/21 0:00,
2012/7/22 0:00,
2012/7/23 0:00,
2012/7/24 0:00,
2012/7/25 0:00,
2012/7/26 0:00,
2012/7/27 0:00,
2012/7/28 0:00,
2012/7/29 0:00,
2012/7/30 0:00,
2012/7/31 0:00,
2012/8/1 0:00,
2012/8/2 0:00,
2012/8/3 0:00,
2012/8/4 0:00,
2012/8/5 0:00,
2012/8/6 0:00,
2012/8/7 0:00,
2012/8/8 0:00,
2012/8/9 0:00,
2012/8/10 0:00,
2012/8/11 0:00,
2012/8/12 0:00,
2012/8/13 0:00,
2012/8/14 0:00,
2012/8/15 0:00,
2012/8/16 0:00,
2012/8/17 0:00,
2012/8/18 0:00,
2012/8/19 0:00,
2012/8/20 0:00,
2012/8/21 0:00,
2012/8/22 0:00,
2012/8/23 0:00,
2012/8/24 0:00,
2012/8/25 0:00,
2012/8/26 0:00,
2012/8/27 0:00,
2012/8/28 0:00,
2012/8/29 0:00,
2012/8/30 0:00,
2012/8/31 0:00,
2012/9/1 0:00,
2012/9/2 0:00,
2012/9/3 0:00,
2012/9/4 0:00,
2012/9/5 0:00,
2012/9/6 0:00,
2012/9/7 0:00,
2012/9/8 0:00,
2012/9/9 0:00,
2012/9/10 0:00,
2012/9/11 0:00,
2012/9/12 0:00,
2012/9/13 0:00,
2012/9/14 0:00,
2012/9/15 0:00,
2012/9/16 0:00,
2012/9/17 0:00,
2012/9/18 0:00,
2012/9/19 0:00,
2012/9/20 0:00,
2012/9/21 0:00,
2012/9/22 0:00,
2012/9/23 0:00,
2012/9/24 0:00,
2012/9/25 0:00,
2012/9/26 0:00,
2012/9/27 0:00,
2012/9/28 0:00,
2012/9/29 0:00,
2012/9/30 0:00,
2012/10/1 0:00,
2012/10/2 0:00,
2012/10/3 0:00,
2012/10/4 0:00,
2012/10/5 0:00,
2012/10/6 0:00,
2012/10/7 0:00,
2012/10/8 0:00,
2012/10/9 0:00,
2012/10/10 0:00,
2012/10/11 0:00,
2012/10/12 0:00,
2012/10/13 0:00,
2012/10/14 0:00,
2012/10/15 0:00,
2012/10/16 0:00,
2012/10/17 0:00,
2012/10/18 0:00,
2012/10/19 0:00,
2012/10/20 0:00,
2012/10/21 0:00,
2012/10/22 0:00,
2012/10/23 0:00,
2012/10/24 0:00,
2012/10/25 0:00,
2012/10/26 0:00,
2012/10/27 0:00,
2012/10/28 0:00,
2012/10/29 0:00,
2012/10/30 0:00,
2012/10/31 0:00,
2012/11/1 0:00,
2012/11/2 0:00,
2012/11/3 0:00,
2012/11/4 0:00,
2012/11/5 0:00,
2012/11/6 0:00,
2012/11/7 0:00,
2012/11/8 0:00,
2012/11/9 0:00,
2012/11/10 0:00,
2012/11/11 0:00,
2012/11/12 0:00,
2012/11/13 0:00,
2012/11/14 0:00,
2012/11/15 0:00,
2012/11/16 0:00,
2012/11/17 0:00,
2012/11/18 0:00,
2012/11/19 0:00,
2012/11/20 0:00,
2012/11/21 0:00,
2012/11/22 0:00,
2012/11/23 0:00,
2012/11/24 0:00,
2012/11/25 0:00,
2012/11/26 0:00,
2012/11/27 0:00,
2012/11/28 0:00,
2012/11/29 0:00,
2012/11/30 0:00,
2012/12/1 0:00,
2012/12/2 0:00,
2012/12/3 0:00,
2012/12/4 0:00,
2012/12/5 0:00,
2012/12/6 0:00,
2012/12/7 0:00,
2012/12/8 0:00,
2012/12/9 0:00,
2012/12/10 0:00,
2012/12/11 0:00,
2012/12/12 0:00,
2012/12/13 0:00,
2012/12/14 0:00,
2012/12/15 0:00,
2012/12/16 0:00,
2012/12/17 0:00,
2012/12/18 0:00,
2012/12/19 0:00,
2012/12/20 0:00,
2012/12/21 0:00,
2012/12/22 0:00,
2012/12/23 0:00,
2012/12/24 0:00,
2012/12/25 0:00,
2012/12/26 0:00,
2012/12/27 0:00,
2012/12/28 0:00,
2012/12/29 0:00,
2012/12/30 0:00,-0.189565421
2012/12/31 0:00,-0.200088436
2013/1/1 0:00,-0.200088436
2013/1/2 0:00,-0.200088436
2013/1/3 0:00,-0.200088436
2013/1/4 0:00,-0.227976967
2013/1/5 0:00,-0.236400088
2013/1/6 0:00,-0.219521144
2013/1/7 0:00,-0.231546863
2013/1/8 0:00,-0.252989564
2013/1/9 0:00,-0.250344498
2013/1/10 0:00,-0.229284709
2013/1/11 0:00,-0.234550664
2013/1/12 0:00,-0.232054839
2013/1/13 0:00,-0.222792983
2013/1/14 0:00,-0.25207247
2013/1/15 0:00,-0.230691704
2013/1/16 0:00,-0.217311951
2013/1/17 0:00,-0.243700519
2013/1/18 0:00,-0.222494001
2013/1/19 0:00,-0.240908788
2013/1/20 0:00,-0.225689741
2013/1/21 0:00,-0.228538398
2013/1/22 0:00,-0.215399422
2013/1/23 0:00,-0.200825601
2013/1/24 0:00,-0.195341637
2013/1/25 0:00,-0.199556026
2013/1/26 0:00,-0.199556383
2013/1/27 0:00,-0.199556383
2013/1/28 0:00,-0.200382734
2013/1/29 0:00,-0.203800821
2013/1/30 0:00,-0.212242636
2013/1/31 0:00,-0.225875571
2013/2/1 0:00,-0.263675365
2013/2/2 0:00,-0.254109352
2013/2/3 0:00,-0.264818726
2013/2/4 0:00,-0.282260073
2013/2/5 0:00,-0.28417347
2013/2/6 0:00,-0.281757905
2013/2/7 0:00,-0.272309486
2013/2/8 0:00,-0.278409626
2013/2/9 0:00,-0.276208159
2013/2/10 0:00,-0.279371899
2013/2/11 0:00,-0.279371899
2013/2/12 0:00,-0.279371899
2013/2/13 0:00,-0.277695888
2013/2/14 0:00,-0.275382111
2013/2/15 0:00,-0.272493447
2013/2/16 0:00,-0.256022742
2013/2/17 0:00,-0.259889091
2013/2/18 0:00,-0.249411665
2013/2/19 0:00,-0.271705681
2013/2/20 0:00,-0.27544731
2013/2/21 0:00,-0.252212743
2013/2/22 0:00,-0.23529361
2013/2/23 0:00,-0.239828104
2013/2/24 0:00,-0.222377963
2013/2/25 0:00,-0.25614203
2013/2/26 0:00,-0.224634607
2013/2/27 0:00,-0.20772574
2013/2/28 0:00,-0.221910153
2013/3/1 0:00,-0.242575039
2013/3/2 0:00,-0.224860491
2013/3/3 0:00,-0.224860491
2013/3/4 0:00,-0.256483384
2013/3/5 0:00,-0.278024982
2013/3/6 0:00,-0.278073804
2013/3/7 0:00,-0.270405253
2013/3/8 0:00,-0.263254702
2013/3/9 0:00,-0.276356342
2013/3/10 0:00,-0.276356342
2013/3/11 0:00,-0.303946603
2013/3/12 0:00,-0.296691621
2013/3/13 0:00,-0.303862787
2013/3/14 0:00,-0.338994492
2013/3/15 0:00,-0.317919253
2013/3/16 0:00,-0.322457761
2013/3/17 0:00,-0.322457761
2013/3/18 0:00,-0.32932872
2013/3/19 0:00,-0.319517022
2013/3/20 0:00,-0.302646001
2013/3/21 0:00,-0.301034449
2013/3/22 0:00,-0.3229381
2013/3/23 0:00,-0.309137047
2013/3/24 0:00,-0.309137047
2013/3/25 0:00,-0.310084055
2013/3/26 0:00,-0.314711029
2013/3/27 0:00,-0.341043588
2013/3/28 0:00,-0.362080717
2013/3/29 0:00,-0.35266221
2013/3/30 0:00,-0.35149053
2013/3/31 0:00,-0.337822034
2013/4/1 0:00,-0.374630622
2013/4/2 0:00,-0.367853997
2013/4/3 0:00,-0.362449853
2013/4/4 0:00,-0.362449853
2013/4/5 0:00,-0.39846637
2013/4/6 0:00,-0.386195973
2013/4/7 0:00,-0.403794969
2013/4/8 0:00,-0.405529257
2013/4/9 0:00,-0.421253189
2013/4/10 0:00,-0.421402097
2013/4/11 0:00,-0.395180351
2013/4/12 0:00,-0.399337096
2013/4/13 0:00,-0.409076105
2013/4/14 0:00,-0.409076224
2013/4/15 0:00,-0.415836764
2013/4/16 0:00,-0.428682989
2013/4/17 0:00,-0.411052903
2013/4/18 0:00,-0.429370116
2013/4/19 0:00,-0.455488429
2013/4/20 0:00,-0.459932017
2013/4/21 0:00,-0.459928254
2013/4/22 0:00,-0.440136068
2013/4/23 0:00,-0.42450683
2013/4/24 0:00,-0.408819657
2013/4/25 0:00,-0.405977598
2013/4/26 0:00,-0.394578195
2013/4/27 0:00,-0.412095472
2013/4/28 0:00,-0.412098348
2013/4/29 0:00,-0.412098348
2013/4/30 0:00,-0.412098348
2013/5/1 0:00,-0.412098348
2013/5/2 0:00,-0.426883488
2013/5/3 0:00,-0.408053924
2013/5/4 0:00,-0.416827174
2013/5/5 0:00,-0.416826912
2013/5/6 0:00,-0.419956541
2013/5/7 0:00,-0.426383272
2013/5/8 0:00,-0.452337467
2013/5/9 0:00,-0.41670908
2013/5/10 0:00,-0.45088095
2013/5/11 0:00,-0.437687296
2013/5/12 0:00,-0.437689531
2013/5/13 0:00,-0.384018947
2013/5/14 0:00,-0.403037324
2013/5/15 0:00,-0.408621055
2013/5/16 0:00,-0.418132228
2013/5/17 0:00,-0.449296792
2013/5/18 0:00,-0.4564761
2013/5/19 0:00,-0.456470534
2013/5/20 0:00,-0.459640991
2013/5/21 0:00,-0.473946401
2013/5/22 0:00,-0.436470372
2013/5/23 0:00,-0.44496186
2013/5/24 0:00,-0.441763759
2013/5/25 0:00,-0.442592158
2013/5/26 0:00,-0.44259186
2013/5/27 0:00,-0.432228186
2013/5/28 0:00,-0.447657469
2013/5/29 0:00,-0.444764584
2013/5/30 0:00,-0.436425074
2013/5/31 0:00,-0.426083465
2013/6/1 0:00,-0.411981596
2013/6/2 0:00,-0.411978944
2013/6/3 0:00,-0.381869363
2013/6/4 0:00,-0.375606402
2013/6/5 0:00,-0.381581408
2013/6/6 0:00,-0.398186733
2013/6/7 0:00,-0.389798475
2013/6/8 0:00,-0.395372866
2013/6/9 0:00,-0.381442373
2013/6/10 0:00,-0.381442373
2013/6/11 0:00,-0.384631138
2013/6/12 0:00,-0.38773274
2013/6/13 0:00,-0.387509036
2013/6/14 0:00,-0.3891747
2013/6/15 0:00,-0.390841034
2013/6/16 0:00,-0.390835434
2013/6/17 0:00,-0.376276268
2013/6/18 0:00,-0.366740511
2013/6/19 0:00,-0.367008421
2013/6/20 0:00,-0.367916702
2013/6/21 0:00,-0.354182893
2013/6/22 0:00,-0.361210734
2013/6/23 0:00,-0.361208101
2013/6/24 0:00,-0.31870221
2013/6/25 0:00,-0.268699021
2013/6/26 0:00,-0.263002031
2013/6/27 0:00,-0.276061601
2013/6/28 0:00,-0.28566494
2013/6/29 0:00,-0.286437367
2013/6/30 0:00,-0.286435378
2013/7/1 0:00,-0.272066123
2013/7/2 0:00,-0.263993692
2013/7/3 0:00,-0.267286937
2013/7/4 0:00,-0.263701715
2013/7/5 0:00,-0.244596229
2013/7/6 0:00,-0.251820092
2013/7/7 0:00,-0.251821853
2013/7/8 0:00,-0.23743169
2013/7/9 0:00,-0.22222843
2013/7/10 0:00,-0.251434314
2013/7/11 0:00,-0.232383658
2013/7/12 0:00,-0.228488245
2013/7/13 0:00,-0.22960459
2013/7/14 0:00,-0.229601392
2013/7/15 0:00,-0.223958255
2013/7/16 0:00,-0.199128599
2013/7/17 0:00,-0.203700263
2013/7/18 0:00,-0.19199372
2013/7/19 0:00,-0.201694718
2013/7/20 0:00,-0.196785633
2013/7/21 0:00,-0.196784788
2013/7/22 0:00,-0.177121494
2013/7/23 0:00,-0.174663017
2013/7/24 0:00,-0.169330881
2013/7/25 0:00,-0.142869223
2013/7/26 0:00,-0.123573789
2013/7/27 0:00,-0.100439922
2013/7/28 0:00,-0.100438972
2013/7/29 0:00,-0.094471252
2013/7/30 0:00,-0.09170488
2013/7/31 0:00,-0.100546659
2013/8/1 0:00,-0.096669935
2013/8/2 0:00,-0.093478415
2013/8/3 0:00,-0.10179553
2013/8/4 0:00,-0.101792448
2013/8/5 0:00,-0.08679656
2013/8/6 0:00,-0.06027726
2013/8/7 0:00,-0.065823234
2013/8/8 0:00,-0.063665354
2013/8/9 0:00,-0.058671807
2013/8/10 0:00,-0.042679109
2013/8/11 0:00,-0.042678546
2013/8/12 0:00,-0.027443394
2013/8/13 0:00,0.00246312
2013/8/14 0:00,-0.00125289
2013/8/15 0:00,-0.025413127
2013/8/16 0:00,-0.033181721
2013/8/17 0:00,-0.033985613
2013/8/18 0:00,-0.033985613
2013/8/19 0:00,-0.028035557
2013/8/20 0:00,-0.014422258
2013/8/21 0:00,0.007844953
2013/8/22 0:00,0.031346263
2013/8/23 0:00,0.006725531
2013/8/24 0:00,-0.005464442
2013/8/25 0:00,-0.005468617
2013/8/26 0:00,-0.008803427
2013/8/27 0:00,0.008073389
2013/8/28 0:00,0.011211651
2013/8/29 0:00,0.013914946
2013/8/30 0:00,0.017157581
2013/8/31 0:00,0.034642613
2013/9/1 0:00,0.034639638
2013/9/2 0:00,0.03120162
2013/9/3 0:00,0.032646528
2013/9/4 0:00,0.028243096
2013/9/5 0:00,0.020842854
2013/9/6 0:00,0.015263628
2013/9/7 0:00,0.021527072
2013/9/8 0:00,0.021521695
2013/9/9 0:00,0.027895255
2013/9/10 0:00,0.035484126
2013/9/11 0:00,0.031019922
2013/9/12 0:00,0.047223331
2013/9/13 0:00,0.089447347
2013/9/14 0:00,0.084849638
2013/9/15 0:00,0.084849638
2013/9/16 0:00,0.072322947
2013/9/17 0:00,0.100895172
2013/9/18 0:00,0.113272142
2013/9/19 0:00,0.109510959
2013/9/20 0:00,0.119029716
2013/9/21 0:00,0.101023392
2013/9/22 0:00,0.103482819
2013/9/23 0:00,0.10058967
2013/9/24 0:00,0.120224245
2013/9/25 0:00,0.113168748
2013/9/26 0:00,0.029243602
2013/9/27 0:00,0.030178965
2013/9/28 0:00,0.036093249
2013/9/29 0:00,-0.054843184
2013/9/30 0:00,-0.072720862
2013/10/1 0:00,-0.072720862
2013/10/2 0:00,-0.072720862
2013/10/3 0:00,-0.072720862
2013/10/4 0:00,-0.072720862
2013/10/5 0:00,-0.072720862
2013/10/6 0:00,-0.072720862
2013/10/7 0:00,-0.072720862
2013/10/8 0:00,-0.20698479
2013/10/9 0:00,-0.199159085
2013/10/10 0:00,-0.18340374
2013/10/11 0:00,-0.151440844
2013/10/12 0:00,-0.146364969
2013/10/13 0:00,-0.146369858
2013/10/14 0:00,-0.133488131
2013/10/15 0:00,-0.112539052
2013/10/16 0:00,-0.081892299
2013/10/17 0:00,-0.091666722
2013/10/18 0:00,-0.081261268
2013/10/19 0:00,-0.084544189
2013/10/20 0:00,-0.084548645
2013/10/21 0:00,-0.101000485
2013/10/22 0:00,-0.125095896
2013/10/23 0:00,-0.115894421
2013/10/24 0:00,-0.105682669
2013/10/25 0:00,-0.085697927
2013/10/26 0:00,-0.092462681
2013/10/27 0:00,-0.092458639
2013/10/28 0:00,-0.104256506
2013/10/29 0:00,-0.082615511
2013/10/30 0:00,-0.08774995
2013/10/31 0:00,-0.101838271
2013/11/1 0:00,-0.097864649
2013/11/2 0:00,-0.136998139
2013/11/3 0:00,-0.136992698
2013/11/4 0:00,-0.149154207
2013/11/5 0:00,-0.130011291
2013/11/6 0:00,-0.106948733
2013/11/7 0:00,-0.112483588
2013/11/8 0:00,-0.069434165
2013/11/9 0:00,-0.064104254
2013/11/10 0:00,-0.06410367
2013/11/11 0:00,-0.08637113
2013/11/12 0:00,-0.092637436
2013/11/13 0:00,-0.030947698
2013/11/14 0:00,-0.052270063
2013/11/15 0:00,-0.053209505
2013/11/16 0:00,-0.056274301
2013/11/17 0:00,-0.056272479
2013/11/18 0:00,-0.06607351
2013/11/19 0:00,-0.068295326
2013/11/20 0:00,-0.075870941
2013/11/21 0:00,-0.035343271
2013/11/22 0:00,-0.090445659
2013/11/23 0:00,-0.085080201
2013/11/24 0:00,-0.085081994
2013/11/25 0:00,-0.077730662
2013/11/26 0:00,-0.058489855
2013/11/27 0:00,-0.064119396
2013/11/28 0:00,-0.036124794
2013/11/29 0:00,-0.092073379
2013/11/30 0:00,-0.088105465
2013/12/1 0:00,-0.08809701
2013/12/2 0:00,-0.078375318
2013/12/3 0:00,-0.062443282
2013/12/4 0:00,-0.071487077
2013/12/5 0:00,-0.060917536
2013/12/6 0:00,-0.067674198
2013/12/7 0:00,-0.072366218
2013/12/8 0:00,-0.072364494
2013/12/9 0:00,-0.066900782
2013/12/10 0:00,-0.075854653
2013/12/11 0:00,-0.037202117
2013/12/12 0:00,-0.017287872
2013/12/13 0:00,-0.026126885
2013/12/14 0:00,-0.021210571
2013/12/15 0:00,-0.021209369
2013/12/16 0:00,-0.065413546
2013/12/17 0:00,-0.018619384
2013/12/18 0:00,-0.026791616
2013/12/19 0:00,-0.040344878
2013/12/20 0:00,-0.038909191
2013/12/21 0:00,-0.045603193
2013/12/22 0:00,-0.04560573
2013/12/23 0:00,-0.013210363
2013/12/24 0:00,-0.027265564
2013/12/25 0:00,-0.063386503
2013/12/26 0:00,-0.082742023
2013/12/27 0:00,-0.126936989
2013/12/28 0:00,-0.122487326
2013/12/29 0:00,-0.122490953
2013/12/30 0:00,-0.156760425
2013/12/31 0:00,-0.13055058
2014/1/1 0:00,-0.13055058
2014/1/2 0:00,-0.117817733
2014/1/3 0:00,-0.105084886
2014/1/4 0:00,-0.06458939
2014/1/5 0:00,-0.064585311
2014/1/6 0:00,-0.051650956
2014/1/7 0:00,-0.024924367
2014/1/8 0:00,0.003750211
2014/1/9 0:00,-0.032300653
2014/1/10 0:00,-0.071144911
2014/1/11 0:00,-0.078185458
2014/1/12 0:00,-0.078188085
2014/1/13 0:00,-0.084627138
2014/1/14 0:00,-0.034989078
2014/1/15 0:00,-0.089810583
2014/1/16 0:00,-0.066406975
2014/1/17 0:00,-0.02203912
2014/1/18 0:00,-0.027257517
2014/1/19 0:00,-0.027258949
2014/1/20 0:00,-0.048497762
2014/1/21 0:00,-0.017163626
2014/1/22 0:00,-0.006516427
2014/1/23 0:00,-0.031025722
2014/1/24 0:00,-0.043978013
2014/1/25 0:00,-0.038944497
2014/1/26 0:00,-0.041205887
2014/1/27 0:00,-0.019995461
2014/1/28 0:00,-0.001320387
2014/1/29 0:00,0.002966949
2014/1/30 0:00,0.030082997
2014/1/31 0:00,0.035067948
2014/2/1 0:00,0.064079043
2014/2/2 0:00,0.064079043
2014/2/3 0:00,0.064079043
2014/2/4 0:00,0.08993656
2014/2/5 0:00,0.092849949
2014/2/6 0:00,0.092849949
2014/2/7 0:00,0.092849949
2014/2/8 0:00,0.092849949
2014/2/9 0:00,0.092850222
2014/2/10 0:00,0.082158264
2014/2/11 0:00,0.074550525
2014/2/12 0:00,0.084306937
2014/2/13 0:00,0.093473234
2014/2/14 0:00,0.103548348
2014/2/15 0:00,0.103548348
2014/2/16 0:00,0.103561291
2014/2/17 0:00,0.078959508
2014/2/18 0:00,0.084872273
2014/2/19 0:00,0.14169302
2014/2/20 0:00,0.132567819
2014/2/21 0:00,0.110798056
2014/2/22 0:00,0.090045214
2014/2/23 0:00,0.090032901
2014/2/24 0:00,0.097548031
2014/2/25 0:00,0.159814902
2014/2/26 0:00,0.134362812
2014/2/27 0:00,0.124304711
2014/2/28 0:00,0.116500052
2014/3/1 0:00,0.150415212
2014/3/2 0:00,0.150415864
2014/3/3 0:00,0.133882177
2014/3/4 0:00,0.169780666
2014/3/5 0:00,0.232974743
2014/3/6 0:00,0.244234861
2014/3/7 0:00,0.202801461
2014/3/8 0:00,0.183186283
2014/3/9 0:00,0.183205882
2014/3/10 0:00,0.18830936
2014/3/11 0:00,0.242381926
2014/3/12 0:00,0.280214139
2014/3/13 0:00,0.331726164
2014/3/14 0:00,0.386327586
2014/3/15 0:00,0.360003504
2014/3/16 0:00,0.360006481
2014/3/17 0:00,0.376546252
2014/3/18 0:00,0.400917063
2014/3/19 0:00,0.415632067
2014/3/20 0:00,0.405802207
2014/3/21 0:00,0.419593523
2014/3/22 0:00,0.467870325
2014/3/23 0:00,0.467863907
2014/3/24 0:00,0.466418293
2014/3/25 0:00,0.47816092
2014/3/26 0:00,0.509669579
2014/3/27 0:00,0.565593641
2014/3/28 0:00,0.608396974
2014/3/29 0:00,0.619619604
2014/3/30 0:00,0.619626556
2014/3/31 0:00,0.565101566
2014/4/1 0:00,0.711670052
2014/4/2 0:00,0.712182723
2014/4/3 0:00,0.700091374
2014/4/4 0:00,0.729678124
2014/4/5 0:00,0.729678124
2014/4/6 0:00,0.729675864
2014/4/7 0:00,0.780733064
2014/4/8 0:00,0.768701772
2014/4/9 0:00,0.857073437
2014/4/10 0:00,0.87411
2014/4/11 0:00,0.829221628
2014/4/12 0:00,0.807300067
2014/4/13 0:00,0.807317336
2014/4/14 0:00,0.823886406
2014/4/15 0:00,0.84696778
2014/4/16 0:00,0.840304482
2014/4/17 0:00,0.806052922
2014/4/18 0:00,0.817868725
2014/4/19 0:00,0.888958464
2014/4/20 0:00,0.88895905
2014/4/21 0:00,0.86206064
2014/4/22 0:00,0.829796177
2014/4/23 0:00,0.797979011
2014/4/24 0:00,0.766083759
2014/4/25 0:00,0.739243332
2014/4/26 0:00,0.739243332
2014/4/27 0:00,0.739245218
2014/4/28 0:00,0.711991372
2014/4/29 0:00,0.710165186
2014/4/30 0:00,0.737153612
2014/5/1 0:00,0.737153612
2014/5/2 0:00,0.784404101
2014/5/3 0:00,0.701639208
2014/5/4 0:00,0.667015233
2014/5/5 0:00,0.713422389
2014/5/6 0:00,0.703911359
2014/5/7 0:00,0.718723935
2014/5/8 0:00,0.849389833
2014/5/9 0:00,0.799669662
2014/5/10 0:00,0.873072038
2014/5/11 0:00,0.873075673
2014/5/12 0:00,0.856990391
2014/5/13 0:00,0.691011138
2014/5/14 0:00,0.770482258
2014/5/15 0:00,0.727428837
2014/5/16 0:00,0.777582671
2014/5/17 0:00,0.850165037
2014/5/18 0:00,0.850166481
2014/5/19 0:00,0.865146913
2014/5/20 0:00,0.856532598
2014/5/21 0:00,0.933424604
2014/5/22 0:00,0.776651521
2014/5/23 0:00,0.850783313
2014/5/24 0:00,0.834325917
2014/5/25 0:00,0.83432946
2014/5/26 0:00,0.831499171
2014/5/27 0:00,0.779286059
2014/5/28 0:00,0.820222522
2014/5/29 0:00,0.813976589
2014/5/30 0:00,0.809658675
2014/5/31 0:00,0.819261149
2014/6/1 0:00,0.819261149
2014/6/2 0:00,0.819257095
2014/6/3 0:00,0.720291926
2014/6/4 0:00,0.690579926
2014/6/5 0:00,0.713848618
2014/6/6 0:00,0.705854387
2014/6/7 0:00,0.692003288
2014/6/8 0:00,0.703319621
2014/6/9 0:00,0.642926362
2014/6/10 0:00,0.68178662
2014/6/11 0:00,0.663748681
2014/6/12 0:00,0.68977658
2014/6/13 0:00,0.680038711
2014/6/14 0:00,0.666654157
2014/6/15 0:00,0.666651917
2014/6/16 0:00,0.655410735
2014/6/17 0:00,0.613940215
2014/6/18 0:00,0.66100143
2014/6/19 0:00,0.643033672
2014/6/20 0:00,0.625342973
2014/6/21 0:00,0.590778775
2014/6/22 0:00,0.59078395
2014/6/23 0:00,0.587084477
2014/6/24 0:00,0.494423804
2014/6/25 0:00,0.429584395
2014/6/26 0:00,0.419753581
2014/6/27 0:00,0.435839907
2014/6/28 0:00,0.443725543
2014/6/29 0:00,0.44372763
2014/6/30 0:00,0.461928527
2014/7/1 0:00,0.404557362
2014/7/2 0:00,0.431605517
2014/7/3 0:00,0.417616384
2014/7/4 0:00,0.367404943
2014/7/5 0:00,0.342698823
2014/7/6 0:00,0.34269463
2014/7/7 0:00,0.361931393
2014/7/8 0:00,0.35357661
2014/7/9 0:00,0.328635899
2014/7/10 0:00,0.386370808
2014/7/11 0:00,0.379273053
2014/7/12 0:00,0.353626575
2014/7/13 0:00,0.353625302
2014/7/14 0:00,0.343665254
2014/7/15 0:00,0.352139023
2014/7/16 0:00,0.312528746
2014/7/17 0:00,0.326776129
2014/7/18 0:00,0.326449953
2014/7/19 0:00,0.330098549
2014/7/20 0:00,0.330097026
2014/7/21 0:00,0.329875575
2014/7/22 0:00,0.304809497
2014/7/23 0:00,0.305065964
2014/7/24 0:00,0.280144401
2014/7/25 0:00,0.213043015
2014/7/26 0:00,0.206233695
2014/7/27 0:00,0.206234945
2014/7/28 0:00,0.12305308
2014/7/29 0:00,0.119876367
2014/7/30 0:00,0.10896722
2014/7/31 0:00,0.084879759
2014/8/1 0:00,0.093910107
2014/8/2 0:00,0.098890999
2014/8/3 0:00,0.098901447
2014/8/4 0:00,0.090465681
2014/8/5 0:00,0.085994456
2014/8/6 0:00,0.063452462
2014/8/7 0:00,0.058887902
2014/8/8 0:00,0.073845846
2014/8/9 0:00,0.068149322
2014/8/10 0:00,0.068149953
2014/8/11 0:00,0.052636849
2014/8/12 0:00,0.03670105
2014/8/13 0:00,0.050756093
2014/8/14 0:00,0.05480023
2014/8/15 0:00,0.068478851
2014/8/16 0:00,0.073035049
2014/8/17 0:00,0.073034515
2014/8/18 0:00,0.06640133
2014/8/19 0:00,0.049905809
2014/8/20 0:00,0.063517125
2014/8/21 0:00,0.067825472
2014/8/22 0:00,0.082505
2014/8/23 0:00,0.087171865
2014/8/24 0:00,0.087167426
2014/8/25 0:00,0.091563016
2014/8/26 0:00,0.087545379
2014/8/27 0:00,0.091547277
2014/8/28 0:00,0.076489665
2014/8/29 0:00,0.043949639
2014/8/30 0:00,0.048409711
2014/8/31 0:00,0.048411154
2014/9/1 0:00,0.048809753
2014/9/2 0:00,0.067857169
2014/9/3 0:00,0.067424542
2014/9/4 0:00,0.069616612
2014/9/5 0:00,0.090942652
2014/9/6 0:00,0.095654955
2014/9/7 0:00,0.095648193
2014/9/8 0:00,0.09565396
2014/9/9 0:00,0.065329804
2014/9/10 0:00,0.087303302
2014/9/11 0:00,0.090166994
2014/9/12 0:00,0.063012918
2014/9/13 0:00,0.039352177
2014/9/14 0:00,0.039351575
2014/9/15 0:00,0.042979289
2014/9/16 0:00,0.066095383
2014/9/17 0:00,0.052860499
2014/9/18 0:00,0.058236726
2014/9/19 0:00,0.050817363
2014/9/20 0:00,0.050817363
2014/9/21 0:00,0.050815246
2014/9/22 0:00,0.033898889
2014/9/23 0:00,0.038163036
2014/9/24 0:00,0.036469074
2014/9/25 0:00,0.036363127
2014/9/26 0:00,0.102757772
2014/9/27 0:00,0.119102429
2014/9/28 0:00,0.112615219
2014/9/29 0:00,0.219663338
2014/9/30 0:00,0.243178101
2014/10/1 0:00,0.243178101
2014/10/2 0:00,0.243178101
2014/10/3 0:00,0.243178101
2014/10/4 0:00,0.243178101
2014/10/5 0:00,0.243178101
2014/10/6 0:00,0.243178101
2014/10/7 0:00,0.243178101
2014/10/8 0:00,0.453658269
2014/10/9 0:00,0.449216362
2014/10/10 0:00,0.433323899
2014/10/11 0:00,0.377233733
2014/10/12 0:00,0.377236263
2014/10/13 0:00,0.393013488
2014/10/14 0:00,0.366656568
2014/10/15 0:00,0.323104457
2014/10/16 0:00,0.297607009
2014/10/17 0:00,0.315156333
2014/10/18 0:00,0.308953976
2014/10/19 0:00,0.308949039
2014/10/20 0:00,0.208302145
2014/10/21 0:00,0.211409078
2014/10/22 0:00,0.236029372
2014/10/23 0:00,0.186786537
2014/10/24 0:00,-0.105637049
2014/10/25 0:00,-0.125185964
2014/10/26 0:00,-0.125200495
2014/10/27 0:00,-0.049835716
2014/10/28 0:00,-0.05509686
2014/10/29 0:00,-0.07186862
2014/10/30 0:00,-0.070937642
2014/10/31 0:00,-0.035766234
2014/11/1 0:00,-0.02376793
2014/11/2 0:00,-0.023769494
2014/11/3 0:00,0.021217169
2014/11/4 0:00,0.054440562
2014/11/5 0:00,0.031576013
2014/11/6 0:00,0.023578695
2014/11/7 0:00,0.031270821
2014/11/8 0:00,0.010767756
2014/11/9 0:00,0.010771011
2014/11/10 0:00,0.01759106
2014/11/11 0:00,0.035748219
2014/11/12 0:00,0.033811979
2014/11/13 0:00,0.004951483
2014/11/14 0:00,-0.002036304
2014/11/15 0:00,-0.01240062
2014/11/16 0:00,-0.012399597
2014/11/17 0:00,0.005796845
2014/11/18 0:00,0.006926379
2014/11/19 0:00,-0.001574695
2014/11/20 0:00,0.023046828
2014/11/21 0:00,0.001179073
2014/11/22 0:00,0.02178064
2014/11/23 0:00,0.021786859
2014/11/24 0:00,0.042072245
2014/11/25 0:00,0.029002864
2014/11/26 0:00,-0.027156759
2014/11/27 0:00,-0.07979125
2014/11/28 0:00,-0.051240386
2014/11/29 0:00,-0.00679134
2014/11/30 0:00,-0.006797443
2014/12/1 0:00,0.008255515
2014/12/2 0:00,-0.021444587
2014/12/3 0:00,-0.049533886
2014/12/4 0:00,-0.054945602
2014/12/5 0:00,-0.035546399
2014/12/6 0:00,-0.064333485
2014/12/7 0:00,-0.064332394
2014/12/8 0:00,-0.099863428
2014/12/9 0:00,-0.094007839
2014/12/10 0:00,-0.090686879
2014/12/11 0:00,-0.083055468
2014/12/12 0:00,-0.06391136
2014/12/13 0:00,-0.069977276
2014/12/14 0:00,-0.069980296
2014/12/15 0:00,-0.093218963
2014/12/16 0:00,-0.028664406
2014/12/17 0:00,-0.079951618
2014/12/18 0:00,-0.121041714
2014/12/19 0:00,-0.096857317
2014/12/20 0:00,-0.112432083
2014/12/21 0:00,-0.112433951
2014/12/22 0:00,-0.116580227
2014/12/23 0:00,-0.197287815
2014/12/24 0:00,-0.136397515
2014/12/25 0:00,-0.086443896
2014/12/26 0:00,-0.049546998
2014/12/27 0:00,-0.01442695
2014/12/28 0:00,-0.014420774
2014/12/29 0:00,0.002731833
2014/12/30 0:00,0.044479439
2014/12/31 0:00,-0.00546425
2015/1/1 0:00,-0.00546425
2015/1/2 0:00,-0.019818734
2015/1/3 0:00,-0.033764747
2015/1/4 0:00,0.053632322
2015/1/5 0:00,0.057083083
2015/1/6 0:00,0.007586971
2015/1/7 0:00,-0.013309757
2015/1/8 0:00,-0.036346842
2015/1/9 0:00,0.024285668
2015/1/10 0:00,0.035180318
2015/1/11 0:00,0.035186041
2015/1/12 0:00,0.004627224
2015/1/13 0:00,0.062366158
2015/1/14 0:00,0.024531402
2015/1/15 0:00,0.081583468
2015/1/16 0:00,0.073162091
2015/1/17 0:00,0.053253829
2015/1/18 0:00,0.053259611
2015/1/19 0:00,0.020048786
2015/1/20 0:00,0.07892185
2015/1/21 0:00,0.062054063
2015/1/22 0:00,0.046184306
2015/1/23 0:00,0.053667733
2015/1/24 0:00,0.06066462
2015/1/25 0:00,0.060661597
2015/1/26 0:00,0.039965009
2015/1/27 0:00,0.005198756
2015/1/28 0:00,-0.002607144
2015/1/29 0:00,-0.012861063
2015/1/30 0:00,-0.014742515
2015/1/31 0:00,-0.014742515
2015/2/1 0:00,-0.01474888
2015/2/2 0:00,0.008233067
2015/2/3 0:00,0.023096544
2015/2/4 0:00,0.010961173
2015/2/5 0:00,0.010020447
2015/2/6 0:00,-0.024410141
2015/2/7 0:00,-0.024410141
2015/2/8 0:00,-0.024413798
2015/2/9 0:00,-0.051036594
2015/2/10 0:00,0.006220417
2015/2/11 0:00,0.017075697
2015/2/12 0:00,0.021861852
2015/2/13 0:00,-0.003909627
2015/2/14 0:00,-0.013003677
2015/2/15 0:00,-0.000706471
2015/2/16 0:00,-0.016741636
2015/2/17 0:00,0.034263146
2015/2/18 0:00,0.014267667
2015/2/19 0:00,-0.006708467
2015/2/20 0:00,-0.004622594
2015/2/21 0:00,-0.003526059
2015/2/22 0:00,-0.003526059
2015/2/23 0:00,-0.003518485
2015/2/24 0:00,-0.010341592
2015/2/25 0:00,0.005914459
2015/2/26 0:00,-0.001099396
2015/2/27 0:00,-0.018605725
2015/2/28 0:00,-0.00064917
2015/3/1 0:00,-0.000639188
2015/3/2 0:00,-0.01765214
2015/3/3 0:00,-0.03694997
2015/3/4 0:00,-0.007542015
2015/3/5 0:00,-0.030000832
2015/3/6 0:00,-0.058215149
2015/3/7 0:00,-0.032423505
2015/3/8 0:00,-0.032429773
2015/3/9 0:00,-0.062072066
2015/3/10 0:00,-0.056951029
2015/3/11 0:00,-0.064739314
2015/3/12 0:00,-0.111385827
2015/3/13 0:00,-0.108025296
2015/3/14 0:00,-0.113396161
2015/3/15 0:00,-0.113398575
2015/3/16 0:00,-0.129704635
2015/3/17 0:00,-0.162984164
2015/3/18 0:00,-0.161289797
2015/3/19 0:00,-0.185409213
2015/3/20 0:00,-0.172255262
2015/3/21 0:00,-0.187623679
2015/3/22 0:00,-0.187626595
2015/3/23 0:00,-0.205705391
2015/3/24 0:00,-0.199589278
2015/3/25 0:00,-0.215614365
2015/3/26 0:00,-0.199416506
2015/3/27 0:00,-0.220864066
2015/3/28 0:00,-0.236792733
2015/3/29 0:00,-0.236795155
2015/3/30 0:00,-0.253795873
2015/3/31 0:00,-0.217660425
2015/4/1 0:00,-0.208211722
2015/4/2 0:00,-0.198626681
2015/4/3 0:00,-0.217891479
2015/4/4 0:00,-0.231269719
2015/4/5 0:00,-0.231266393
2015/4/6 0:00,-0.231265388
2015/4/7 0:00,-0.246278289
2015/4/8 0:00,-0.229512028
2015/4/9 0:00,-0.220954972
2015/4/10 0:00,-0.21417003
2015/4/11 0:00,-0.213497475
2015/4/12 0:00,-0.213497399
2015/4/13 0:00,-0.205794596
2015/4/14 0:00,-0.235395392
2015/4/15 0:00,-0.214689815
2015/4/16 0:00,-0.218782805
2015/4/17 0:00,-0.211935656
2015/4/18 0:00,-0.21265543
2015/4/19 0:00,-0.212656197
2015/4/20 0:00,-0.222627109
2015/4/21 0:00,-0.196115298
2015/4/22 0:00,-0.204721034
2015/4/23 0:00,-0.196046102
2015/4/24 0:00,-0.197422631
2015/4/25 0:00,-0.203321484
2015/4/26 0:00,-0.203323764
2015/4/27 0:00,-0.254248791
2015/4/28 0:00,-0.234525299
2015/4/29 0:00,-0.218529281
2015/4/30 0:00,-0.232697628
2015/5/1 0:00,-0.232697628
2015/5/2 0:00,-0.232697628
2015/5/3 0:00,-0.232701363
2015/5/4 0:00,-0.243745002
2015/5/5 0:00,-0.271610836
2015/5/6 0:00,-0.270529324
2015/5/7 0:00,-0.218058412
2015/5/8 0:00,-0.232495955
2015/5/9 0:00,-0.243461454
2015/5/10 0:00,-0.243453928
2015/5/11 0:00,-0.230197711
2015/5/12 0:00,-0.221210662
2015/5/13 0:00,-0.208651309
2015/5/14 0:00,-0.221554685
2015/5/15 0:00,-0.219349278
2015/5/16 0:00,-0.21161403
2015/5/17 0:00,-0.211607096
2015/5/18 0:00,-0.225720116
2015/5/19 0:00,-0.222713494
2015/5/20 0:00,-0.200228256
2015/5/21 0:00,-0.207867038
2015/5/22 0:00,-0.243472425
2015/5/23 0:00,-0.244750445
2015/5/24 0:00,-0.244753967
2015/5/25 0:00,-0.26414589
2015/5/26 0:00,-0.223874052
2015/5/27 0:00,-0.213153673
2015/5/28 0:00,-0.223925864
2015/5/29 0:00,-0.220701514
2015/5/30 0:00,-0.225645241
2015/5/31 0:00,-0.225649262
2015/6/1 0:00,-0.239722328
2015/6/2 0:00,-0.230901073
2015/6/3 0:00,-0.216958605
2015/6/4 0:00,-0.229930529
2015/6/5 0:00,-0.232895541
2015/6/6 0:00,-0.224138622
2015/6/7 0:00,-0.224135635
2015/6/8 0:00,-0.236947431
2015/6/9 0:00,-0.211535072
2015/6/10 0:00,-0.224067109
2015/6/11 0:00,-0.227515075
2015/6/12 0:00,-0.225944974
2015/6/13 0:00,-0.217479643
2015/6/14 0:00,-0.217474761
2015/6/15 0:00,-0.229206755
2015/6/16 0:00,-0.22135474
2015/6/17 0:00,-0.205672852
2015/6/18 0:00,-0.230733771
2015/6/19 0:00,-0.219629504
2015/6/20 0:00,-0.217217777
2015/6/21 0:00,-0.217215658
2015/6/22 0:00,-0.217218205
2015/6/23 0:00,-0.248606689
2015/6/24 0:00,-0.232435166
2015/6/25 0:00,-0.232708687
2015/6/26 0:00,-0.234538619
2015/6/27 0:00,-0.229793378
2015/6/28 0:00,-0.229791363
2015/6/29 0:00,-0.248390022
2015/6/30 0:00,-0.240635845
2015/7/1 0:00,-0.241971825
2015/7/2 0:00,-0.243866284
2015/7/3 0:00,-0.232994019
2015/7/4 0:00,-0.210021165
2015/7/5 0:00,-0.210017982
2015/7/6 0:00,-0.232804646
2015/7/7 0:00,-0.226021997
2015/7/8 0:00,-0.252557269
2015/7/9 0:00,-0.250771245
2015/7/10 0:00,-0.236389632
2015/7/11 0:00,-0.246120929
2015/7/12 0:00,-0.246122592
2015/7/13 0:00,-0.228500193
2015/7/14 0:00,-0.205661382
2015/7/15 0:00,-0.232926877
2015/7/16 0:00,-0.233236034
2015/7/17 0:00,-0.229381582
2015/7/18 0:00,-0.233843775
2015/7/19 0:00,-0.233835324
2015/7/20 0:00,-0.26002917
2015/7/21 0:00,-0.243359956
2015/7/22 0:00,-0.246429231
2015/7/23 0:00,-0.234367047
2015/7/24 0:00,-0.226630553
2015/7/25 0:00,-0.202419028
2015/7/26 0:00,-0.202423321
2015/7/27 0:00,-0.21153406
2015/7/28 0:00,-0.149727195
2015/7/29 0:00,-0.176851388
2015/7/30 0:00,-0.152162038
2015/7/31 0:00,-0.152737951
2015/8/1 0:00,-0.155923549
2015/8/2 0:00,-0.155921987
2015/8/3 0:00,-0.155469623
2015/8/4 0:00,-0.125200632
2015/8/5 0:00,-0.139154415
2015/8/6 0:00,-0.126735318
2015/8/7 0:00,-0.133810838
2015/8/8 0:00,-0.150431374
2015/8/9 0:00,-0.15042403
2015/8/10 0:00,-0.165398777
2015/8/11 0:00,-0.128741763
2015/8/12 0:00,-0.127222992
2015/8/13 0:00,-0.149662321
2015/8/14 0:00,-0.155889612
2015/8/15 0:00,-0.163157598
2015/8/16 0:00,-0.163155372
2015/8/17 0:00,-0.157267615
2015/8/18 0:00,-0.146471973
2015/8/19 0:00,-0.143601622
2015/8/20 0:00,-0.15718909
2015/8/21 0:00,-0.154036613
2015/8/22 0:00,-0.161926278
2015/8/23 0:00,-0.161925171
2015/8/24 0:00,-0.14899713
2015/8/25 0:00,-0.089081279
2015/8/26 0:00,-0.067761362
2015/8/27 0:00,-0.070953928
2015/8/28 0:00,-0.059584471
2015/8/29 0:00,-0.03531371
2015/8/30 0:00,-0.03531334
2015/8/31 0:00,-0.051312928
2015/9/1 0:00,-0.046993778
2015/9/2 0:00,-0.037753298
2015/9/3 0:00,-0.042380394
2015/9/4 0:00,-0.040250353
2015/9/5 0:00,-0.0549647
2015/9/6 0:00,-0.06592241
2015/9/7 0:00,-0.061901242
2015/9/8 0:00,-0.075918647
2015/9/9 0:00,-0.040807904
2015/9/10 0:00,-0.043511203
2015/9/11 0:00,-0.053440682
2015/9/12 0:00,-0.04428133
2015/9/13 0:00,-0.044274136
2015/9/14 0:00,-0.062690816
2015/9/15 0:00,-0.045140854
2015/9/16 0:00,-0.064747327
2015/9/17 0:00,-0.054599844
2015/9/18 0:00,-0.070984988
2015/9/19 0:00,-0.064425619
2015/9/20 0:00,-0.064427768
2015/9/21 0:00,-0.076281769
2015/9/22 0:00,-0.059233052
2015/9/23 0:00,-0.0376965
2015/9/24 0:00,-0.046862459
2015/9/25 0:00,-0.058767515
2015/9/26 0:00,-0.045483029
2015/9/27 0:00,-0.045495631
2015/9/28 0:00,-0.058423755
2015/9/29 0:00,-0.060265426
2015/9/30 0:00,-0.043460173
2015/10/1 0:00,-0.043460173
2015/10/2 0:00,-0.043460173
2015/10/3 0:00,-0.043460173
2015/10/4 0:00,-0.043460173
2015/10/5 0:00,-0.043460173
2015/10/6 0:00,-0.043460173
2015/10/7 0:00,-0.043460173
2015/10/8 0:00,-0.019211496
2015/10/9 0:00,-0.031864984
2015/10/10 0:00,-0.033815509
2015/10/11 0:00,-0.028177279
2015/10/12 0:00,-0.039765475
2015/10/13 0:00,-0.058582327
2015/10/14 0:00,-0.041367296
2015/10/15 0:00,-0.057280773
2015/10/16 0:00,-0.03017717
2015/10/17 0:00,-0.03790901
2015/10/18 0:00,-0.037913159
2015/10/19 0:00,-0.031546897
2015/10/20 0:00,0.077112422
2015/10/21 0:00,0.079587402
2015/10/22 0:00,0.100775427
2015/10/23 0:00,0.11586526
2015/10/24 0:00,0.460486561
2015/10/25 0:00,0.46047635
2015/10/26 0:00,0.440801942
2015/10/27 0:00,0.321106014
2015/10/28 0:00,0.363788031
2015/10/29 0:00,0.392298646
2015/10/30 0:00,0.395387959
2015/10/31 0:00,0.362187338
2015/11/1 0:00,0.362190206
2015/11/2 0:00,0.329710491
2015/11/3 0:00,0.264221372
2015/11/4 0:00,0.311012812
2015/11/5 0:00,0.33796691
2015/11/6 0:00,0.366670334
2015/11/7 0:00,0.343248562
2015/11/8 0:00,0.343246515
2015/11/9 0:00,0.351343685
2015/11/10 0:00,0.322845001
2015/11/11 0:00,0.346710757
2015/11/12 0:00,0.36628497
2015/11/13 0:00,0.343958819
2015/11/14 0:00,0.353942606
2015/11/15 0:00,0.353938662
2015/11/16 0:00,0.366980782
2015/11/17 0:00,0.347552255
2015/11/18 0:00,0.352153855
2015/11/19 0:00,0.367493508
2015/11/20 0:00,0.343164757
2015/11/21 0:00,0.350764394
2015/11/22 0:00,0.350771333
2015/11/23 0:00,0.355941597
2015/11/24 0:00,0.334720632
2015/11/25 0:00,0.355352242
2015/11/26 0:00,0.404661999
2015/11/27 0:00,0.488084598
2015/11/28 0:00,0.410711178
2015/11/29 0:00,0.410709978
2015/11/30 0:00,0.36169701
2015/12/1 0:00,0.34620511
2015/12/2 0:00,0.391519194
2015/12/3 0:00,0.413184486
2015/12/4 0:00,0.444617913
2015/12/5 0:00,0.437149614
2015/12/6 0:00,0.437158376
2015/12/7 0:00,0.445570189
2015/12/8 0:00,0.455950093
2015/12/9 0:00,0.458156251
2015/12/10 0:00,0.498887131
2015/12/11 0:00,0.507927037
2015/12/12 0:00,0.486637958
2015/12/13 0:00,0.486634692
2015/12/14 0:00,0.465817781
2015/12/15 0:00,0.484109521
2015/12/16 0:00,0.474533702
2015/12/17 0:00,0.519178206
2015/12/18 0:00,0.587319164
2015/12/19 0:00,0.556967214
2015/12/20 0:00,0.556967533
2015/12/21 0:00,0.542417181
2015/12/22 0:00,0.571113219
2015/12/23 0:00,0.664589504
2015/12/24 0:00,0.58484606
2015/12/25 0:00,0.553363153
2015/12/26 0:00,0.517326199
2015/12/27 0:00,0.517325658
2015/12/28 0:00,0.499813209
2015/12/29 0:00,0.465409185
2015/12/30 0:00,0.481715239
2015/12/31 0:00,0.537990606
2016/1/1 0:00,0.537990606
2016/1/2 0:00,0.537990606
2016/1/3 0:00,0.538002674
2016/1/4 0:00,0.375213942
2016/1/5 0:00,0.387254792
2016/1/6 0:00,0.427302521
2016/1/7 0:00,0.404338498
2016/1/8 0:00,0.441344303
2016/1/9 0:00,0.386762306
2016/1/10 0:00,0.386757208
2016/1/11 0:00,0.374795195
2016/1/12 0:00,0.432495124
2016/1/13 0:00,0.341774443
2016/1/14 0:00,0.398771404
2016/1/15 0:00,0.345627247
2016/1/16 0:00,0.317046335
2016/1/17 0:00,0.317045962
2016/1/18 0:00,0.299993921
2016/1/19 0:00,0.31836594
2016/1/20 0:00,0.269345814
2016/1/21 0:00,0.247966844
2016/1/22 0:00,0.240247949
2016/1/23 0:00,0.239562818
2016/1/24 0:00,0.239562818
2016/1/25 0:00,0.211116898
2016/1/26 0:00,0.246981119
2016/1/27 0:00,0.246182136
2016/1/28 0:00,0.241268582
2016/1/29 0:00,0.261778038
2016/1/30 0:00,0.264187536
2016/1/31 0:00,0.264187536
2016/2/1 0:00,0.227340083
2016/2/2 0:00,0.18266225
2016/2/3 0:00,0.161710706
2016/2/4 0:00,0.175655644
2016/2/5 0:00,0.176750642
2016/2/6 0:00,0.21828061
2016/2/7 0:00,0.21828061
2016/2/8 0:00,0.218285178
2016/2/9 0:00,0.252463377
2016/2/10 0:00,0.192864846
2016/2/11 0:00,0.188488621
2016/2/12 0:00,0.172278292
2016/2/13 0:00,0.192527069
2016/2/14 0:00,0.192527069
2016/2/15 0:00,0.177851951
2016/2/16 0:00,0.258536542
2016/2/17 0:00,0.252588724
2016/2/18 0:00,0.262077822
2016/2/19 0:00,0.259238363
2016/2/20 0:00,0.259238363
2016/2/21 0:00,0.259238363
2016/2/22 0:00,0.236674579
2016/2/23 0:00,0.234012104
2016/2/24 0:00,0.251700519
2016/2/25 0:00,0.22390361
2016/2/26 0:00,0.201591805
2016/2/27 0:00,0.21135512
2016/2/28 0:00,0.202870257
2016/2/29 0:00,0.179729009
2016/3/1 0:00,0.193921022
2016/3/2 0:00,0.205126621
2016/3/3 0:00,0.251307184
2016/3/4 0:00,0.240663653
2016/3/5 0:00,0.243851651
2016/3/6 0:00,0.261915583
2016/3/7 0:00,0.23845337
2016/3/8 0:00,0.252333982
2016/3/9 0:00,0.282398306
2016/3/10 0:00,0.28498499
2016/3/11 0:00,0.298620787
2016/3/12 0:00,0.317595071
2016/3/13 0:00,0.304341459
2016/3/14 0:00,0.287099427
2016/3/15 0:00,0.273788215
2016/3/16 0:00,0.320293584
2016/3/17 0:00,0.380652986
2016/3/18 0:00,0.343632426
2016/3/19 0:00,0.361205831
2016/3/20 0:00,0.344429972
2016/3/21 0:00,0.323681882
2016/3/22 0:00,0.342169194
2016/3/23 0:00,0.391017602
2016/3/24 0:00,0.375389261
2016/3/25 0:00,0.388212435
2016/3/26 0:00,0.357510038
2016/3/27 0:00,0.392203373
2016/3/28 0:00,0.347045251
2016/3/29 0:00,0.34089158
2016/3/30 0:00,0.383086832
2016/3/31 0:00,0.349528781
2016/4/1 0:00,0.358936991
2016/4/2 0:00,0.327891731
2016/4/3 0:00,0.358669669
2016/4/4 0:00,0.358669669
2016/4/5 0:00,0.345610482
2016/4/6 0:00,0.356437644
2016/4/7 0:00,0.407708584
2016/4/8 0:00,0.404066723
2016/4/9 0:00,0.374501679
2016/4/10 0:00,0.350245171
2016/4/11 0:00,0.363577782
2016/4/12 0:00,0.334951753
2016/4/13 0:00,0.312477701
2016/4/14 0:00,0.325623368
2016/4/15 0:00,0.30260723
2016/4/16 0:00,0.320314844
2016/4/17 0:00,0.295687739
2016/4/18 0:00,0.276411895
2016/4/19 0:00,0.321364374
2016/4/20 0:00,0.319141711
2016/4/21 0:00,0.31028711
2016/4/22 0:00,0.302554642
2016/4/23 0:00,0.294780439
2016/4/24 0:00,0.286618056
2016/4/25 0:00,0.276921696
2016/4/26 0:00,0.287186576
2016/4/27 0:00,0.348935344
2016/4/28 0:00,0.357899615
2016/4/29 0:00,0.318641256
2016/4/30 0:00,0.322125453
2016/5/1 0:00,0.322119224
2016/5/2 0:00,0.322119224
2016/5/3 0:00,0.298560472
2016/5/4 0:00,0.368503801
2016/5/5 0:00,0.392817368
2016/5/6 0:00,0.417426222
2016/5/7 0:00,0.362370773
2016/5/8 0:00,0.342631031
2016/5/9 0:00,0.316981127
2016/5/10 0:00,0.341247081
2016/5/11 0:00,0.303812069
2016/5/12 0:00,0.310199082
2016/5/13 0:00,0.314265657
2016/5/14 0:00,0.325429476
2016/5/15 0:00,0.32228215
2016/5/16 0:00,0.290097822
2016/5/17 0:00,0.312176122
2016/5/18 0:00,0.332699258
2016/5/19 0:00,0.327118587
2016/5/20 0:00,0.300948533
2016/5/21 0:00,0.292678239
2016/5/22 0:00,0.344725977
2016/5/23 0:00,0.34929678
2016/5/24 0:00,0.337029922
2016/5/25 0:00,0.386136128
2016/5/26 0:00,0.321739429
2016/5/27 0:00,0.314942849
2016/5/28 0:00,0.312586678
2016/5/29 0:00,0.310609989
2016/5/30 0:00,0.289046107
2016/5/31 0:00,0.30035271
2016/6/1 0:00,0.321737346
2016/6/2 0:00,0.301454898
2016/6/3 0:00,0.293746401
2016/6/4 0:00,0.307959955
2016/6/5 0:00,0.294234159
2016/6/6 0:00,0.279239624
2016/6/7 0:00,0.288325101
2016/6/8 0:00,0.328346738
2016/6/9 0:00,0.302773905
2016/6/10 0:00,0.293226139
2016/6/11 0:00,0.31308183
2016/6/12 0:00,0.283123749
2016/6/13 0:00,0.269434876
2016/6/14 0:00,0.287289946
2016/6/15 0:00,0.291851012
2016/6/16 0:00,0.307433158
2016/6/17 0:00,0.256740363
2016/6/18 0:00,0.268993318
2016/6/19 0:00,0.254794786
2016/6/20 0:00,0.269301694
2016/6/21 0:00,0.26590108
2016/6/22 0:00,0.275266274
2016/6/23 0:00,0.330000338
2016/6/24 0:00,0.282235725
2016/6/25 0:00,0.266727757
2016/6/26 0:00,0.254912082
2016/6/27 0:00,0.267186406
2016/6/28 0:00,0.259317301
2016/6/29 0:00,0.282323214
2016/6/30 0:00,0.220900798
2016/7/1 0:00,0.218384987
2016/7/2 0:00,0.20484665
2016/7/3 0:00,0.191604783
2016/7/4 0:00,0.188216324
2016/7/5 0:00,0.194530528
2016/7/6 0:00,0.2525511
2016/7/7 0:00,0.245328101
2016/7/8 0:00,0.270282018
2016/7/9 0:00,0.282972191
2016/7/10 0:00,0.240935708
2016/7/11 0:00,0.231457004
2016/7/12 0:00,0.239281968
2016/7/13 0:00,0.230669214
2016/7/14 0:00,0.180120013
2016/7/15 0:00,0.192724349
2016/7/16 0:00,0.206935794
2016/7/17 0:00,0.193906819
2016/7/18 0:00,0.181130648
2016/7/19 0:00,0.236810315
2016/7/20 0:00,0.278357223
2016/7/21 0:00,0.267987268
2016/7/22 0:00,0.256499067
2016/7/23 0:00,0.229199833
2016/7/24 0:00,0.220398963
2016/7/25 0:00,0.187954288
2016/7/26 0:00,0.209885266
2016/7/27 0:00,0.232270386
2016/7/28 0:00,0.235703787
2016/7/29 0:00,0.268582628
2016/7/30 0:00,0.249457638
2016/7/31 0:00,0.258200299
2016/8/1 0:00,0.246936972
2016/8/2 0:00,0.241752998
2016/8/3 0:00,0.248680787
2016/8/4 0:00,0.216741011
2016/8/5 0:00,0.225336079
2016/8/6 0:00,0.214774995
2016/8/7 0:00,0.223391684
2016/8/8 0:00,0.21463197
2016/8/9 0:00,0.204435844
2016/8/10 0:00,0.22838974
2016/8/11 0:00,0.203162245
2016/8/12 0:00,0.208646284
2016/8/13 0:00,0.217589425
2016/8/14 0:00,0.215554771
2016/8/15 0:00,0.206074865
2016/8/16 0:00,0.221373135
2016/8/17 0:00,0.19572487
2016/8/18 0:00,0.204341628
2016/8/19 0:00,0.195115726
2016/8/20 0:00,0.203943174
2016/8/21 0:00,0.19971601
2016/8/22 0:00,0.189464049
2016/8/23 0:00,0.20488421
2016/8/24 0:00,0.181053651
2016/8/25 0:00,0.092186534
2016/8/26 0:00,0.068118071
2016/8/27 0:00,0.062243049
2016/8/28 0:00,0.057508354
2016/8/29 0:00,0.072527755
2016/8/30 0:00,0.023792535
2016/8/31 0:00,0.029841471
2016/9/1 0:00,0.035948251
2016/9/2 0:00,0.022415067
2016/9/3 0:00,0.022415067
2016/9/4 0:00,0.022418032
2016/9/5 0:00,-0.002843719
2016/9/6 0:00,0.023391603
2016/9/7 0:00,-0.001768098
2016/9/8 0:00,0.032319569
2016/9/9 0:00,0.041478552
2016/9/10 0:00,0.027726894
2016/9/11 0:00,0.040267776
2016/9/12 0:00,0.023794565
2016/9/13 0:00,0.023009826
2016/9/14 0:00,0.051905529
2016/9/15 0:00,0.028980376
2016/9/16 0:00,0.03977894
2016/9/17 0:00,0.036208236
2016/9/18 0:00,0.020026761
2016/9/19 0:00,0.032368872
2016/9/20 0:00,0.006507779
2016/9/21 0:00,0.034554321
2016/9/22 0:00,0.038370413
2016/9/23 0:00,0.018185515
2016/9/24 0:00,0.034680901
2016/9/25 0:00,0.051550335
2016/9/26 0:00,0.034366072
2016/9/27 0:00,0.039415183
2016/9/28 0:00,0.054206943
2016/9/29 0:00,0.071118277
2016/9/30 0:00,0.052300018
2016/10/1 0:00,0.052300018
2016/10/2 0:00,0.052300018
2016/10/3 0:00,0.052300018
2016/10/4 0:00,0.052300018
2016/10/5 0:00,0.052300018
2016/10/6 0:00,0.052300018
2016/10/7 0:00,0.052300018
2016/10/8 0:00,0.026283316
2016/10/9 0:00,0.034695361
2016/10/10 0:00,-0.035045823
2016/10/11 0:00,-0.023416928
2016/10/12 0:00,0.002975731
2016/10/13 0:00,0.013432911
2016/10/14 0:00,-0.005867317
2016/10/15 0:00,0.023550501
2016/10/16 0:00,0.008701699
2016/10/17 0:00,-0.01250871
2016/10/18 0:00,-0.009476657
2016/10/19 0:00,-0.002456643
2016/10/20 0:00,-0.034157478
2016/10/21 0:00,-0.006643734
2016/10/22 0:00,-0.011432337
2016/10/23 0:00,0.002835348
2016/10/24 0:00,0.025787794
2016/10/25 0:00,0.029265463
2016/10/26 0:00,0.037021286
2016/10/27 0:00,0.035888372
2016/10/28 0:00,0.036528434
2016/10/29 0:00,0.02227316
2016/10/30 0:00,0.020123517
2016/10/31 0:00,0.010446575
2016/11/1 0:00,-0.006164613
2016/11/2 0:00,0.020908452
2016/11/3 0:00,0.02849221
2016/11/4 0:00,-0.006486616
2016/11/5 0:00,-0.030100362
2016/11/6 0:00,-0.053388606
2016/11/7 0:00,-0.063182204
2016/11/8 0:00,-0.048030035
2016/11/9 0:00,-0.066923658
2016/11/10 0:00,-0.064543855
2016/11/11 0:00,-0.059108478
2016/11/12 0:00,-0.078230251
2016/11/13 0:00,-0.072458354
2016/11/14 0:00,-0.084279641
2016/11/15 0:00,-0.093611471
2016/11/16 0:00,-0.087156872
2016/11/17 0:00,-0.084986016
2016/11/18 0:00,-0.072421586
2016/11/19 0:00,-0.057966023
2016/11/20 0:00,-0.068732187
2016/11/21 0:00,-0.087830025
2016/11/22 0:00,-0.076759441
2016/11/23 0:00,-0.07208139
2016/11/24 0:00,-0.08610347
2016/11/25 0:00,-0.086300451
2016/11/26 0:00,-0.081499066
2016/11/27 0:00,-0.084891759
2016/11/28 0:00,-0.09389672
2016/11/29 0:00,-0.101714217
2016/11/30 0:00,-0.069303251
2016/12/1 0:00,-0.063000647
2016/12/2 0:00,-0.085376405
2016/12/3 0:00,-0.080409398
2016/12/4 0:00,-0.092287319
2016/12/5 0:00,-0.111119812
2016/12/6 0:00,-0.084110997
2016/12/7 0:00,-0.091755692
2016/12/8 0:00,-0.056196094
2016/12/9 0:00,-0.055921601
2016/12/10 0:00,-0.069666727
2016/12/11 0:00,-0.09629801
2016/12/12 0:00,-0.109757319
2016/12/13 0:00,-0.118773802
2016/12/14 0:00,-0.092328412
2016/12/15 0:00,-0.067275607
2016/12/16 0:00,-0.076424818
2016/12/17 0:00,-0.073853197
2016/12/18 0:00,-0.087692235
2016/12/19 0:00,-0.111231314
2016/12/20 0:00,-0.096698676
2016/12/21 0:00,-0.073505542
2016/12/22 0:00,-0.097297249
2016/12/23 0:00,-0.096588578
2016/12/24 0:00,-0.092376431
2016/12/25 0:00,-0.096464671
2016/12/26 0:00,-0.104928556
2016/12/27 0:00,-0.098648578
2016/12/28 0:00,-0.091789582
2016/12/29 0:00,-0.081918002
2016/12/30 0:00,-0.079693593
2016/12/31 0:00,-0.082966359
2017/1/1 0:00,-0.082966359
2017/1/2 0:00,-0.082966359
2017/1/3 0:00,-0.097061345
2017/1/4 0:00,-0.069311421
2017/1/5 0:00,-0.095076566
2017/1/6 0:00,-0.076876416
2017/1/7 0:00,-0.053589721
2017/1/8 0:00,-0.056495065
2017/1/9 0:00,-0.071527291
2017/1/10 0:00,-0.057417756
2017/1/11 0:00,-0.047065784
2017/1/12 0:00,-0.064168327
2017/1/13 0:00,-0.035037999
2017/1/14 0:00,-0.053904594
2017/1/15 0:00,-0.039751326
2017/1/16 0:00,-0.058444985
2017/1/17 0:00,-0.036716928
2017/1/18 0:00,-0.02008061
2017/1/19 0:00,-0.0168114
2017/1/20 0:00,0.011191955
2017/1/21 0:00,0.015273775
2017/1/22 0:00,-0.011633918
2017/1/23 0:00,-0.02634047
2017/1/24 0:00,-0.013045153
2017/1/25 0:00,0.025342728
2017/1/26 0:00,0.018067713
2017/1/27 0:00,0.031143425
2017/1/28 0:00,0.024875261
2017/1/29 0:00,0.018689382
2017/1/30 0:00,0.018689382
2017/1/31 0:00,0.018689382
2017/2/1 0:00,0.049279459
2017/2/2 0:00,0.064097333
2017/2/3 0:00,0.067555497
2017/2/4 0:00,0.067555497
2017/2/5 0:00,0.067555497
2017/2/6 0:00,0.083464567
2017/2/7 0:00,0.072383623
2017/2/8 0:00,0.081090079
2017/2/9 0:00,0.079427937
2017/2/10 0:00,0.089638236
2017/2/11 0:00,0.089638236
2017/2/12 0:00,0.089648519
2017/2/13 0:00,0.071127512
2017/2/14 0:00,0.066457686
2017/2/15 0:00,0.083395701
2017/2/16 0:00,0.025042454
2017/2/17 0:00,-0.031578698
2017/2/18 0:00,-0.038859901
2017/2/19 0:00,-0.036696149
2017/2/20 0:00,-0.029380047
2017/2/21 0:00,-0.033989191
2017/2/22 0:00,-0.012341034
2017/2/23 0:00,-0.025664003
2017/2/24 0:00,-0.055625191
2017/2/25 0:00,-0.059983952
2017/2/26 0:00,-0.054232008
2017/2/27 0:00,-0.056300802
2017/2/28 0:00,-0.061386804
2017/3/1 0:00,-0.059930363
2017/3/2 0:00,-0.0485009
2017/3/3 0:00,-0.038419916
2017/3/4 0:00,-0.048990748
2017/3/5 0:00,-0.04898925
2017/3/6 0:00,-0.070383878
2017/3/7 0:00,-0.049163988
2017/3/8 0:00,-0.065793047
2017/3/9 0:00,-0.056169907
2017/3/10 0:00,-0.07343328
2017/3/11 0:00,-0.080714173
2017/3/12 0:00,-0.080719911
2017/3/13 0:00,-0.095626943
2017/3/14 0:00,-0.070562426
2017/3/15 0:00,-0.049416701
2017/3/16 0:00,-0.081755317
2017/3/17 0:00,-0.095269877
2017/3/18 0:00,-0.079020615
2017/3/19 0:00,-0.079021809
2017/3/20 0:00,-0.061132908
2017/3/21 0:00,-0.034630683
2017/3/22 0:00,-0.054365576
2017/3/23 0:00,-0.072865954
2017/3/24 0:00,-0.057275096
2017/3/25 0:00,-0.053174774
2017/3/26 0:00,-0.053179228
2017/3/27 0:00,-0.054942228
2017/3/28 0:00,-0.039869803
2017/3/29 0:00,-0.061560764
2017/3/30 0:00,-0.079864266
2017/3/31 0:00,-0.093995524
2017/4/1 0:00,-0.096167798
2017/4/2 0:00,-0.096167798
2017/4/3 0:00,-0.096172918
2017/4/4 0:00,-0.096172918
2017/4/5 0:00,-0.073794198
2017/4/6 0:00,-0.065819901
2017/4/7 0:00,-0.083967344
2017/4/8 0:00,-0.092826212
2017/4/9 0:00,-0.092823635
2017/4/10 0:00,-0.062328453
2017/4/11 0:00,-0.07516332
2017/4/12 0:00,-0.038294464
2017/4/13 0:00,-0.035021564
2017/4/14 0:00,-0.000713477
2017/4/15 0:00,-0.010927588
2017/4/16 0:00,-0.010916794
2017/4/17 0:00,-0.019799946
2017/4/18 0:00,0.006506796
2017/4/19 0:00,-0.029416011
2017/4/20 0:00,-0.005290897
2017/4/21 0:00,-0.026571022
2017/4/22 0:00,-0.028351627
2017/4/23 0:00,-0.028352761
2017/4/24 0:00,-0.038306825
2017/4/25 0:00,-0.023852966
2017/4/26 0:00,-0.024613583
2017/4/27 0:00,-0.001158964
2017/4/28 0:00,-0.011108608
2017/4/29 0:00,-0.001446716
2017/4/30 0:00,-0.001444044
2017/5/1 0:00,-0.001439339
2017/5/2 0:00,-0.019870005
2017/5/3 0:00,-0.014985396
2017/5/4 0:00,-0.006831847
2017/5/5 0:00,-0.017909465
2017/5/6 0:00,-0.025784007
2017/5/7 0:00,-0.025787427
2017/5/8 0:00,-0.045416637
2017/5/9 0:00,-0.002293694
2017/5/10 0:00,-0.023857611
2017/5/11 0:00,-0.036222132
2017/5/12 0:00,-0.01843979
2017/5/13 0:00,-0.03462691
2017/5/14 0:00,-0.034630375
2017/5/15 0:00,-0.037588314
2017/5/16 0:00,-0.010552858
2017/5/17 0:00,-0.017558836
2017/5/18 0:00,-0.020440663
2017/5/19 0:00,-0.034084513
2017/5/20 0:00,-0.03226827
2017/5/21 0:00,-0.03226827
2017/5/22 0:00,-0.035770909
2017/5/23 0:00,-0.027865588
2017/5/24 0:00,-0.025197349
2017/5/25 0:00,-0.042443326
2017/5/26 0:00,-0.054027153
2017/5/27 0:00,-0.067567649
2017/5/28 0:00,-0.067563835
2017/5/29 0:00,-0.067564486
2017/5/30 0:00,-0.051966185
2017/5/31 0:00,-0.119874997
2017/6/1 0:00,-0.096100267
2017/6/2 0:00,-0.077537762
2017/6/3 0:00,-0.083081821
2017/6/4 0:00,-0.083101019
2017/6/5 0:00,-0.092950785
2017/6/6 0:00,-0.072941704
2017/6/7 0:00,-0.088212066
2017/6/8 0:00,-0.090290593
2017/6/9 0:00,-0.079315137
2017/6/10 0:00,-0.079315137
2017/6/11 0:00,-0.079302204
2017/6/12 0:00,-0.082207153
2017/6/13 0:00,-0.069612507
2017/6/14 0:00,-0.070156404
2017/6/15 0:00,-0.055771176
2017/6/16 0:00,-0.07153082
2017/6/17 0:00,-0.051489047
2017/6/18 0:00,-0.051490883
2017/6/19 0:00,-0.041469711
2017/6/20 0:00,-0.047288961
2017/6/21 0:00,-0.040743119
2017/6/22 0:00,-0.047139654
2017/6/23 0:00,-0.035231237
2017/6/24 0:00,-0.024543168
2017/6/25 0:00,-0.024539495
2017/6/26 0:00,-0.025532196
2017/6/27 0:00,-0.029557819
2017/6/28 0:00,-0.009624267
2017/6/29 0:00,-0.007858201
2017/6/30 0:00,0.024123615
2017/7/1 0:00,0.048916708
2017/7/2 0:00,0.048919805
2017/7/3 0:00,0.044924342
2017/7/4 0:00,0.05252858
2017/7/5 0:00,0.050794058
2017/7/6 0:00,0.016317479
2017/7/7 0:00,0.011524591
2017/7/8 0:00,0.013699971
2017/7/9 0:00,0.0137021
2017/7/10 0:00,-0.002609079
2017/7/11 0:00,0.007010953
2017/7/12 0:00,0.024046013
2017/7/13 0:00,0.000644303
2017/7/14 0:00,0.021682448
2017/7/15 0:00,0.032692634
2017/7/16 0:00,0.032689755
2017/7/17 0:00,0.020781094
2017/7/18 0:00,0.048809883
2017/7/19 0:00,-0.007583185
2017/7/20 0:00,-0.004900167
2017/7/21 0:00,-0.01036556
2017/7/22 0:00,-0.002408114
2017/7/23 0:00,-0.002405071
2017/7/24 0:00,-0.023920588
2017/7/25 0:00,0.013066701
2017/7/26 0:00,-0.003698381
2017/7/27 0:00,-0.001800822
2017/7/28 0:00,-0.009155119
2017/7/29 0:00,-0.006792661
2017/7/30 0:00,-0.00679386
2017/7/31 0:00,-0.019767585
2017/8/1 0:00,0.005402551
2017/8/2 0:00,0.009436901
2017/8/3 0:00,-0.005747851
2017/8/4 0:00,-0.016504801
2017/8/5 0:00,-0.019851383
2017/8/6 0:00,-0.019851383
2017/8/7 0:00,-0.010736525
2017/8/8 0:00,0.002741943
2017/8/9 0:00,-0.002455999
2017/8/10 0:00,0.007383848
2017/8/11 0:00,0.004414284
2017/8/12 0:00,-0.002416199
2017/8/13 0:00,-0.002411674
2017/8/14 0:00,0.000699371
2017/8/15 0:00,0.001346512
2017/8/16 0:00,-0.009398438
2017/8/17 0:00,0.008359667
2017/8/18 0:00,-0.011060025
2017/8/19 0:00,0.002663431
2017/8/20 0:00,0.002664355
2017/8/21 0:00,-0.00715292
2017/8/22 0:00,0.003540731
2017/8/23 0:00,-0.025230399
2017/8/24 0:00,-6.11E-05
2017/8/25 0:00,-0.000796586
2017/8/26 0:00,0.005412126
2017/8/27 0:00,0.005409603
2017/8/28 0:00,-0.006664272
2017/8/29 0:00,-0.008759032
2017/8/30 0:00,0.012065463
2017/8/31 0:00,0.019611928
2017/9/1 0:00,0.018178109
2017/9/2 0:00,0.00686897
2017/9/3 0:00,0.006872029
2017/9/4 0:00,-0.005749273
2017/9/5 0:00,0.028968094
2017/9/6 0:00,0.032451607
2017/9/7 0:00,0.0527737
2017/9/8 0:00,0.040570308
2017/9/9 0:00,0.015612279
2017/9/10 0:00,0.015610688
2017/9/11 0:00,0.002386446
2017/9/12 0:00,0.007510002
2017/9/13 0:00,0.025213341
2017/9/14 0:00,0.016190047
2017/9/15 0:00,0.023194852
2017/9/16 0:00,0.023194852
2017/9/17 0:00,0.023194537
2017/9/18 0:00,0.025056207
2017/9/19 0:00,0.006785877
2017/9/20 0:00,0.056790646
2017/9/21 0:00,0.036642754
2017/9/22 0:00,0.032839653
2017/9/23 0:00,0.028207885
2017/9/24 0:00,0.028200449
2017/9/25 0:00,0.012695792
2017/9/26 0:00,0.024651948
2017/9/27 0:00,0.022840789
2017/9/28 0:00,0.013067312
2017/9/29 0:00,0.033103908
2017/9/30 0:00,0.037296871
2017/10/1 0:00,0.037296871
2017/10/2 0:00,0.037296871
2017/10/3 0:00,0.037296871
2017/10/4 0:00,0.037296871
2017/10/5 0:00,0.037296871
2017/10/6 0:00,0.037296871
2017/10/7 0:00,0.037296871
2017/10/8 0:00,0.037296871
2017/10/9 0:00,0.020608382
2017/10/10 0:00,0.07821727
2017/10/11 0:00,0.069456222
2017/10/12 0:00,0.047344053
2017/10/13 0:00,0.059509297
2017/10/14 0:00,0.065066401
2017/10/15 0:00,0.065060616
2017/10/16 0:00,0.058273508
2017/10/17 0:00,0.095447366
2017/10/18 0:00,0.084859141
2017/10/19 0:00,0.070702861
2017/10/20 0:00,0.093397419
2017/10/21 0:00,0.077315961
2017/10/22 0:00,0.077307323
2017/10/23 0:00,0.061499806
2017/10/24 0:00,0.046360139
2017/10/25 0:00,0.03631826
2017/10/26 0:00,0.056276814
2017/10/27 0:00,0.054554046
2017/10/28 0:00,0.040125034
2017/10/29 0:00,0.040123594
2017/10/30 0:00,0.038209944
2017/10/31 0:00,0.051162435
2017/11/1 0:00,0.072574113
2017/11/2 0:00,0.07026273
2017/11/3 0:00,0.072468341
2017/11/4 0:00,0.051689592
2017/11/5 0:00,0.051685698
2017/11/6 0:00,0.028024434
2017/11/7 0:00,0.061289256
2017/11/8 0:00,0.043637192
2017/11/9 0:00,0.071900496
2017/11/10 0:00,0.069801456
2017/11/11 0:00,0.051474416
2017/11/12 0:00,0.051475914
2017/11/13 0:00,0.033962198
2017/11/14 0:00,0.063650758
2017/11/15 0:00,0.076884664
2017/11/16 0:00,0.05280488
2017/11/17 0:00,0.050474711
2017/11/18 0:00,0.042386266
2017/11/19 0:00,0.042387167
2017/11/20 0:00,0.031941142
2017/11/21 0:00,0.066155319
2017/11/22 0:00,0.055134286
2017/11/23 0:00,0.047482328
2017/11/24 0:00,0.06189983
2017/11/25 0:00,0.050802298
2017/11/26 0:00,0.050808773
2017/11/27 0:00,0.03577499
2017/11/28 0:00,0.057470516
2017/11/29 0:00,0.065741732
2017/11/30 0:00,0.06511499
2017/12/1 0:00,0.044372187
2017/12/2 0:00,0.055246563
2017/12/3 0:00,0.055248967
2017/12/4 0:00,0.065282374
2017/12/5 0:00,0.078250766
2017/12/6 0:00,0.05576595
2017/12/7 0:00,0.049036617
2017/12/8 0:00,0.052766006
2017/12/9 0:00,0.037962091
2017/12/10 0:00,0.037961246
2017/12/11 0:00,0.027451419
2017/12/12 0:00,0.052578226
2017/12/13 0:00,0.062962626
2017/12/14 0:00,0.037254578
2017/12/15 0:00,0.032427664
2017/12/16 0:00,0.026019014
2017/12/17 0:00,0.026017092
2017/12/18 0:00,0.008120859
2017/12/19 0:00,0.053091828
2017/12/20 0:00,0.035084077
2017/12/21 0:00,0.017877034
2017/12/22 0:00,0.029837391
2017/12/23 0:00,0.03380512
2017/12/24 0:00,0.033806069
2017/12/25 0:00,0.021869373
2017/12/26 0:00,0.04053082
2017/12/27 0:00,0.033660144
2017/12/28 0:00,0.047405647
2017/12/29 0:00,0.035682638
2017/12/30 0:00,0.020770269
2017/12/31 0:00,0.020773756
2018/1/1 0:00,0.020773756
2018/1/2 0:00,-0.007117329
2018/1/3 0:00,0.02117361
2018/1/4 0:00,0.020314676
2018/1/5 0:00,0.051101385
2018/1/6 0:00,0.036339174
2018/1/7 0:00,0.036335742
2018/1/8 0:00,0.026450781
2018/1/9 0:00,0.044059131
2018/1/10 0:00,0.02260693
2018/1/11 0:00,0.033188855
2018/1/12 0:00,0.042001796
2018/1/13 0:00,0.027411996
2018/1/14 0:00,0.027414384
2018/1/15 0:00,0.029131718
2018/1/16 0:00,0.042378497
2018/1/17 0:00,0.003184929
2018/1/18 0:00,0.013942916
2018/1/19 0:00,0.033376958
2018/1/20 0:00,0.00864916
2018/1/21 0:00,0.008654512
2018/1/22 0:00,0.019724422
2018/1/23 0:00,0.037796728
2018/1/24 0:00,0.03592541
2018/1/25 0:00,0.015003835
2018/1/26 0:00,0.01863676
2018/1/27 0:00,0.01863676
2018/1/28 0:00,0.018630841
2018/1/29 0:00,0.007947076
2018/1/30 0:00,0.030641735
2018/1/31 0:00,0.027972647
2018/2/1 0:00,0.010475295
2018/2/2 0:00,0.011046184
2018/2/3 0:00,0.011041424
2018/2/4 0:00,0.011041103
2018/2/5 0:00,0.007176876
2018/2/6 0:00,-0.016743563
2018/2/7 0:00,0.004480125
2018/2/8 0:00,0.005534915
2018/2/9 0:00,0.006122709
2018/2/10 0:00,-0.003305019
2018/2/11 0:00,-0.018704365
2018/2/12 0:00,-0.004331353
2018/2/13 0:00,0.016505677
2018/2/14 0:00,0.020956773
2018/2/15 0:00,0.00499494
2018/2/16 0:00,0.010309269
2018/2/17 0:00,0.044761356
2018/2/18 0:00,0.044761356
2018/2/19 0:00,0.044765179
2018/2/20 0:00,0.036890204
2018/2/21 0:00,0.041837536
2018/2/22 0:00,0.037594087
2018/2/23 0:00,0.05405134
2018/2/24 0:00,0.072124218
2018/2/25 0:00,0.072124218
2018/2/26 0:00,0.08989382
2018/2/27 0:00,0.075802379
2018/2/28 0:00,0.071815391
2018/3/1 0:00,0.092937886
2018/3/2 0:00,0.086171602
2018/3/3 0:00,0.071256563
2018/3/4 0:00,0.071268357
2018/3/5 0:00,0.057736649
2018/3/6 0:00,0.093034171
2018/3/7 0:00,0.098294696
2018/3/8 0:00,0.094320447
2018/3/9 0:00,0.094915952
2018/3/10 0:00,0.102272098
2018/3/11 0:00,0.10226835
2018/3/12 0:00,0.107787436
2018/3/13 0:00,0.127169257
2018/3/14 0:00,0.090966264
2018/3/15 0:00,0.084888514
2018/3/16 0:00,0.113335876
2018/3/17 0:00,0.110030002
2018/3/18 0:00,0.110016388
2018/3/19 0:00,0.080725638
2018/3/20 0:00,0.079581342
2018/3/21 0:00,0.07386624
2018/3/22 0:00,0.080711045
2018/3/23 0:00,0.077771566
2018/3/24 0:00,0.064848706
2018/3/25 0:00,0.064843524
2018/3/26 0:00,0.049198714
2018/3/27 0:00,0.0424182
2018/3/28 0:00,0.054737743
2018/3/29 0:00,0.082849154
2018/3/30 0:00,0.101766675
2018/3/31 0:00,0.131923416
2018/4/1 0:00,0.100671618
2018/4/2 0:00,0.092349097
2018/4/3 0:00,0.1062749
2018/4/4 0:00,0.114844624
2018/4/5 0:00,0.098461492
2018/4/6 0:00,0.080391728
2018/4/7 0:00,0.082812823
2018/4/8 0:00,0.080093014
2018/4/9 0:00,0.096256695
2018/4/10 0:00,0.073691248
2018/4/11 0:00,0.07351698
2018/4/12 0:00,0.051062731
2018/4/13 0:00,0.061683263
2018/4/14 0:00,0.044785107
2018/4/15 0:00,0.044793872
2018/4/16 0:00,0.041991476
2018/4/17 0:00,0.059650045
2018/4/18 0:00,0.036251633
2018/4/19 0:00,0.052897195
2018/4/20 0:00,0.036769459
2018/4/21 0:00,0.04630988
2018/4/22 0:00,0.046308901
2018/4/23 0:00,0.050060232
2018/4/24 0:00,0.064957827
2018/4/25 0:00,0.043032788
2018/4/26 0:00,0.034400074
2018/4/27 0:00,0.042752429
2018/4/28 0:00,0.030894109
2018/4/29 0:00,0.030892775
2018/4/30 0:00,0.030890016
2018/5/1 0:00,0.030890016
2018/5/2 0:00,0.040321744
2018/5/3 0:00,0.060298344
2018/5/4 0:00,0.02919649
2018/5/5 0:00,0.033001868
2018/5/6 0:00,0.033001306
2018/5/7 0:00,0.025886989
2018/5/8 0:00,0.064398437
2018/5/9 0:00,0.025635604
2018/5/10 0:00,0.034252
2018/5/11 0:00,0.070293842
2018/5/12 0:00,0.04267109
2018/5/13 0:00,0.04268646
2018/5/14 0:00,0.036349925
2018/5/15 0:00,0.039304605
2018/5/16 0:00,0.037245023
2018/5/17 0:00,0.03185676
2018/5/18 0:00,0.032254625
2018/5/19 0:00,0.038750018
2018/5/20 0:00,0.038750686
2018/5/21 0:00,0.039572738
2018/5/22 0:00,0.04492261
2018/5/23 0:00,0.029503939
2018/5/24 0:00,0.035438791
2018/5/25 0:00,0.045266449
2018/5/26 0:00,0.053665512
2018/5/27 0:00,0.071044465
2018/5/28 0:00,0.072211316
2018/5/29 0:00,0.062040094
2018/5/30 0:00,0.071903097
2018/5/31 0:00,0.137499754
2018/6/1 0:00,0.112881665
2018/6/2 0:00,0.094777157
2018/6/3 0:00,0.094783791
2018/6/4 0:00,0.088117686
2018/6/5 0:00,0.104002696
2018/6/6 0:00,0.09141334
2018/6/7 0:00,0.114547009
2018/6/8 0:00,0.092559246
