2009-01-01 00:00:00,
2009-01-02 00:00:00,
2009-01-03 00:00:00,
2009-01-04 00:00:00,
2009-01-05 00:00:00,
2009-01-06 00:00:00,
2009-01-07 00:00:00,
2009-01-08 00:00:00,
2009-01-09 00:00:00,
2009-01-10 00:00:00,
2009-01-11 00:00:00,
2009-01-12 00:00:00,
2009-01-13 00:00:00,
2009-01-14 00:00:00,
2009-01-15 00:00:00,
2009-01-16 00:00:00,
2009-01-17 00:00:00,
2009-01-18 00:00:00,
2009-01-19 00:00:00,
2009-01-20 00:00:00,
2009-01-21 00:00:00,
2009-01-22 00:00:00,
2009-01-23 00:00:00,
2009-01-24 00:00:00,
2009-01-25 00:00:00,
2009-01-26 00:00:00,
2009-01-27 00:00:00,
2009-01-28 00:00:00,
2009-01-29 00:00:00,
2009-01-30 00:00:00,
2009-01-31 00:00:00,
2009-02-01 00:00:00,
2009-02-02 00:00:00,
2009-02-03 00:00:00,
2009-02-04 00:00:00,
2009-02-05 00:00:00,
2009-02-06 00:00:00,
2009-02-07 00:00:00,
2009-02-08 00:00:00,
2009-02-09 00:00:00,
2009-02-10 00:00:00,
2009-02-11 00:00:00,
2009-02-12 00:00:00,
2009-02-13 00:00:00,
2009-02-14 00:00:00,
2009-02-15 00:00:00,
2009-02-16 00:00:00,
2009-02-17 00:00:00,
2009-02-18 00:00:00,
2009-02-19 00:00:00,
2009-02-20 00:00:00,
2009-02-21 00:00:00,
2009-02-22 00:00:00,
2009-02-23 00:00:00,
2009-02-24 00:00:00,
2009-02-25 00:00:00,
2009-02-26 00:00:00,
2009-02-27 00:00:00,
2009-02-28 00:00:00,
2009-03-01 00:00:00,
2009-03-02 00:00:00,
2009-03-03 00:00:00,
2009-03-04 00:00:00,
2009-03-05 00:00:00,
2009-03-06 00:00:00,
2009-03-07 00:00:00,
2009-03-08 00:00:00,
2009-03-09 00:00:00,
2009-03-10 00:00:00,
2009-03-11 00:00:00,
2009-03-12 00:00:00,
2009-03-13 00:00:00,
2009-03-14 00:00:00,
2009-03-15 00:00:00,
2009-03-16 00:00:00,
2009-03-17 00:00:00,
2009-03-18 00:00:00,
2009-03-19 00:00:00,
2009-03-20 00:00:00,
2009-03-21 00:00:00,
2009-03-22 00:00:00,
2009-03-23 00:00:00,
2009-03-24 00:00:00,
2009-03-25 00:00:00,
2009-03-26 00:00:00,
2009-03-27 00:00:00,
2009-03-28 00:00:00,
2009-03-29 00:00:00,
2009-03-30 00:00:00,
2009-03-31 00:00:00,
2009-04-01 00:00:00,
2009-04-02 00:00:00,
2009-04-03 00:00:00,
2009-04-04 00:00:00,
2009-04-05 00:00:00,
2009-04-06 00:00:00,
2009-04-07 00:00:00,
2009-04-08 00:00:00,
2009-04-09 00:00:00,
2009-04-10 00:00:00,
2009-04-11 00:00:00,
2009-04-12 00:00:00,
2009-04-13 00:00:00,
2009-04-14 00:00:00,
2009-04-15 00:00:00,
2009-04-16 00:00:00,
2009-04-17 00:00:00,
2009-04-18 00:00:00,
2009-04-19 00:00:00,
2009-04-20 00:00:00,
2009-04-21 00:00:00,
2009-04-22 00:00:00,
2009-04-23 00:00:00,
2009-04-24 00:00:00,
2009-04-25 00:00:00,
2009-04-26 00:00:00,
2009-04-27 00:00:00,
2009-04-28 00:00:00,
2009-04-29 00:00:00,
2009-04-30 00:00:00,
2009-05-01 00:00:00,
2009-05-02 00:00:00,
2009-05-03 00:00:00,
2009-05-04 00:00:00,
2009-05-05 00:00:00,
2009-05-06 00:00:00,
2009-05-07 00:00:00,
2009-05-08 00:00:00,
2009-05-09 00:00:00,
2009-05-10 00:00:00,
2009-05-11 00:00:00,
2009-05-12 00:00:00,
2009-05-13 00:00:00,
2009-05-14 00:00:00,
2009-05-15 00:00:00,
2009-05-16 00:00:00,
2009-05-17 00:00:00,
2009-05-18 00:00:00,
2009-05-19 00:00:00,
2009-05-20 00:00:00,
2009-05-21 00:00:00,
2009-05-22 00:00:00,
2009-05-23 00:00:00,
2009-05-24 00:00:00,
2009-05-25 00:00:00,
2009-05-26 00:00:00,
2009-05-27 00:00:00,
2009-05-28 00:00:00,
2009-05-29 00:00:00,
2009-05-30 00:00:00,
2009-05-31 00:00:00,
2009-06-01 00:00:00,
2009-06-02 00:00:00,
2009-06-03 00:00:00,
2009-06-04 00:00:00,
2009-06-05 00:00:00,
2009-06-06 00:00:00,
2009-06-07 00:00:00,
2009-06-08 00:00:00,
2009-06-09 00:00:00,
2009-06-10 00:00:00,
2009-06-11 00:00:00,
2009-06-12 00:00:00,
2009-06-13 00:00:00,
2009-06-14 00:00:00,
2009-06-15 00:00:00,
2009-06-16 00:00:00,
2009-06-17 00:00:00,
2009-06-18 00:00:00,
2009-06-19 00:00:00,
2009-06-20 00:00:00,
2009-06-21 00:00:00,
2009-06-22 00:00:00,
2009-06-23 00:00:00,
2009-06-24 00:00:00,
2009-06-25 00:00:00,
2009-06-26 00:00:00,
2009-06-27 00:00:00,
2009-06-28 00:00:00,
2009-06-29 00:00:00,
2009-06-30 00:00:00,
2009-07-01 00:00:00,
2009-07-02 00:00:00,
2009-07-03 00:00:00,
2009-07-04 00:00:00,
2009-07-05 00:00:00,
2009-07-06 00:00:00,
2009-07-07 00:00:00,
2009-07-08 00:00:00,
2009-07-09 00:00:00,
2009-07-10 00:00:00,
2009-07-11 00:00:00,
2009-07-12 00:00:00,
2009-07-13 00:00:00,
2009-07-14 00:00:00,
2009-07-15 00:00:00,
2009-07-16 00:00:00,
2009-07-17 00:00:00,
2009-07-18 00:00:00,
2009-07-19 00:00:00,
2009-07-20 00:00:00,
2009-07-21 00:00:00,
2009-07-22 00:00:00,
2009-07-23 00:00:00,
2009-07-24 00:00:00,
2009-07-25 00:00:00,
2009-07-26 00:00:00,
2009-07-27 00:00:00,
2009-07-28 00:00:00,
2009-07-29 00:00:00,
2009-07-30 00:00:00,
2009-07-31 00:00:00,
2009-08-01 00:00:00,
2009-08-02 00:00:00,
2009-08-03 00:00:00,
2009-08-04 00:00:00,
2009-08-05 00:00:00,
2009-08-06 00:00:00,
2009-08-07 00:00:00,
2009-08-08 00:00:00,
2009-08-09 00:00:00,
2009-08-10 00:00:00,
2009-08-11 00:00:00,
2009-08-12 00:00:00,
2009-08-13 00:00:00,
2009-08-14 00:00:00,
2009-08-15 00:00:00,
2009-08-16 00:00:00,
2009-08-17 00:00:00,
2009-08-18 00:00:00,
2009-08-19 00:00:00,
2009-08-20 00:00:00,
2009-08-21 00:00:00,
2009-08-22 00:00:00,
2009-08-23 00:00:00,
2009-08-24 00:00:00,
2009-08-25 00:00:00,
2009-08-26 00:00:00,
2009-08-27 00:00:00,
2009-08-28 00:00:00,
2009-08-29 00:00:00,
2009-08-30 00:00:00,
2009-08-31 00:00:00,
2009-09-01 00:00:00,
2009-09-02 00:00:00,
2009-09-03 00:00:00,
2009-09-04 00:00:00,
2009-09-05 00:00:00,
2009-09-06 00:00:00,
2009-09-07 00:00:00,
2009-09-08 00:00:00,
2009-09-09 00:00:00,
2009-09-10 00:00:00,
2009-09-11 00:00:00,
2009-09-12 00:00:00,
2009-09-13 00:00:00,
2009-09-14 00:00:00,
2009-09-15 00:00:00,
2009-09-16 00:00:00,
2009-09-17 00:00:00,
2009-09-18 00:00:00,
2009-09-19 00:00:00,
2009-09-20 00:00:00,
2009-09-21 00:00:00,
2009-09-22 00:00:00,
2009-09-23 00:00:00,
2009-09-24 00:00:00,
2009-09-25 00:00:00,
2009-09-26 00:00:00,
2009-09-27 00:00:00,
2009-09-28 00:00:00,
2009-09-29 00:00:00,
2009-09-30 00:00:00,
2009-10-01 00:00:00,
2009-10-02 00:00:00,
2009-10-03 00:00:00,
2009-10-04 00:00:00,
2009-10-05 00:00:00,
2009-10-06 00:00:00,
2009-10-07 00:00:00,
2009-10-08 00:00:00,
2009-10-09 00:00:00,
2009-10-10 00:00:00,
2009-10-11 00:00:00,
2009-10-12 00:00:00,
2009-10-13 00:00:00,
2009-10-14 00:00:00,
2009-10-15 00:00:00,
2009-10-16 00:00:00,
2009-10-17 00:00:00,
2009-10-18 00:00:00,
2009-10-19 00:00:00,
2009-10-20 00:00:00,
2009-10-21 00:00:00,
2009-10-22 00:00:00,
2009-10-23 00:00:00,
2009-10-24 00:00:00,
2009-10-25 00:00:00,
2009-10-26 00:00:00,
2009-10-27 00:00:00,
2009-10-28 00:00:00,
2009-10-29 00:00:00,
2009-10-30 00:00:00,
2009-10-31 00:00:00,
2009-11-01 00:00:00,
2009-11-02 00:00:00,
2009-11-03 00:00:00,
2009-11-04 00:00:00,
2009-11-05 00:00:00,
2009-11-06 00:00:00,
2009-11-07 00:00:00,
2009-11-08 00:00:00,
2009-11-09 00:00:00,
2009-11-10 00:00:00,
2009-11-11 00:00:00,
2009-11-12 00:00:00,
2009-11-13 00:00:00,
2009-11-14 00:00:00,
2009-11-15 00:00:00,
2009-11-16 00:00:00,
2009-11-17 00:00:00,
2009-11-18 00:00:00,
2009-11-19 00:00:00,
2009-11-20 00:00:00,
2009-11-21 00:00:00,
2009-11-22 00:00:00,
2009-11-23 00:00:00,
2009-11-24 00:00:00,
2009-11-25 00:00:00,
2009-11-26 00:00:00,
2009-11-27 00:00:00,
2009-11-28 00:00:00,
2009-11-29 00:00:00,
2009-11-30 00:00:00,
2009-12-01 00:00:00,
2009-12-02 00:00:00,
2009-12-03 00:00:00,
2009-12-04 00:00:00,
2009-12-05 00:00:00,
2009-12-06 00:00:00,
2009-12-07 00:00:00,
2009-12-08 00:00:00,
2009-12-09 00:00:00,
2009-12-10 00:00:00,
2009-12-11 00:00:00,
2009-12-12 00:00:00,
2009-12-13 00:00:00,
2009-12-14 00:00:00,
2009-12-15 00:00:00,
2009-12-16 00:00:00,
2009-12-17 00:00:00,
2009-12-18 00:00:00,
2009-12-19 00:00:00,
2009-12-20 00:00:00,
2009-12-21 00:00:00,
2009-12-22 00:00:00,
2009-12-23 00:00:00,
2009-12-24 00:00:00,
2009-12-25 00:00:00,
2009-12-26 00:00:00,
2009-12-27 00:00:00,
2009-12-28 00:00:00,
2009-12-29 00:00:00,
2009-12-30 00:00:00,
2009-12-31 00:00:00,
2010-01-01 00:00:00,
2010-01-02 00:00:00,
2010-01-03 00:00:00,
2010-01-04 00:00:00,
2010-01-05 00:00:00,
2010-01-06 00:00:00,
2010-01-07 00:00:00,
2010-01-08 00:00:00,
2010-01-09 00:00:00,
2010-01-10 00:00:00,
2010-01-11 00:00:00,
2010-01-12 00:00:00,
2010-01-13 00:00:00,
2010-01-14 00:00:00,
2010-01-15 00:00:00,
2010-01-16 00:00:00,
2010-01-17 00:00:00,
2010-01-18 00:00:00,
2010-01-19 00:00:00,
2010-01-20 00:00:00,
2010-01-21 00:00:00,
2010-01-22 00:00:00,
2010-01-23 00:00:00,
2010-01-24 00:00:00,
2010-01-25 00:00:00,
2010-01-26 00:00:00,
2010-01-27 00:00:00,
2010-01-28 00:00:00,
2010-01-29 00:00:00,
2010-01-30 00:00:00,
2010-01-31 00:00:00,
2010-02-01 00:00:00,
2010-02-02 00:00:00,
2010-02-03 00:00:00,
2010-02-04 00:00:00,
2010-02-05 00:00:00,
2010-02-06 00:00:00,
2010-02-07 00:00:00,
2010-02-08 00:00:00,
2010-02-09 00:00:00,
2010-02-10 00:00:00,
2010-02-11 00:00:00,
2010-02-12 00:00:00,
2010-02-13 00:00:00,
2010-02-14 00:00:00,
2010-02-15 00:00:00,
2010-02-16 00:00:00,
2010-02-17 00:00:00,
2010-02-18 00:00:00,
2010-02-19 00:00:00,
2010-02-20 00:00:00,
2010-02-21 00:00:00,
2010-02-22 00:00:00,
2010-02-23 00:00:00,
2010-02-24 00:00:00,
2010-02-25 00:00:00,
2010-02-26 00:00:00,
2010-02-27 00:00:00,
2010-02-28 00:00:00,
2010-03-01 00:00:00,
2010-03-02 00:00:00,
2010-03-03 00:00:00,
2010-03-04 00:00:00,
2010-03-05 00:00:00,
2010-03-06 00:00:00,
2010-03-07 00:00:00,
2010-03-08 00:00:00,
2010-03-09 00:00:00,
2010-03-10 00:00:00,
2010-03-11 00:00:00,
2010-03-12 00:00:00,
2010-03-13 00:00:00,
2010-03-14 00:00:00,
2010-03-15 00:00:00,
2010-03-16 00:00:00,
2010-03-17 00:00:00,
2010-03-18 00:00:00,
2010-03-19 00:00:00,
2010-03-20 00:00:00,
2010-03-21 00:00:00,
2010-03-22 00:00:00,
2010-03-23 00:00:00,
2010-03-24 00:00:00,
2010-03-25 00:00:00,
2010-03-26 00:00:00,
2010-03-27 00:00:00,
2010-03-28 00:00:00,
2010-03-29 00:00:00,
2010-03-30 00:00:00,
2010-03-31 00:00:00,
2010-04-01 00:00:00,
2010-04-02 00:00:00,
2010-04-03 00:00:00,
2010-04-04 00:00:00,
2010-04-05 00:00:00,
2010-04-06 00:00:00,
2010-04-07 00:00:00,
2010-04-08 00:00:00,
2010-04-09 00:00:00,
2010-04-10 00:00:00,
2010-04-11 00:00:00,
2010-04-12 00:00:00,
2010-04-13 00:00:00,
2010-04-14 00:00:00,
2010-04-15 00:00:00,
2010-04-16 00:00:00,
2010-04-17 00:00:00,
2010-04-18 00:00:00,
2010-04-19 00:00:00,
2010-04-20 00:00:00,
2010-04-21 00:00:00,
2010-04-22 00:00:00,
2010-04-23 00:00:00,
2010-04-24 00:00:00,
2010-04-25 00:00:00,
2010-04-26 00:00:00,
2010-04-27 00:00:00,
2010-04-28 00:00:00,
2010-04-29 00:00:00,
2010-04-30 00:00:00,
2010-05-01 00:00:00,
2010-05-02 00:00:00,
2010-05-03 00:00:00,
2010-05-04 00:00:00,
2010-05-05 00:00:00,
2010-05-06 00:00:00,
2010-05-07 00:00:00,
2010-05-08 00:00:00,
2010-05-09 00:00:00,
2010-05-10 00:00:00,
2010-05-11 00:00:00,
2010-05-12 00:00:00,
2010-05-13 00:00:00,
2010-05-14 00:00:00,
2010-05-15 00:00:00,
2010-05-16 00:00:00,
2010-05-17 00:00:00,
2010-05-18 00:00:00,
2010-05-19 00:00:00,
2010-05-20 00:00:00,
2010-05-21 00:00:00,
2010-05-22 00:00:00,
2010-05-23 00:00:00,
2010-05-24 00:00:00,
2010-05-25 00:00:00,
2010-05-26 00:00:00,
2010-05-27 00:00:00,
2010-05-28 00:00:00,
2010-05-29 00:00:00,
2010-05-30 00:00:00,
2010-05-31 00:00:00,
2010-06-01 00:00:00,
2010-06-02 00:00:00,
2010-06-03 00:00:00,
2010-06-04 00:00:00,
2010-06-05 00:00:00,
2010-06-06 00:00:00,
2010-06-07 00:00:00,
2010-06-08 00:00:00,
2010-06-09 00:00:00,
2010-06-10 00:00:00,
2010-06-11 00:00:00,
2010-06-12 00:00:00,
2010-06-13 00:00:00,
2010-06-14 00:00:00,
2010-06-15 00:00:00,
2010-06-16 00:00:00,
2010-06-17 00:00:00,
2010-06-18 00:00:00,
2010-06-19 00:00:00,
2010-06-20 00:00:00,
2010-06-21 00:00:00,
2010-06-22 00:00:00,
2010-06-23 00:00:00,
2010-06-24 00:00:00,
2010-06-25 00:00:00,
2010-06-26 00:00:00,
2010-06-27 00:00:00,
2010-06-28 00:00:00,
2010-06-29 00:00:00,
2010-06-30 00:00:00,
2010-07-01 00:00:00,
2010-07-02 00:00:00,
2010-07-03 00:00:00,
2010-07-04 00:00:00,
2010-07-05 00:00:00,
2010-07-06 00:00:00,
2010-07-07 00:00:00,
2010-07-08 00:00:00,
2010-07-09 00:00:00,
2010-07-10 00:00:00,
2010-07-11 00:00:00,
2010-07-12 00:00:00,
2010-07-13 00:00:00,
2010-07-14 00:00:00,
2010-07-15 00:00:00,
2010-07-16 00:00:00,
2010-07-17 00:00:00,
2010-07-18 00:00:00,
2010-07-19 00:00:00,
2010-07-20 00:00:00,
2010-07-21 00:00:00,
2010-07-22 00:00:00,
2010-07-23 00:00:00,
2010-07-24 00:00:00,
2010-07-25 00:00:00,
2010-07-26 00:00:00,
2010-07-27 00:00:00,
2010-07-28 00:00:00,
2010-07-29 00:00:00,
2010-07-30 00:00:00,
2010-07-31 00:00:00,
2010-08-01 00:00:00,
2010-08-02 00:00:00,
2010-08-03 00:00:00,
2010-08-04 00:00:00,
2010-08-05 00:00:00,
2010-08-06 00:00:00,
2010-08-07 00:00:00,
2010-08-08 00:00:00,
2010-08-09 00:00:00,
2010-08-10 00:00:00,
2010-08-11 00:00:00,
2010-08-12 00:00:00,
2010-08-13 00:00:00,
2010-08-14 00:00:00,
2010-08-15 00:00:00,
2010-08-16 00:00:00,
2010-08-17 00:00:00,
2010-08-18 00:00:00,
2010-08-19 00:00:00,
2010-08-20 00:00:00,
2010-08-21 00:00:00,
2010-08-22 00:00:00,
2010-08-23 00:00:00,
2010-08-24 00:00:00,
2010-08-25 00:00:00,
2010-08-26 00:00:00,
2010-08-27 00:00:00,
2010-08-28 00:00:00,
2010-08-29 00:00:00,
2010-08-30 00:00:00,
2010-08-31 00:00:00,
2010-09-01 00:00:00,
2010-09-02 00:00:00,
2010-09-03 00:00:00,
2010-09-04 00:00:00,
2010-09-05 00:00:00,
2010-09-06 00:00:00,
2010-09-07 00:00:00,
2010-09-08 00:00:00,
2010-09-09 00:00:00,
2010-09-10 00:00:00,
2010-09-11 00:00:00,
2010-09-12 00:00:00,
2010-09-13 00:00:00,
2010-09-14 00:00:00,
2010-09-15 00:00:00,
2010-09-16 00:00:00,
2010-09-17 00:00:00,
2010-09-18 00:00:00,
2010-09-19 00:00:00,
2010-09-20 00:00:00,
2010-09-21 00:00:00,
2010-09-22 00:00:00,
2010-09-23 00:00:00,
2010-09-24 00:00:00,
2010-09-25 00:00:00,
2010-09-26 00:00:00,
2010-09-27 00:00:00,
2010-09-28 00:00:00,
2010-09-29 00:00:00,
2010-09-30 00:00:00,
2010-10-01 00:00:00,
2010-10-02 00:00:00,
2010-10-03 00:00:00,
2010-10-04 00:00:00,
2010-10-05 00:00:00,
2010-10-06 00:00:00,
2010-10-07 00:00:00,
2010-10-08 00:00:00,
2010-10-09 00:00:00,
2010-10-10 00:00:00,
2010-10-11 00:00:00,
2010-10-12 00:00:00,
2010-10-13 00:00:00,
2010-10-14 00:00:00,
2010-10-15 00:00:00,
2010-10-16 00:00:00,
2010-10-17 00:00:00,
2010-10-18 00:00:00,
2010-10-19 00:00:00,
2010-10-20 00:00:00,
2010-10-21 00:00:00,
2010-10-22 00:00:00,
2010-10-23 00:00:00,
2010-10-24 00:00:00,
2010-10-25 00:00:00,
2010-10-26 00:00:00,
2010-10-27 00:00:00,
2010-10-28 00:00:00,
2010-10-29 00:00:00,
2010-10-30 00:00:00,
2010-10-31 00:00:00,
2010-11-01 00:00:00,
2010-11-02 00:00:00,
2010-11-03 00:00:00,
2010-11-04 00:00:00,
2010-11-05 00:00:00,
2010-11-06 00:00:00,
2010-11-07 00:00:00,
2010-11-08 00:00:00,
2010-11-09 00:00:00,
2010-11-10 00:00:00,
2010-11-11 00:00:00,
2010-11-12 00:00:00,
2010-11-13 00:00:00,
2010-11-14 00:00:00,
2010-11-15 00:00:00,
2010-11-16 00:00:00,
2010-11-17 00:00:00,
2010-11-18 00:00:00,
2010-11-19 00:00:00,
2010-11-20 00:00:00,
2010-11-21 00:00:00,
2010-11-22 00:00:00,
2010-11-23 00:00:00,
2010-11-24 00:00:00,
2010-11-25 00:00:00,
2010-11-26 00:00:00,
2010-11-27 00:00:00,
2010-11-28 00:00:00,
2010-11-29 00:00:00,
2010-11-30 00:00:00,
2010-12-01 00:00:00,
2010-12-02 00:00:00,
2010-12-03 00:00:00,
2010-12-04 00:00:00,
2010-12-05 00:00:00,
2010-12-06 00:00:00,
2010-12-07 00:00:00,
2010-12-08 00:00:00,
2010-12-09 00:00:00,
2010-12-10 00:00:00,
2010-12-11 00:00:00,
2010-12-12 00:00:00,
2010-12-13 00:00:00,
2010-12-14 00:00:00,
2010-12-15 00:00:00,
2010-12-16 00:00:00,
2010-12-17 00:00:00,
2010-12-18 00:00:00,
2010-12-19 00:00:00,
2010-12-20 00:00:00,
2010-12-21 00:00:00,
2010-12-22 00:00:00,
2010-12-23 00:00:00,
2010-12-24 00:00:00,
2010-12-25 00:00:00,
2010-12-26 00:00:00,
2010-12-27 00:00:00,
2010-12-28 00:00:00,
2010-12-29 00:00:00,
2010-12-30 00:00:00,
2010-12-31 00:00:00,
2011-01-01 00:00:00,
2011-01-02 00:00:00,
2011-01-03 00:00:00,
2011-01-04 00:00:00,
2011-01-05 00:00:00,
2011-01-06 00:00:00,
2011-01-07 00:00:00,
2011-01-08 00:00:00,
2011-01-09 00:00:00,
2011-01-10 00:00:00,
2011-01-11 00:00:00,
2011-01-12 00:00:00,
2011-01-13 00:00:00,
2011-01-14 00:00:00,
2011-01-15 00:00:00,
2011-01-16 00:00:00,
2011-01-17 00:00:00,
2011-01-18 00:00:00,
2011-01-19 00:00:00,
2011-01-20 00:00:00,
2011-01-21 00:00:00,
2011-01-22 00:00:00,
2011-01-23 00:00:00,
2011-01-24 00:00:00,
2011-01-25 00:00:00,
2011-01-26 00:00:00,
2011-01-27 00:00:00,
2011-01-28 00:00:00,
2011-01-29 00:00:00,
2011-01-30 00:00:00,
2011-01-31 00:00:00,
2011-02-01 00:00:00,
2011-02-02 00:00:00,
2011-02-03 00:00:00,
2011-02-04 00:00:00,
2011-02-05 00:00:00,
2011-02-06 00:00:00,
2011-02-07 00:00:00,
2011-02-08 00:00:00,
2011-02-09 00:00:00,
2011-02-10 00:00:00,
2011-02-11 00:00:00,
2011-02-12 00:00:00,
2011-02-13 00:00:00,
2011-02-14 00:00:00,
2011-02-15 00:00:00,
2011-02-16 00:00:00,
2011-02-17 00:00:00,
2011-02-18 00:00:00,
2011-02-19 00:00:00,
2011-02-20 00:00:00,
2011-02-21 00:00:00,
2011-02-22 00:00:00,
2011-02-23 00:00:00,
2011-02-24 00:00:00,
2011-02-25 00:00:00,
2011-02-26 00:00:00,
2011-02-27 00:00:00,
2011-02-28 00:00:00,
2011-03-01 00:00:00,
2011-03-02 00:00:00,
2011-03-03 00:00:00,
2011-03-04 00:00:00,
2011-03-05 00:00:00,
2011-03-06 00:00:00,
2011-03-07 00:00:00,
2011-03-08 00:00:00,
2011-03-09 00:00:00,
2011-03-10 00:00:00,
2011-03-11 00:00:00,
2011-03-12 00:00:00,
2011-03-13 00:00:00,
2011-03-14 00:00:00,
2011-03-15 00:00:00,
2011-03-16 00:00:00,
2011-03-17 00:00:00,
2011-03-18 00:00:00,
2011-03-19 00:00:00,
2011-03-20 00:00:00,
2011-03-21 00:00:00,
2011-03-22 00:00:00,
2011-03-23 00:00:00,
2011-03-24 00:00:00,
2011-03-25 00:00:00,
2011-03-26 00:00:00,
2011-03-27 00:00:00,
2011-03-28 00:00:00,
2011-03-29 00:00:00,
2011-03-30 00:00:00,
2011-03-31 00:00:00,
2011-04-01 00:00:00,
2011-04-02 00:00:00,
2011-04-03 00:00:00,
2011-04-04 00:00:00,
2011-04-05 00:00:00,
2011-04-06 00:00:00,
2011-04-07 00:00:00,
2011-04-08 00:00:00,
2011-04-09 00:00:00,
2011-04-10 00:00:00,
2011-04-11 00:00:00,
2011-04-12 00:00:00,
2011-04-13 00:00:00,
2011-04-14 00:00:00,
2011-04-15 00:00:00,
2011-04-16 00:00:00,
2011-04-17 00:00:00,
2011-04-18 00:00:00,
2011-04-19 00:00:00,
2011-04-20 00:00:00,
2011-04-21 00:00:00,
2011-04-22 00:00:00,
2011-04-23 00:00:00,
2011-04-24 00:00:00,
2011-04-25 00:00:00,
2011-04-26 00:00:00,
2011-04-27 00:00:00,
2011-04-28 00:00:00,
2011-04-29 00:00:00,
2011-04-30 00:00:00,
2011-05-01 00:00:00,
2011-05-02 00:00:00,
2011-05-03 00:00:00,
2011-05-04 00:00:00,
2011-05-05 00:00:00,
2011-05-06 00:00:00,
2011-05-07 00:00:00,
2011-05-08 00:00:00,
2011-05-09 00:00:00,
2011-05-10 00:00:00,
2011-05-11 00:00:00,
2011-05-12 00:00:00,
2011-05-13 00:00:00,
2011-05-14 00:00:00,
2011-05-15 00:00:00,
2011-05-16 00:00:00,
2011-05-17 00:00:00,
2011-05-18 00:00:00,
2011-05-19 00:00:00,
2011-05-20 00:00:00,
2011-05-21 00:00:00,
2011-05-22 00:00:00,
2011-05-23 00:00:00,
2011-05-24 00:00:00,
2011-05-25 00:00:00,
2011-05-26 00:00:00,
2011-05-27 00:00:00,
2011-05-28 00:00:00,
2011-05-29 00:00:00,
2011-05-30 00:00:00,
2011-05-31 00:00:00,
2011-06-01 00:00:00,
2011-06-02 00:00:00,
2011-06-03 00:00:00,
2011-06-04 00:00:00,
2011-06-05 00:00:00,
2011-06-06 00:00:00,
2011-06-07 00:00:00,
2011-06-08 00:00:00,
2011-06-09 00:00:00,
2011-06-10 00:00:00,
2011-06-11 00:00:00,
2011-06-12 00:00:00,
2011-06-13 00:00:00,
2011-06-14 00:00:00,
2011-06-15 00:00:00,
2011-06-16 00:00:00,
2011-06-17 00:00:00,
2011-06-18 00:00:00,
2011-06-19 00:00:00,
2011-06-20 00:00:00,
2011-06-21 00:00:00,
2011-06-22 00:00:00,
2011-06-23 00:00:00,
2011-06-24 00:00:00,
2011-06-25 00:00:00,
2011-06-26 00:00:00,
2011-06-27 00:00:00,
2011-06-28 00:00:00,
2011-06-29 00:00:00,
2011-06-30 00:00:00,
2011-07-01 00:00:00,
2011-07-02 00:00:00,
2011-07-03 00:00:00,
2011-07-04 00:00:00,
2011-07-05 00:00:00,
2011-07-06 00:00:00,
2011-07-07 00:00:00,
2011-07-08 00:00:00,
2011-07-09 00:00:00,
2011-07-10 00:00:00,
2011-07-11 00:00:00,
2011-07-12 00:00:00,
2011-07-13 00:00:00,
2011-07-14 00:00:00,
2011-07-15 00:00:00,
2011-07-16 00:00:00,
2011-07-17 00:00:00,
2011-07-18 00:00:00,
2011-07-19 00:00:00,
2011-07-20 00:00:00,
2011-07-21 00:00:00,
2011-07-22 00:00:00,
2011-07-23 00:00:00,
2011-07-24 00:00:00,
2011-07-25 00:00:00,
2011-07-26 00:00:00,
2011-07-27 00:00:00,
2011-07-28 00:00:00,
2011-07-29 00:00:00,
2011-07-30 00:00:00,
2011-07-31 00:00:00,
2011-08-01 00:00:00,
2011-08-02 00:00:00,
2011-08-03 00:00:00,
2011-08-04 00:00:00,
2011-08-05 00:00:00,
2011-08-06 00:00:00,
2011-08-07 00:00:00,
2011-08-08 00:00:00,
2011-08-09 00:00:00,
2011-08-10 00:00:00,
2011-08-11 00:00:00,
2011-08-12 00:00:00,
2011-08-13 00:00:00,
2011-08-14 00:00:00,
2011-08-15 00:00:00,
2011-08-16 00:00:00,
2011-08-17 00:00:00,
2011-08-18 00:00:00,
2011-08-19 00:00:00,
2011-08-20 00:00:00,
2011-08-21 00:00:00,
2011-08-22 00:00:00,
2011-08-23 00:00:00,
2011-08-24 00:00:00,
2011-08-25 00:00:00,
2011-08-26 00:00:00,
2011-08-27 00:00:00,
2011-08-28 00:00:00,
2011-08-29 00:00:00,
2011-08-30 00:00:00,
2011-08-31 00:00:00,
2011-09-01 00:00:00,
2011-09-02 00:00:00,
2011-09-03 00:00:00,
2011-09-04 00:00:00,
2011-09-05 00:00:00,
2011-09-06 00:00:00,
2011-09-07 00:00:00,
2011-09-08 00:00:00,
2011-09-09 00:00:00,
2011-09-10 00:00:00,
2011-09-11 00:00:00,
2011-09-12 00:00:00,
2011-09-13 00:00:00,
2011-09-14 00:00:00,
2011-09-15 00:00:00,
2011-09-16 00:00:00,
2011-09-17 00:00:00,
2011-09-18 00:00:00,
2011-09-19 00:00:00,
2011-09-20 00:00:00,
2011-09-21 00:00:00,
2011-09-22 00:00:00,
2011-09-23 00:00:00,
2011-09-24 00:00:00,
2011-09-25 00:00:00,
2011-09-26 00:00:00,
2011-09-27 00:00:00,
2011-09-28 00:00:00,
2011-09-29 00:00:00,
2011-09-30 00:00:00,
2011-10-01 00:00:00,
2011-10-02 00:00:00,
2011-10-03 00:00:00,
2011-10-04 00:00:00,
2011-10-05 00:00:00,
2011-10-06 00:00:00,
2011-10-07 00:00:00,
2011-10-08 00:00:00,
2011-10-09 00:00:00,
2011-10-10 00:00:00,
2011-10-11 00:00:00,
2011-10-12 00:00:00,
2011-10-13 00:00:00,
2011-10-14 00:00:00,
2011-10-15 00:00:00,
2011-10-16 00:00:00,
2011-10-17 00:00:00,
2011-10-18 00:00:00,
2011-10-19 00:00:00,
2011-10-20 00:00:00,
2011-10-21 00:00:00,
2011-10-22 00:00:00,
2011-10-23 00:00:00,
2011-10-24 00:00:00,
2011-10-25 00:00:00,
2011-10-26 00:00:00,
2011-10-27 00:00:00,
2011-10-28 00:00:00,
2011-10-29 00:00:00,
2011-10-30 00:00:00,
2011-10-31 00:00:00,
2011-11-01 00:00:00,
2011-11-02 00:00:00,
2011-11-03 00:00:00,
2011-11-04 00:00:00,
2011-11-05 00:00:00,
2011-11-06 00:00:00,
2011-11-07 00:00:00,
2011-11-08 00:00:00,
2011-11-09 00:00:00,
2011-11-10 00:00:00,
2011-11-11 00:00:00,
2011-11-12 00:00:00,
2011-11-13 00:00:00,
2011-11-14 00:00:00,
2011-11-15 00:00:00,
2011-11-16 00:00:00,
2011-11-17 00:00:00,
2011-11-18 00:00:00,
2011-11-19 00:00:00,
2011-11-20 00:00:00,
2011-11-21 00:00:00,
2011-11-22 00:00:00,
2011-11-23 00:00:00,
2011-11-24 00:00:00,
2011-11-25 00:00:00,
2011-11-26 00:00:00,
2011-11-27 00:00:00,
2011-11-28 00:00:00,
2011-11-29 00:00:00,
2011-11-30 00:00:00,
2011-12-01 00:00:00,
2011-12-02 00:00:00,
2011-12-03 00:00:00,
2011-12-04 00:00:00,
2011-12-05 00:00:00,
2011-12-06 00:00:00,
2011-12-07 00:00:00,
2011-12-08 00:00:00,
2011-12-09 00:00:00,
2011-12-10 00:00:00,
2011-12-11 00:00:00,
2011-12-12 00:00:00,
2011-12-13 00:00:00,
2011-12-14 00:00:00,
2011-12-15 00:00:00,
2011-12-16 00:00:00,
2011-12-17 00:00:00,
2011-12-18 00:00:00,
2011-12-19 00:00:00,
2011-12-20 00:00:00,
2011-12-21 00:00:00,
2011-12-22 00:00:00,
2011-12-23 00:00:00,
2011-12-24 00:00:00,
2011-12-25 00:00:00,
2011-12-26 00:00:00,
2011-12-27 00:00:00,
2011-12-28 00:00:00,
2011-12-29 00:00:00,
2011-12-30 00:00:00,
2011-12-31 00:00:00,
2012-01-01 00:00:00,
2012-01-02 00:00:00,
2012-01-03 00:00:00,
2012-01-04 00:00:00,
2012-01-05 00:00:00,
2012-01-06 00:00:00,
2012-01-07 00:00:00,
2012-01-08 00:00:00,
2012-01-09 00:00:00,
2012-01-10 00:00:00,
2012-01-11 00:00:00,
2012-01-12 00:00:00,
2012-01-13 00:00:00,
2012-01-14 00:00:00,
2012-01-15 00:00:00,
2012-01-16 00:00:00,
2012-01-17 00:00:00,
2012-01-18 00:00:00,
2012-01-19 00:00:00,
2012-01-20 00:00:00,
2012-01-21 00:00:00,
2012-01-22 00:00:00,
2012-01-23 00:00:00,
2012-01-24 00:00:00,
2012-01-25 00:00:00,
2012-01-26 00:00:00,
2012-01-27 00:00:00,
2012-01-28 00:00:00,
2012-01-29 00:00:00,
2012-01-30 00:00:00,
2012-01-31 00:00:00,
2012-02-01 00:00:00,
2012-02-02 00:00:00,
2012-02-03 00:00:00,
2012-02-04 00:00:00,
2012-02-05 00:00:00,
2012-02-06 00:00:00,
2012-02-07 00:00:00,
2012-02-08 00:00:00,
2012-02-09 00:00:00,
2012-02-10 00:00:00,
2012-02-11 00:00:00,
2012-02-12 00:00:00,
2012-02-13 00:00:00,
2012-02-14 00:00:00,
2012-02-15 00:00:00,
2012-02-16 00:00:00,
2012-02-17 00:00:00,
2012-02-18 00:00:00,
2012-02-19 00:00:00,
2012-02-20 00:00:00,
2012-02-21 00:00:00,
2012-02-22 00:00:00,
2012-02-23 00:00:00,
2012-02-24 00:00:00,
2012-02-25 00:00:00,
2012-02-26 00:00:00,
2012-02-27 00:00:00,
2012-02-28 00:00:00,
2012-02-29 00:00:00,
2012-03-01 00:00:00,
2012-03-02 00:00:00,
2012-03-03 00:00:00,
2012-03-04 00:00:00,
2012-03-05 00:00:00,
2012-03-06 00:00:00,
2012-03-07 00:00:00,
2012-03-08 00:00:00,
2012-03-09 00:00:00,
2012-03-10 00:00:00,
2012-03-11 00:00:00,
2012-03-12 00:00:00,
2012-03-13 00:00:00,
2012-03-14 00:00:00,
2012-03-15 00:00:00,
2012-03-16 00:00:00,
2012-03-17 00:00:00,
2012-03-18 00:00:00,
2012-03-19 00:00:00,
2012-03-20 00:00:00,
2012-03-21 00:00:00,
2012-03-22 00:00:00,
2012-03-23 00:00:00,
2012-03-24 00:00:00,
2012-03-25 00:00:00,
2012-03-26 00:00:00,
2012-03-27 00:00:00,
2012-03-28 00:00:00,
2012-03-29 00:00:00,
2012-03-30 00:00:00,
2012-03-31 00:00:00,
2012-04-01 00:00:00,
2012-04-02 00:00:00,
2012-04-03 00:00:00,
2012-04-04 00:00:00,
2012-04-05 00:00:00,
2012-04-06 00:00:00,
2012-04-07 00:00:00,
2012-04-08 00:00:00,
2012-04-09 00:00:00,
2012-04-10 00:00:00,
2012-04-11 00:00:00,
2012-04-12 00:00:00,
2012-04-13 00:00:00,
2012-04-14 00:00:00,
2012-04-15 00:00:00,
2012-04-16 00:00:00,
2012-04-17 00:00:00,
2012-04-18 00:00:00,
2012-04-19 00:00:00,
2012-04-20 00:00:00,
2012-04-21 00:00:00,
2012-04-22 00:00:00,
2012-04-23 00:00:00,
2012-04-24 00:00:00,
2012-04-25 00:00:00,
2012-04-26 00:00:00,
2012-04-27 00:00:00,
2012-04-28 00:00:00,
2012-04-29 00:00:00,
2012-04-30 00:00:00,
2012-05-01 00:00:00,
2012-05-02 00:00:00,
2012-05-03 00:00:00,
2012-05-04 00:00:00,
2012-05-05 00:00:00,
2012-05-06 00:00:00,
2012-05-07 00:00:00,
2012-05-08 00:00:00,
2012-05-09 00:00:00,
2012-05-10 00:00:00,
2012-05-11 00:00:00,
2012-05-12 00:00:00,
2012-05-13 00:00:00,
2012-05-14 00:00:00,
2012-05-15 00:00:00,
2012-05-16 00:00:00,
2012-05-17 00:00:00,
2012-05-18 00:00:00,
2012-05-19 00:00:00,
2012-05-20 00:00:00,
2012-05-21 00:00:00,
2012-05-22 00:00:00,
2012-05-23 00:00:00,
2012-05-24 00:00:00,
2012-05-25 00:00:00,
2012-05-26 00:00:00,
2012-05-27 00:00:00,
2012-05-28 00:00:00,
2012-05-29 00:00:00,
2012-05-30 00:00:00,
2012-05-31 00:00:00,
2012-06-01 00:00:00,
2012-06-02 00:00:00,
2012-06-03 00:00:00,
2012-06-04 00:00:00,
2012-06-05 00:00:00,
2012-06-06 00:00:00,
2012-06-07 00:00:00,
2012-06-08 00:00:00,
2012-06-09 00:00:00,
2012-06-10 00:00:00,
2012-06-11 00:00:00,
2012-06-12 00:00:00,
2012-06-13 00:00:00,
2012-06-14 00:00:00,
2012-06-15 00:00:00,
2012-06-16 00:00:00,
2012-06-17 00:00:00,
2012-06-18 00:00:00,
2012-06-19 00:00:00,
2012-06-20 00:00:00,
2012-06-21 00:00:00,
2012-06-22 00:00:00,
2012-06-23 00:00:00,
2012-06-24 00:00:00,
2012-06-25 00:00:00,
2012-06-26 00:00:00,
2012-06-27 00:00:00,
2012-06-28 00:00:00,
2012-06-29 00:00:00,
2012-06-30 00:00:00,
2012-07-01 00:00:00,
2012-07-02 00:00:00,
2012-07-03 00:00:00,
2012-07-04 00:00:00,
2012-07-05 00:00:00,
2012-07-06 00:00:00,
2012-07-07 00:00:00,
2012-07-08 00:00:00,
2012-07-09 00:00:00,
2012-07-10 00:00:00,
2012-07-11 00:00:00,
2012-07-12 00:00:00,
2012-07-13 00:00:00,
2012-07-14 00:00:00,
2012-07-15 00:00:00,
2012-07-16 00:00:00,
2012-07-17 00:00:00,
2012-07-18 00:00:00,
2012-07-19 00:00:00,
2012-07-20 00:00:00,
2012-07-21 00:00:00,
2012-07-22 00:00:00,
2012-07-23 00:00:00,
2012-07-24 00:00:00,
2012-07-25 00:00:00,
2012-07-26 00:00:00,
2012-07-27 00:00:00,
2012-07-28 00:00:00,
2012-07-29 00:00:00,
2012-07-30 00:00:00,
2012-07-31 00:00:00,
2012-08-01 00:00:00,
2012-08-02 00:00:00,
2012-08-03 00:00:00,
2012-08-04 00:00:00,
2012-08-05 00:00:00,
2012-08-06 00:00:00,
2012-08-07 00:00:00,
2012-08-08 00:00:00,
2012-08-09 00:00:00,
2012-08-10 00:00:00,
2012-08-11 00:00:00,
2012-08-12 00:00:00,
2012-08-13 00:00:00,
2012-08-14 00:00:00,
2012-08-15 00:00:00,
2012-08-16 00:00:00,
2012-08-17 00:00:00,
2012-08-18 00:00:00,
2012-08-19 00:00:00,
2012-08-20 00:00:00,
2012-08-21 00:00:00,
2012-08-22 00:00:00,
2012-08-23 00:00:00,
2012-08-24 00:00:00,
2012-08-25 00:00:00,
2012-08-26 00:00:00,
2012-08-27 00:00:00,
2012-08-28 00:00:00,
2012-08-29 00:00:00,
2012-08-30 00:00:00,
2012-08-31 00:00:00,
2012-09-01 00:00:00,
2012-09-02 00:00:00,
2012-09-03 00:00:00,
2012-09-04 00:00:00,
2012-09-05 00:00:00,
2012-09-06 00:00:00,
2012-09-07 00:00:00,
2012-09-08 00:00:00,
2012-09-09 00:00:00,
2012-09-10 00:00:00,
2012-09-11 00:00:00,
2012-09-12 00:00:00,
2012-09-13 00:00:00,
2012-09-14 00:00:00,
2012-09-15 00:00:00,
2012-09-16 00:00:00,
2012-09-17 00:00:00,
2012-09-18 00:00:00,
2012-09-19 00:00:00,
2012-09-20 00:00:00,
2012-09-21 00:00:00,
2012-09-22 00:00:00,
2012-09-23 00:00:00,
2012-09-24 00:00:00,
2012-09-25 00:00:00,
2012-09-26 00:00:00,
2012-09-27 00:00:00,
2012-09-28 00:00:00,
2012-09-29 00:00:00,
2012-09-30 00:00:00,
2012-10-01 00:00:00,
2012-10-02 00:00:00,
2012-10-03 00:00:00,
2012-10-04 00:00:00,
2012-10-05 00:00:00,
2012-10-06 00:00:00,
2012-10-07 00:00:00,
2012-10-08 00:00:00,
2012-10-09 00:00:00,
2012-10-10 00:00:00,
2012-10-11 00:00:00,
2012-10-12 00:00:00,
2012-10-13 00:00:00,
2012-10-14 00:00:00,
2012-10-15 00:00:00,
2012-10-16 00:00:00,
2012-10-17 00:00:00,
2012-10-18 00:00:00,
2012-10-19 00:00:00,
2012-10-20 00:00:00,
2012-10-21 00:00:00,
2012-10-22 00:00:00,
2012-10-23 00:00:00,
2012-10-24 00:00:00,
2012-10-25 00:00:00,
2012-10-26 00:00:00,
2012-10-27 00:00:00,
2012-10-28 00:00:00,
2012-10-29 00:00:00,
2012-10-30 00:00:00,
2012-10-31 00:00:00,
2012-11-01 00:00:00,
2012-11-02 00:00:00,
2012-11-03 00:00:00,
2012-11-04 00:00:00,
2012-11-05 00:00:00,
2012-11-06 00:00:00,
2012-11-07 00:00:00,
2012-11-08 00:00:00,
2012-11-09 00:00:00,
2012-11-10 00:00:00,
2012-11-11 00:00:00,
2012-11-12 00:00:00,
2012-11-13 00:00:00,
2012-11-14 00:00:00,
2012-11-15 00:00:00,
2012-11-16 00:00:00,
2012-11-17 00:00:00,
2012-11-18 00:00:00,
2012-11-19 00:00:00,
2012-11-20 00:00:00,
2012-11-21 00:00:00,
2012-11-22 00:00:00,
2012-11-23 00:00:00,
2012-11-24 00:00:00,
2012-11-25 00:00:00,
2012-11-26 00:00:00,
2012-11-27 00:00:00,
2012-11-28 00:00:00,
2012-11-29 00:00:00,
2012-11-30 00:00:00,
2012-12-01 00:00:00,
2012-12-02 00:00:00,
2012-12-03 00:00:00,
2012-12-04 00:00:00,
2012-12-05 00:00:00,
2012-12-06 00:00:00,
2012-12-07 00:00:00,
2012-12-08 00:00:00,
2012-12-09 00:00:00,
2012-12-10 00:00:00,
2012-12-11 00:00:00,
2012-12-12 00:00:00,
2012-12-13 00:00:00,
2012-12-14 00:00:00,
2012-12-15 00:00:00,
2012-12-16 00:00:00,
2012-12-17 00:00:00,
2012-12-18 00:00:00,
2012-12-19 00:00:00,
2012-12-20 00:00:00,
2012-12-21 00:00:00,
2012-12-22 00:00:00,
2012-12-23 00:00:00,
2012-12-24 00:00:00,
2012-12-25 00:00:00,
2012-12-26 00:00:00,
2012-12-27 00:00:00,
2012-12-28 00:00:00,
2012-12-29 00:00:00,
2012-12-30 00:00:00,
2012-12-31 00:00:00,
2013-01-01 00:00:00,
2013-01-02 00:00:00,
2013-01-03 00:00:00,
2013-01-04 00:00:00,
2013-01-05 00:00:00,
2013-01-06 00:00:00,
2013-01-07 00:00:00,
2013-01-08 00:00:00,
2013-01-09 00:00:00,
2013-01-10 00:00:00,
2013-01-11 00:00:00,
2013-01-12 00:00:00,
2013-01-13 00:00:00,
2013-01-14 00:00:00,
2013-01-15 00:00:00,
2013-01-16 00:00:00,
2013-01-17 00:00:00,
2013-01-18 00:00:00,
2013-01-19 00:00:00,
2013-01-20 00:00:00,
2013-01-21 00:00:00,
2013-01-22 00:00:00,
2013-01-23 00:00:00,
2013-01-24 00:00:00,
2013-01-25 00:00:00,
2013-01-26 00:00:00,
2013-01-27 00:00:00,
2013-01-28 00:00:00,
2013-01-29 00:00:00,
2013-01-30 00:00:00,
2013-01-31 00:00:00,
2013-02-01 00:00:00,
2013-02-02 00:00:00,
2013-02-03 00:00:00,
2013-02-04 00:00:00,
2013-02-05 00:00:00,
2013-02-06 00:00:00,
2013-02-07 00:00:00,
2013-02-08 00:00:00,
2013-02-09 00:00:00,
2013-02-10 00:00:00,
2013-02-11 00:00:00,
2013-02-12 00:00:00,
2013-02-13 00:00:00,
2013-02-14 00:00:00,
2013-02-15 00:00:00,
2013-02-16 00:00:00,
2013-02-17 00:00:00,
2013-02-18 00:00:00,
2013-02-19 00:00:00,
2013-02-20 00:00:00,
2013-02-21 00:00:00,
2013-02-22 00:00:00,
2013-02-23 00:00:00,
2013-02-24 00:00:00,
2013-02-25 00:00:00,
2013-02-26 00:00:00,
2013-02-27 00:00:00,
2013-02-28 00:00:00,
2013-03-01 00:00:00,
2013-03-02 00:00:00,
2013-03-03 00:00:00,
2013-03-04 00:00:00,
2013-03-05 00:00:00,
2013-03-06 00:00:00,
2013-03-07 00:00:00,
2013-03-08 00:00:00,
2013-03-09 00:00:00,
2013-03-10 00:00:00,
2013-03-11 00:00:00,
2013-03-12 00:00:00,
2013-03-13 00:00:00,
2013-03-14 00:00:00,
2013-03-15 00:00:00,
2013-03-16 00:00:00,
2013-03-17 00:00:00,
2013-03-18 00:00:00,
2013-03-19 00:00:00,
2013-03-20 00:00:00,
2013-03-21 00:00:00,
2013-03-22 00:00:00,
2013-03-23 00:00:00,
2013-03-24 00:00:00,
2013-03-25 00:00:00,
2013-03-26 00:00:00,
2013-03-27 00:00:00,
2013-03-28 00:00:00,
2013-03-29 00:00:00,
2013-03-30 00:00:00,
2013-03-31 00:00:00,
2013-04-01 00:00:00,
2013-04-02 00:00:00,
2013-04-03 00:00:00,
2013-04-04 00:00:00,
2013-04-05 00:00:00,
2013-04-06 00:00:00,
2013-04-07 00:00:00,
2013-04-08 00:00:00,
2013-04-09 00:00:00,
2013-04-10 00:00:00,
2013-04-11 00:00:00,
2013-04-12 00:00:00,
2013-04-13 00:00:00,
2013-04-14 00:00:00,
2013-04-15 00:00:00,
2013-04-16 00:00:00,
2013-04-17 00:00:00,
2013-04-18 00:00:00,
2013-04-19 00:00:00,
2013-04-20 00:00:00,
2013-04-21 00:00:00,
2013-04-22 00:00:00,
2013-04-23 00:00:00,
2013-04-24 00:00:00,
2013-04-25 00:00:00,
2013-04-26 00:00:00,
2013-04-27 00:00:00,
2013-04-28 00:00:00,
2013-04-29 00:00:00,
2013-04-30 00:00:00,
2013-05-01 00:00:00,
2013-05-02 00:00:00,
2013-05-03 00:00:00,
2013-05-04 00:00:00,
2013-05-05 00:00:00,
2013-05-06 00:00:00,
2013-05-07 00:00:00,
2013-05-08 00:00:00,
2013-05-09 00:00:00,
2013-05-10 00:00:00,
2013-05-11 00:00:00,
2013-05-12 00:00:00,
2013-05-13 00:00:00,
2013-05-14 00:00:00,
2013-05-15 00:00:00,
2013-05-16 00:00:00,
2013-05-17 00:00:00,
2013-05-18 00:00:00,
2013-05-19 00:00:00,
2013-05-20 00:00:00,
2013-05-21 00:00:00,
2013-05-22 00:00:00,
2013-05-23 00:00:00,
2013-05-24 00:00:00,
2013-05-25 00:00:00,
2013-05-26 00:00:00,
2013-05-27 00:00:00,
2013-05-28 00:00:00,
2013-05-29 00:00:00,
2013-05-30 00:00:00,
2013-05-31 00:00:00,
2013-06-01 00:00:00,
2013-06-02 00:00:00,
2013-06-03 00:00:00,
2013-06-04 00:00:00,
2013-06-05 00:00:00,
2013-06-06 00:00:00,
2013-06-07 00:00:00,
2013-06-08 00:00:00,
2013-06-09 00:00:00,
2013-06-10 00:00:00,
2013-06-11 00:00:00,
2013-06-12 00:00:00,
2013-06-13 00:00:00,
2013-06-14 00:00:00,
2013-06-15 00:00:00,
2013-06-16 00:00:00,
2013-06-17 00:00:00,
2013-06-18 00:00:00,
2013-06-19 00:00:00,
2013-06-20 00:00:00,
2013-06-21 00:00:00,
2013-06-22 00:00:00,
2013-06-23 00:00:00,
2013-06-24 00:00:00,
2013-06-25 00:00:00,
2013-06-26 00:00:00,
2013-06-27 00:00:00,
2013-06-28 00:00:00,
2013-06-29 00:00:00,
2013-06-30 00:00:00,
2013-07-01 00:00:00,
2013-07-02 00:00:00,
2013-07-03 00:00:00,
2013-07-04 00:00:00,
2013-07-05 00:00:00,
2013-07-06 00:00:00,
2013-07-07 00:00:00,
2013-07-08 00:00:00,
2013-07-09 00:00:00,
2013-07-10 00:00:00,
2013-07-11 00:00:00,
2013-07-12 00:00:00,
2013-07-13 00:00:00,
2013-07-14 00:00:00,
2013-07-15 00:00:00,
2013-07-16 00:00:00,
2013-07-17 00:00:00,
2013-07-18 00:00:00,
2013-07-19 00:00:00,
2013-07-20 00:00:00,
2013-07-21 00:00:00,
2013-07-22 00:00:00,
2013-07-23 00:00:00,
2013-07-24 00:00:00,
2013-07-25 00:00:00,
2013-07-26 00:00:00,
2013-07-27 00:00:00,
2013-07-28 00:00:00,
2013-07-29 00:00:00,
2013-07-30 00:00:00,
2013-07-31 00:00:00,
2013-08-01 00:00:00,
2013-08-02 00:00:00,
2013-08-03 00:00:00,
2013-08-04 00:00:00,
2013-08-05 00:00:00,
2013-08-06 00:00:00,
2013-08-07 00:00:00,
2013-08-08 00:00:00,
2013-08-09 00:00:00,
2013-08-10 00:00:00,
2013-08-11 00:00:00,
2013-08-12 00:00:00,
2013-08-13 00:00:00,
2013-08-14 00:00:00,
2013-08-15 00:00:00,
2013-08-16 00:00:00,
2013-08-17 00:00:00,
2013-08-18 00:00:00,
2013-08-19 00:00:00,
2013-08-20 00:00:00,
2013-08-21 00:00:00,
2013-08-22 00:00:00,
2013-08-23 00:00:00,
2013-08-24 00:00:00,
2013-08-25 00:00:00,
2013-08-26 00:00:00,
2013-08-27 00:00:00,
2013-08-28 00:00:00,
2013-08-29 00:00:00,
2013-08-30 00:00:00,
2013-08-31 00:00:00,
2013-09-01 00:00:00,
2013-09-02 00:00:00,
2013-09-03 00:00:00,
2013-09-04 00:00:00,
2013-09-05 00:00:00,
2013-09-06 00:00:00,
2013-09-07 00:00:00,
2013-09-08 00:00:00,
2013-09-09 00:00:00,
2013-09-10 00:00:00,
2013-09-11 00:00:00,
2013-09-12 00:00:00,
2013-09-13 00:00:00,
2013-09-14 00:00:00,
2013-09-15 00:00:00,
2013-09-16 00:00:00,
2013-09-17 00:00:00,
2013-09-18 00:00:00,
2013-09-19 00:00:00,
2013-09-20 00:00:00,
2013-09-21 00:00:00,
2013-09-22 00:00:00,
2013-09-23 00:00:00,
2013-09-24 00:00:00,
2013-09-25 00:00:00,
2013-09-26 00:00:00,
2013-09-27 00:00:00,
2013-09-28 00:00:00,
2013-09-29 00:00:00,
2013-09-30 00:00:00,
2013-10-01 00:00:00,
2013-10-02 00:00:00,
2013-10-03 00:00:00,
2013-10-04 00:00:00,
2013-10-05 00:00:00,
2013-10-06 00:00:00,
2013-10-07 00:00:00,
2013-10-08 00:00:00,
2013-10-09 00:00:00,
2013-10-10 00:00:00,
2013-10-11 00:00:00,
2013-10-12 00:00:00,
2013-10-13 00:00:00,
2013-10-14 00:00:00,
2013-10-15 00:00:00,
2013-10-16 00:00:00,
2013-10-17 00:00:00,
2013-10-18 00:00:00,
2013-10-19 00:00:00,
2013-10-20 00:00:00,
2013-10-21 00:00:00,
2013-10-22 00:00:00,
2013-10-23 00:00:00,
2013-10-24 00:00:00,
2013-10-25 00:00:00,
2013-10-26 00:00:00,
2013-10-27 00:00:00,
2013-10-28 00:00:00,
2013-10-29 00:00:00,
2013-10-30 00:00:00,
2013-10-31 00:00:00,
2013-11-01 00:00:00,
2013-11-02 00:00:00,
2013-11-03 00:00:00,
2013-11-04 00:00:00,
2013-11-05 00:00:00,
2013-11-06 00:00:00,
2013-11-07 00:00:00,
2013-11-08 00:00:00,
2013-11-09 00:00:00,
2013-11-10 00:00:00,
2013-11-11 00:00:00,
2013-11-12 00:00:00,
2013-11-13 00:00:00,
2013-11-14 00:00:00,
2013-11-15 00:00:00,
2013-11-16 00:00:00,
2013-11-17 00:00:00,
2013-11-18 00:00:00,
2013-11-19 00:00:00,
2013-11-20 00:00:00,
2013-11-21 00:00:00,
2013-11-22 00:00:00,
2013-11-23 00:00:00,
2013-11-24 00:00:00,
2013-11-25 00:00:00,
2013-11-26 00:00:00,
2013-11-27 00:00:00,
2013-11-28 00:00:00,
2013-11-29 00:00:00,
2013-11-30 00:00:00,
2013-12-01 00:00:00,
2013-12-02 00:00:00,
2013-12-03 00:00:00,
2013-12-04 00:00:00,
2013-12-05 00:00:00,
2013-12-06 00:00:00,
2013-12-07 00:00:00,
2013-12-08 00:00:00,
2013-12-09 00:00:00,
2013-12-10 00:00:00,
2013-12-11 00:00:00,
2013-12-12 00:00:00,
2013-12-13 00:00:00,
2013-12-14 00:00:00,
2013-12-15 00:00:00,
2013-12-16 00:00:00,
2013-12-17 00:00:00,
2013-12-18 00:00:00,
2013-12-19 00:00:00,
2013-12-20 00:00:00,
2013-12-21 00:00:00,
2013-12-22 00:00:00,
2013-12-23 00:00:00,
2013-12-24 00:00:00,
2013-12-25 00:00:00,
2013-12-26 00:00:00,
2013-12-27 00:00:00,
2013-12-28 00:00:00,
2013-12-29 00:00:00,
2013-12-30 00:00:00,
2013-12-31 00:00:00,
2014-01-01 00:00:00,
2014-01-02 00:00:00,
2014-01-03 00:00:00,
2014-01-04 00:00:00,
2014-01-05 00:00:00,
2014-01-06 00:00:00,
2014-01-07 00:00:00,
2014-01-08 00:00:00,
2014-01-09 00:00:00,
2014-01-10 00:00:00,
2014-01-11 00:00:00,
2014-01-12 00:00:00,
2014-01-13 00:00:00,
2014-01-14 00:00:00,
2014-01-15 00:00:00,
2014-01-16 00:00:00,
2014-01-17 00:00:00,
2014-01-18 00:00:00,
2014-01-19 00:00:00,
2014-01-20 00:00:00,
2014-01-21 00:00:00,
2014-01-22 00:00:00,
2014-01-23 00:00:00,
2014-01-24 00:00:00,
2014-01-25 00:00:00,
2014-01-26 00:00:00,
2014-01-27 00:00:00,
2014-01-28 00:00:00,
2014-01-29 00:00:00,
2014-01-30 00:00:00,
2014-01-31 00:00:00,
2014-02-01 00:00:00,
2014-02-02 00:00:00,
2014-02-03 00:00:00,
2014-02-04 00:00:00,
2014-02-05 00:00:00,
2014-02-06 00:00:00,
2014-02-07 00:00:00,
2014-02-08 00:00:00,
2014-02-09 00:00:00,
2014-02-10 00:00:00,
2014-02-11 00:00:00,
2014-02-12 00:00:00,
2014-02-13 00:00:00,
2014-02-14 00:00:00,
2014-02-15 00:00:00,
2014-02-16 00:00:00,
2014-02-17 00:00:00,
2014-02-18 00:00:00,
2014-02-19 00:00:00,
2014-02-20 00:00:00,
2014-02-21 00:00:00,
2014-02-22 00:00:00,
2014-02-23 00:00:00,
2014-02-24 00:00:00,
2014-02-25 00:00:00,
2014-02-26 00:00:00,
2014-02-27 00:00:00,
2014-02-28 00:00:00,
2014-03-01 00:00:00,
2014-03-02 00:00:00,
2014-03-03 00:00:00,
2014-03-04 00:00:00,
2014-03-05 00:00:00,
2014-03-06 00:00:00,
2014-03-07 00:00:00,
2014-03-08 00:00:00,
2014-03-09 00:00:00,
2014-03-10 00:00:00,
2014-03-11 00:00:00,
2014-03-12 00:00:00,
2014-03-13 00:00:00,
2014-03-14 00:00:00,
2014-03-15 00:00:00,
2014-03-16 00:00:00,
2014-03-17 00:00:00,
2014-03-18 00:00:00,
2014-03-19 00:00:00,
2014-03-20 00:00:00,
2014-03-21 00:00:00,
2014-03-22 00:00:00,
2014-03-23 00:00:00,
2014-03-24 00:00:00,
2014-03-25 00:00:00,
2014-03-26 00:00:00,
2014-03-27 00:00:00,
2014-03-28 00:00:00,
2014-03-29 00:00:00,
2014-03-30 00:00:00,
2014-03-31 00:00:00,
2014-04-01 00:00:00,
2014-04-02 00:00:00,
2014-04-03 00:00:00,
2014-04-04 00:00:00,
2014-04-05 00:00:00,
2014-04-06 00:00:00,
2014-04-07 00:00:00,
2014-04-08 00:00:00,
2014-04-09 00:00:00,
2014-04-10 00:00:00,
2014-04-11 00:00:00,
2014-04-12 00:00:00,
2014-04-13 00:00:00,
2014-04-14 00:00:00,
2014-04-15 00:00:00,
2014-04-16 00:00:00,
2014-04-17 00:00:00,
2014-04-18 00:00:00,
2014-04-19 00:00:00,
2014-04-20 00:00:00,
2014-04-21 00:00:00,
2014-04-22 00:00:00,
2014-04-23 00:00:00,
2014-04-24 00:00:00,
2014-04-25 00:00:00,
2014-04-26 00:00:00,
2014-04-27 00:00:00,
2014-04-28 00:00:00,
2014-04-29 00:00:00,
2014-04-30 00:00:00,
2014-05-01 00:00:00,
2014-05-02 00:00:00,
2014-05-03 00:00:00,
2014-05-04 00:00:00,
2014-05-05 00:00:00,
2014-05-06 00:00:00,
2014-05-07 00:00:00,
2014-05-08 00:00:00,
2014-05-09 00:00:00,
2014-05-10 00:00:00,
2014-05-11 00:00:00,
2014-05-12 00:00:00,
2014-05-13 00:00:00,
2014-05-14 00:00:00,
2014-05-15 00:00:00,
2014-05-16 00:00:00,
2014-05-17 00:00:00,
2014-05-18 00:00:00,
2014-05-19 00:00:00,
2014-05-20 00:00:00,
2014-05-21 00:00:00,
2014-05-22 00:00:00,
2014-05-23 00:00:00,
2014-05-24 00:00:00,
2014-05-25 00:00:00,
2014-05-26 00:00:00,
2014-05-27 00:00:00,
2014-05-28 00:00:00,
2014-05-29 00:00:00,
2014-05-30 00:00:00,
2014-05-31 00:00:00,
2014-06-01 00:00:00,
2014-06-02 00:00:00,
2014-06-03 00:00:00,
2014-06-04 00:00:00,
2014-06-05 00:00:00,
2014-06-06 00:00:00,
2014-06-07 00:00:00,
2014-06-08 00:00:00,
2014-06-09 00:00:00,
2014-06-10 00:00:00,
2014-06-11 00:00:00,
2014-06-12 00:00:00,
2014-06-13 00:00:00,
2014-06-14 00:00:00,
2014-06-15 00:00:00,
2014-06-16 00:00:00,
2014-06-17 00:00:00,
2014-06-18 00:00:00,
2014-06-19 00:00:00,
2014-06-20 00:00:00,
2014-06-21 00:00:00,
2014-06-22 00:00:00,
2014-06-23 00:00:00,
2014-06-24 00:00:00,
2014-06-25 00:00:00,
2014-06-26 00:00:00,
2014-06-27 00:00:00,
2014-06-28 00:00:00,
2014-06-29 00:00:00,
2014-06-30 00:00:00,
2014-07-01 00:00:00,
2014-07-02 00:00:00,
2014-07-03 00:00:00,
2014-07-04 00:00:00,
2014-07-05 00:00:00,
2014-07-06 00:00:00,
2014-07-07 00:00:00,
2014-07-08 00:00:00,
2014-07-09 00:00:00,
2014-07-10 00:00:00,
2014-07-11 00:00:00,
2014-07-12 00:00:00,
2014-07-13 00:00:00,
2014-07-14 00:00:00,
2014-07-15 00:00:00,
2014-07-16 00:00:00,
2014-07-17 00:00:00,
2014-07-18 00:00:00,
2014-07-19 00:00:00,
2014-07-20 00:00:00,
2014-07-21 00:00:00,
2014-07-22 00:00:00,
2014-07-23 00:00:00,
2014-07-24 00:00:00,
2014-07-25 00:00:00,
2014-07-26 00:00:00,
2014-07-27 00:00:00,
2014-07-28 00:00:00,
2014-07-29 00:00:00,
2014-07-30 00:00:00,
2014-07-31 00:00:00,
2014-08-01 00:00:00,
2014-08-02 00:00:00,
2014-08-03 00:00:00,
2014-08-04 00:00:00,
2014-08-05 00:00:00,
2014-08-06 00:00:00,
2014-08-07 00:00:00,
2014-08-08 00:00:00,
2014-08-09 00:00:00,
2014-08-10 00:00:00,
2014-08-11 00:00:00,
2014-08-12 00:00:00,
2014-08-13 00:00:00,
2014-08-14 00:00:00,
2014-08-15 00:00:00,
2014-08-16 00:00:00,
2014-08-17 00:00:00,
2014-08-18 00:00:00,
2014-08-19 00:00:00,
2014-08-20 00:00:00,
2014-08-21 00:00:00,
2014-08-22 00:00:00,
2014-08-23 00:00:00,
2014-08-24 00:00:00,
2014-08-25 00:00:00,
2014-08-26 00:00:00,
2014-08-27 00:00:00,
2014-08-28 00:00:00,
2014-08-29 00:00:00,
2014-08-30 00:00:00,
2014-08-31 00:00:00,
2014-09-01 00:00:00,
2014-09-02 00:00:00,
2014-09-03 00:00:00,
2014-09-04 00:00:00,
2014-09-05 00:00:00,
2014-09-06 00:00:00,
2014-09-07 00:00:00,
2014-09-08 00:00:00,
2014-09-09 00:00:00,
2014-09-10 00:00:00,
2014-09-11 00:00:00,
2014-09-12 00:00:00,
2014-09-13 00:00:00,
2014-09-14 00:00:00,
2014-09-15 00:00:00,
2014-09-16 00:00:00,
2014-09-17 00:00:00,
2014-09-18 00:00:00,
2014-09-19 00:00:00,
2014-09-20 00:00:00,
2014-09-21 00:00:00,
2014-09-22 00:00:00,
2014-09-23 00:00:00,
2014-09-24 00:00:00,
2014-09-25 00:00:00,
2014-09-26 00:00:00,
2014-09-27 00:00:00,
2014-09-28 00:00:00,
2014-09-29 00:00:00,
2014-09-30 00:00:00,
2014-10-01 00:00:00,
2014-10-02 00:00:00,
2014-10-03 00:00:00,
2014-10-04 00:00:00,
2014-10-05 00:00:00,
2014-10-06 00:00:00,
2014-10-07 00:00:00,
2014-10-08 00:00:00,
2014-10-09 00:00:00,
2014-10-10 00:00:00,
2014-10-11 00:00:00,
2014-10-12 00:00:00,
2014-10-13 00:00:00,
2014-10-14 00:00:00,
2014-10-15 00:00:00,
2014-10-16 00:00:00,
2014-10-17 00:00:00,
2014-10-18 00:00:00,
2014-10-19 00:00:00,
2014-10-20 00:00:00,
2014-10-21 00:00:00,
2014-10-22 00:00:00,
2014-10-23 00:00:00,
2014-10-24 00:00:00,
2014-10-25 00:00:00,
2014-10-26 00:00:00,
2014-10-27 00:00:00,
2014-10-28 00:00:00,
2014-10-29 00:00:00,
2014-10-30 00:00:00,
2014-10-31 00:00:00,
2014-11-01 00:00:00,
2014-11-02 00:00:00,
2014-11-03 00:00:00,
2014-11-04 00:00:00,
2014-11-05 00:00:00,
2014-11-06 00:00:00,
2014-11-07 00:00:00,
2014-11-08 00:00:00,
2014-11-09 00:00:00,
2014-11-10 00:00:00,
2014-11-11 00:00:00,
2014-11-12 00:00:00,
2014-11-13 00:00:00,
2014-11-14 00:00:00,
2014-11-15 00:00:00,
2014-11-16 00:00:00,
2014-11-17 00:00:00,
2014-11-18 00:00:00,
2014-11-19 00:00:00,
2014-11-20 00:00:00,
2014-11-21 00:00:00,
2014-11-22 00:00:00,
2014-11-23 00:00:00,
2014-11-24 00:00:00,
2014-11-25 00:00:00,
2014-11-26 00:00:00,
2014-11-27 00:00:00,
2014-11-28 00:00:00,
2014-11-29 00:00:00,
2014-11-30 00:00:00,
2014-12-01 00:00:00,
2014-12-02 00:00:00,
2014-12-03 00:00:00,
2014-12-04 00:00:00,
2014-12-05 00:00:00,
2014-12-06 00:00:00,
2014-12-07 00:00:00,
2014-12-08 00:00:00,
2014-12-09 00:00:00,
2014-12-10 00:00:00,
2014-12-11 00:00:00,
2014-12-12 00:00:00,
2014-12-13 00:00:00,
2014-12-14 00:00:00,
2014-12-15 00:00:00,
2014-12-16 00:00:00,
2014-12-17 00:00:00,
2014-12-18 00:00:00,
2014-12-19 00:00:00,
2014-12-20 00:00:00,
2014-12-21 00:00:00,
2014-12-22 00:00:00,
2014-12-23 00:00:00,
2014-12-24 00:00:00,
2014-12-25 00:00:00,
2014-12-26 00:00:00,
2014-12-27 00:00:00,
2014-12-28 00:00:00,
2014-12-29 00:00:00,
2014-12-30 00:00:00,
2014-12-31 00:00:00,
2015-01-01 00:00:00,
2015-01-02 00:00:00,
2015-01-03 00:00:00,
2015-01-04 00:00:00,
2015-01-05 00:00:00,
2015-01-06 00:00:00,
2015-01-07 00:00:00,
2015-01-08 00:00:00,
2015-01-09 00:00:00,
2015-01-10 00:00:00,
2015-01-11 00:00:00,
2015-01-12 00:00:00,
2015-01-13 00:00:00,
2015-01-14 00:00:00,
2015-01-15 00:00:00,
2015-01-16 00:00:00,
2015-01-17 00:00:00,
2015-01-18 00:00:00,
2015-01-19 00:00:00,
2015-01-20 00:00:00,
2015-01-21 00:00:00,
2015-01-22 00:00:00,
2015-01-23 00:00:00,
2015-01-24 00:00:00,
2015-01-25 00:00:00,
2015-01-26 00:00:00,
2015-01-27 00:00:00,
2015-01-28 00:00:00,
2015-01-29 00:00:00,
2015-01-30 00:00:00,
2015-01-31 00:00:00,
2015-02-01 00:00:00,
2015-02-02 00:00:00,
2015-02-03 00:00:00,
2015-02-04 00:00:00,
2015-02-05 00:00:00,
2015-02-06 00:00:00,
2015-02-07 00:00:00,
2015-02-08 00:00:00,
2015-02-09 00:00:00,
2015-02-10 00:00:00,
2015-02-11 00:00:00,
2015-02-12 00:00:00,
2015-02-13 00:00:00,
2015-02-14 00:00:00,
2015-02-15 00:00:00,
2015-02-16 00:00:00,
2015-02-17 00:00:00,
2015-02-18 00:00:00,
2015-02-19 00:00:00,
2015-02-20 00:00:00,
2015-02-21 00:00:00,
2015-02-22 00:00:00,
2015-02-23 00:00:00,
2015-02-24 00:00:00,
2015-02-25 00:00:00,
2015-02-26 00:00:00,
2015-02-27 00:00:00,
2015-02-28 00:00:00,
2015-03-01 00:00:00,
2015-03-02 00:00:00,
2015-03-03 00:00:00,
2015-03-04 00:00:00,
2015-03-05 00:00:00,
2015-03-06 00:00:00,
2015-03-07 00:00:00,
2015-03-08 00:00:00,
2015-03-09 00:00:00,
2015-03-10 00:00:00,
2015-03-11 00:00:00,
2015-03-12 00:00:00,
2015-03-13 00:00:00,
2015-03-14 00:00:00,
2015-03-15 00:00:00,
2015-03-16 00:00:00,
2015-03-17 00:00:00,
2015-03-18 00:00:00,
2015-03-19 00:00:00,
2015-03-20 00:00:00,
2015-03-21 00:00:00,
2015-03-22 00:00:00,
2015-03-23 00:00:00,
2015-03-24 00:00:00,
2015-03-25 00:00:00,
2015-03-26 00:00:00,
2015-03-27 00:00:00,
2015-03-28 00:00:00,
2015-03-29 00:00:00,
2015-03-30 00:00:00,
2015-03-31 00:00:00,
2015-04-01 00:00:00,
2015-04-02 00:00:00,
2015-04-03 00:00:00,
2015-04-04 00:00:00,
2015-04-05 00:00:00,
2015-04-06 00:00:00,
2015-04-07 00:00:00,
2015-04-08 00:00:00,
2015-04-09 00:00:00,
2015-04-10 00:00:00,
2015-04-11 00:00:00,
2015-04-12 00:00:00,
2015-04-13 00:00:00,0.557089002513216
2015-04-14 00:00:00,0.540708514605345
2015-04-15 00:00:00,0.5510889937310153
2015-04-16 00:00:00,0.5623052285318559
2015-04-17 00:00:00,0.5634421159627154
2015-04-18 00:00:00,0.5634421159627154
2015-04-19 00:00:00,0.5634421159627154
2015-04-20 00:00:00,0.5633772356668614
2015-04-21 00:00:00,0.5641990527476806
2015-04-22 00:00:00,0.5641014561638509
2015-04-23 00:00:00,0.5699921990118748
2015-04-24 00:00:00,0.5720937283437284
2015-04-25 00:00:00,0.568255957138845
2015-04-26 00:00:00,0.568255957138845
2015-04-27 00:00:00,0.5717989155090841
2015-04-28 00:00:00,0.5954228167613944
2015-04-29 00:00:00,0.6013730076230077
2015-04-30 00:00:00,0.6065104787499187
2015-05-01 00:00:00,0.5875316211465078
2015-05-02 00:00:00,0.5895080278183222
2015-05-03 00:00:00,0.5895080278183222
2015-05-04 00:00:00,0.5895080278183222
2015-05-05 00:00:00,0.5886065081136773
2015-05-06 00:00:00,0.5881595329068818
2015-05-07 00:00:00,0.5889971124423565
2015-05-08 00:00:00,0.5871395268520117
2015-05-09 00:00:00,0.5862150792794736
2015-05-10 00:00:00,0.5862150792794736
2015-05-11 00:00:00,0.5952540179052961
2015-05-12 00:00:00,0.582278708048154
2015-05-13 00:00:00,0.5847401736238056
2015-05-14 00:00:00,0.5950306238076797
2015-05-15 00:00:00,0.5959883437866942
2015-05-16 00:00:00,0.5932505646567745
2015-05-17 00:00:00,0.5932505646567745
2015-05-18 00:00:00,0.5907417731652229
2015-05-19 00:00:00,0.5960285969615728
2015-05-20 00:00:00,0.6110454327250321
2015-05-21 00:00:00,0.6069566459538605
2015-05-22 00:00:00,0.6408149546611746
2015-05-23 00:00:00,0.6365315758691032
2015-05-24 00:00:00,0.6365315758691032
2015-05-25 00:00:00,0.637772642330352
2015-05-26 00:00:00,0.6666595341007975
2015-05-27 00:00:00,0.6796024373189491
2015-05-28 00:00:00,0.6749297742795626
2015-05-29 00:00:00,0.6562105604557538
2015-05-30 00:00:00,0.6517037224542603
2015-05-31 00:00:00,0.6517037224542603
2015-06-01 00:00:00,0.6563655796031445
2015-06-02 00:00:00,0.6573675170355353
2015-06-03 00:00:00,0.6767129365532103
2015-06-04 00:00:00,0.6795863993910176
2015-06-05 00:00:00,0.6744397079306124
2015-06-06 00:00:00,0.6763500380292402
2015-06-07 00:00:00,0.6763500380292402
2015-06-08 00:00:00,0.6749133778416294
2015-06-09 00:00:00,0.6680399842648008
2015-06-10 00:00:00,0.6503283023870827
2015-06-11 00:00:00,0.6439362236357549
2015-06-12 00:00:00,0.6428676147192494
2015-06-13 00:00:00,0.6415611593596318
2015-06-14 00:00:00,0.6415611593596318
2015-06-15 00:00:00,0.6394475253740715
2015-06-16 00:00:00,0.6270877809870652
2015-06-17 00:00:00,0.6203021679082614
2015-06-18 00:00:00,0.516678105696637
2015-06-19 00:00:00,0.5176255600094317
2015-06-20 00:00:00,0.5178343323179719
2015-06-21 00:00:00,0.5178343323179719
2015-06-22 00:00:00,0.5272870197504176
2015-06-23 00:00:00,0.5217365611519293
2015-06-24 00:00:00,0.5202365515344414
2015-06-25 00:00:00,0.5142907585773977
2015-06-26 00:00:00,0.515041432667007
2015-06-27 00:00:00,0.5138820759344649
2015-06-28 00:00:00,0.5138820759344649
2015-06-29 00:00:00,0.5176689885215344
2015-06-30 00:00:00,0.5130178097018596
2015-07-01 00:00:00,0.513424797546977
2015-07-02 00:00:00,0.513133853317354
2015-07-03 00:00:00,0.5159048724658784
2015-07-04 00:00:00,0.517905929019886
2015-07-05 00:00:00,0.517905929019886
2015-07-06 00:00:00,0.515817505976305
2015-07-07 00:00:00,0.5080813637465045
2015-07-08 00:00:00,0.513515461215933
2015-07-09 00:00:00,0.506251059225364
2015-07-10 00:00:00,0.4994014508311375
2015-07-11 00:00:00,0.4996941597527249
2015-07-12 00:00:00,0.4996941597527249
2015-07-13 00:00:00,0.5064649422482512
2015-07-14 00:00:00,0.49776087874947184
2015-07-15 00:00:00,0.4963252703342609
2015-07-16 00:00:00,0.49674467767769714
2015-07-17 00:00:00,0.48746388143457464
2015-07-18 00:00:00,0.48600074576968577
2015-07-19 00:00:00,0.48600074576968577
2015-07-20 00:00:00,0.48546070565241983
2015-07-21 00:00:00,0.4857296247717511
2015-07-22 00:00:00,0.4854569524507253
2015-07-23 00:00:00,0.4875288044387802
2015-07-24 00:00:00,0.4801932274236771
2015-07-25 00:00:00,0.47928279450018585
2015-07-26 00:00:00,0.47928279450018585
2015-07-27 00:00:00,0.4799299068414511
2015-07-28 00:00:00,0.4789353499977549
2015-07-29 00:00:00,0.4935501407009466
2015-07-30 00:00:00,0.4953594147582696
2015-07-31 00:00:00,0.4861937061032686
2015-08-01 00:00:00,0.4776310652713236
2015-08-02 00:00:00,0.4776310652713236
2015-08-03 00:00:00,0.4736641605903762
2015-08-04 00:00:00,0.470391504799335
2015-08-05 00:00:00,0.46933650541897975
2015-08-06 00:00:00,0.471048276990254
2015-08-07 00:00:00,0.4642423785183927
2015-08-08 00:00:00,0.4611007597287311
2015-08-09 00:00:00,0.4611007597287311
2015-08-10 00:00:00,0.4634157052428183
2015-08-11 00:00:00,0.4664941176470587
2015-08-12 00:00:00,0.4554491692480991
2015-08-13 00:00:00,0.45504418813660874
2015-08-14 00:00:00,0.45479713425241775
2015-08-15 00:00:00,0.44589871346768795
2015-08-16 00:00:00,0.44589871346768795
2015-08-17 00:00:00,0.4474232170744403
2015-08-18 00:00:00,0.43724614134849715
2015-08-19 00:00:00,0.442244315906837
2015-08-20 00:00:00,0.4406569388006403
2015-08-21 00:00:00,0.4383334257223279
2015-08-22 00:00:00,0.43359178361388384
2015-08-23 00:00:00,0.43359178361388384
2015-08-24 00:00:00,0.4337759524598819
2015-08-25 00:00:00,0.43009257553992164
2015-08-26 00:00:00,0.4296333762491571
2015-08-27 00:00:00,0.42918098668774074
2015-08-28 00:00:00,0.4284722349673622
2015-08-29 00:00:00,0.41886332701375717
2015-08-30 00:00:00,0.41886332701375717
2015-08-31 00:00:00,0.41884509746730836
2015-09-01 00:00:00,0.41611323967645797
2015-09-02 00:00:00,0.40931252457429745
2015-09-03 00:00:00,0.40634250365483826
2015-09-04 00:00:00,0.4076771891630382
2015-09-05 00:00:00,0.4022837899708427
2015-09-06 00:00:00,0.4022837899708427
2015-09-07 00:00:00,0.3972595725198198
2015-09-08 00:00:00,0.39554684158851194
2015-09-09 00:00:00,0.39390080146443385
2015-09-10 00:00:00,0.3945659377070907
2015-09-11 00:00:00,0.3874090116104194
2015-09-12 00:00:00,0.3816986885697682
2015-09-13 00:00:00,0.3816986885697682
2015-09-14 00:00:00,0.39049946979636596
2015-09-15 00:00:00,0.3983162207847284
2015-09-16 00:00:00,0.40093874983681665
2015-09-17 00:00:00,0.4004355132665862
2015-09-18 00:00:00,0.40293791704982196
2015-09-19 00:00:00,0.40395585207732365
2015-09-20 00:00:00,0.40395585207732365
2015-09-21 00:00:00,0.40703511659322444
2015-09-22 00:00:00,0.4015738741608561
2015-09-23 00:00:00,0.3955718822137073
2015-09-24 00:00:00,0.39118339334195595
2015-09-25 00:00:00,0.38659091172751414
2015-09-26 00:00:00,0.37394315601919703
2015-09-27 00:00:00,0.37394315601919703
2015-09-28 00:00:00,0.3692099893668994
2015-09-29 00:00:00,0.3461595064244072
2015-09-30 00:00:00,0.3375519604538817
2015-10-01 00:00:00,0.3304145948087751
2015-10-02 00:00:00,0.32918483375375174
2015-10-03 00:00:00,0.3147765641610347
2015-10-04 00:00:00,0.3147765641610347
2015-10-05 00:00:00,0.31533838976375783
2015-10-06 00:00:00,0.2987769397143265
2015-10-07 00:00:00,0.29184511651402345
2015-10-08 00:00:00,0.2831426768715881
2015-10-09 00:00:00,0.27543352284553113
2015-10-10 00:00:00,0.2685341047138101
2015-10-11 00:00:00,0.2685341047138101
2015-10-12 00:00:00,0.26401531865749295
2015-10-13 00:00:00,0.261086859736565
2015-10-14 00:00:00,0.24187237007852902
2015-10-15 00:00:00,0.23397717998367717
2015-10-16 00:00:00,0.23599831269589555
2015-10-17 00:00:00,0.232937053252799
2015-10-18 00:00:00,0.232937053252799
2015-10-19 00:00:00,0.23665750535297692
2015-10-20 00:00:00,0.22629918248314773
2015-10-21 00:00:00,0.22545978108692877
2015-10-22 00:00:00,0.2226386567995544
2015-10-23 00:00:00,0.20897763933696734
2015-10-24 00:00:00,0.2070784805306083
2015-10-25 00:00:00,0.2070784805306083
2015-10-26 00:00:00,0.2035082986893466
2015-10-27 00:00:00,0.20285705220743377
2015-10-28 00:00:00,0.20078708982642857
2015-10-29 00:00:00,0.19236584712793947
2015-10-30 00:00:00,0.18593521618180953
2015-10-31 00:00:00,0.18073919914876302
2015-11-01 00:00:00,0.18073919914876302
2015-11-02 00:00:00,0.17512166116387884
2015-11-03 00:00:00,0.16673414410065557
2015-11-04 00:00:00,0.1786580625097185
2015-11-05 00:00:00,0.17784688747214017
2015-11-06 00:00:00,0.16843555596993665
2015-11-07 00:00:00,0.1651042554400317
2015-11-08 00:00:00,0.1651042554400317
2015-11-09 00:00:00,0.16338431184178592
2015-11-10 00:00:00,0.1447292042308146
2015-11-11 00:00:00,0.14615732740887033
2015-11-12 00:00:00,0.14654196761116944
2015-11-13 00:00:00,0.14375436865260482
2015-11-14 00:00:00,0.1430670056758354
2015-11-15 00:00:00,0.1430670056758354
2015-11-16 00:00:00,0.1377815445463184
2015-11-17 00:00:00,0.12945203019247442
2015-11-18 00:00:00,0.13562857831152386
2015-11-19 00:00:00,0.13682024014425043
2015-11-20 00:00:00,0.12650893411030095
2015-11-21 00:00:00,0.12238265319046526
2015-11-22 00:00:00,0.12238265319046526
2015-11-23 00:00:00,0.11691111279985811
2015-11-24 00:00:00,0.10851232013211298
2015-11-25 00:00:00,0.10585986173077688
2015-11-26 00:00:00,0.09969099690996908
2015-11-27 00:00:00,0.09807390817469197
2015-11-28 00:00:00,0.09089088643645415
2015-11-29 00:00:00,0.09089088643645415
2015-11-30 00:00:00,0.08642854317471627
2015-12-01 00:00:00,0.07798085807602417
2015-12-02 00:00:00,0.0709026801785142
2015-12-03 00:00:00,0.06044705455223398
2015-12-04 00:00:00,0.05153663954082632
2015-12-05 00:00:00,0.05056091513857175
2015-12-06 00:00:00,0.05056091513857175
2015-12-07 00:00:00,0.04561209711073477
2015-12-08 00:00:00,0.04641372013483913
2015-12-09 00:00:00,0.04562730154979233
2015-12-10 00:00:00,0.059052722490480214
2015-12-11 00:00:00,0.07756491621650885
2015-12-12 00:00:00,0.08083514683168258
2015-12-13 00:00:00,0.08083514683168258
2015-12-14 00:00:00,0.08944124512082596
2015-12-15 00:00:00,0.1287902346083034
2015-12-16 00:00:00,0.1658744144491009
2015-12-17 00:00:00,0.15437970377580168
2015-12-18 00:00:00,0.16155506709742773
2015-12-19 00:00:00,0.16129809346823598
2015-12-20 00:00:00,0.16129809346823598
2015-12-21 00:00:00,0.1574289843957406
2015-12-22 00:00:00,0.16969550057785354
2015-12-23 00:00:00,0.18051541602484167
2015-12-24 00:00:00,0.1748685747663552
2015-12-25 00:00:00,0.17733158099688473
2015-12-26 00:00:00,0.17733158099688473
2015-12-27 00:00:00,0.17733158099688473
2015-12-28 00:00:00,0.1786604361370716
2015-12-29 00:00:00,0.18121360830363575
2015-12-30 00:00:00,0.176438803597736
2015-12-31 00:00:00,0.1690556410777735
2016-01-01 00:00:00,0.1690556410777735
2016-01-02 00:00:00,0.16411906483490002
2016-01-03 00:00:00,0.16411906483490002
2016-01-04 00:00:00,0.16907688599662563
2016-01-05 00:00:00,0.1698878376684123
2016-01-06 00:00:00,0.16684242713163733
2016-01-07 00:00:00,0.16299673891085398
2016-01-08 00:00:00,0.16543783456216543
2016-01-09 00:00:00,0.16734109893921434
2016-01-10 00:00:00,0.16734109893921434
2016-01-11 00:00:00,0.16998342823558876
2016-01-12 00:00:00,0.17399187909300462
2016-01-13 00:00:00,0.1758373435533911
2016-01-14 00:00:00,0.17025960986804356
2016-01-15 00:00:00,0.17593920618073677
2016-01-16 00:00:00,0.1754165890117032
2016-01-17 00:00:00,0.1754165890117032
2016-01-18 00:00:00,0.17988473614038103
2016-01-19 00:00:00,0.22725771715721454
2016-01-20 00:00:00,0.22256268209021624
2016-01-21 00:00:00,0.21499699974283515
2016-01-22 00:00:00,0.20817983984525013
2016-01-23 00:00:00,0.20476980682495105
2016-01-24 00:00:00,0.20476980682495105
2016-01-25 00:00:00,0.20234211745572472
2016-01-26 00:00:00,0.20004760288822276
2016-01-27 00:00:00,0.19942231968121482
2016-01-28 00:00:00,0.20426407631346666
2016-01-29 00:00:00,0.19158195515577048
2016-01-30 00:00:00,0.1896865615615615
2016-01-31 00:00:00,0.1896865615615615
2016-02-01 00:00:00,0.18584365615615606
2016-02-02 00:00:00,0.1833759241741848
2016-02-03 00:00:00,0.18322451786740523
2016-02-04 00:00:00,0.1793176831737242
2016-02-05 00:00:00,0.1792764711438557
2016-02-06 00:00:00,0.17725821888422133
2016-02-07 00:00:00,0.17725821888422133
2016-02-08 00:00:00,0.17503759965677057
2016-02-09 00:00:00,0.1690310655745395
2016-02-10 00:00:00,0.16967307376375884
2016-02-11 00:00:00,0.16909614147759022
2016-02-12 00:00:00,0.17190284733488514
2016-02-13 00:00:00,0.16937883010970656
2016-02-14 00:00:00,0.16937883010970656
2016-02-15 00:00:00,0.17296376587178686
2016-02-16 00:00:00,0.17346502660636198
2016-02-17 00:00:00,0.17045203865632197
2016-02-18 00:00:00,0.1733718499729915
2016-02-19 00:00:00,0.168254997603406
2016-02-20 00:00:00,0.16734987110679111
2016-02-21 00:00:00,0.16734987110679111
2016-02-22 00:00:00,0.16825141923396592
2016-02-23 00:00:00,0.17014487023806169
2016-02-24 00:00:00,0.19340569264252805
2016-02-25 00:00:00,0.18591036691165064
2016-02-26 00:00:00,0.1773753730156502
2016-02-27 00:00:00,0.17440911084362076
2016-02-28 00:00:00,0.17440911084362076
2016-02-29 00:00:00,0.17425514841045442
2016-03-01 00:00:00,0.16963627541546522
2016-03-02 00:00:00,0.16480331551199234
2016-03-03 00:00:00,0.15939173697938425
2016-03-04 00:00:00,0.1456568214174747
2016-03-05 00:00:00,0.14521071198446145
2016-03-06 00:00:00,0.14385857687891246
2016-03-07 00:00:00,0.1407749009149164
2016-03-08 00:00:00,0.1336143830796015
2016-03-09 00:00:00,0.14059084509651365
2016-03-10 00:00:00,0.13374913374913366
2016-03-11 00:00:00,0.1303551609322975
2016-03-12 00:00:00,0.13462100850868275
2016-03-13 00:00:00,0.13648854109999853
2016-03-14 00:00:00,0.13155068279142434
2016-03-15 00:00:00,0.1578161833424001
2016-03-16 00:00:00,0.1657550535077288
2016-03-17 00:00:00,0.1550958067203554
2016-03-18 00:00:00,0.15724049610935564
2016-03-19 00:00:00,0.1551340836459636
2016-03-20 00:00:00,0.15872440659539766
2016-03-21 00:00:00,0.15405522182112152
2016-03-22 00:00:00,0.1513234002815449
2016-03-23 00:00:00,0.15715521571691693
2016-03-24 00:00:00,0.15339868826624015
2016-03-25 00:00:00,0.14678095764781784
2016-03-26 00:00:00,0.14992883417438407
2016-03-27 00:00:00,0.14836863722368365
2016-03-28 00:00:00,0.1486316858184502
2016-03-29 00:00:00,0.1538903502699709
2016-03-30 00:00:00,0.1455885327596036
2016-03-31 00:00:00,0.14650327565778243
2016-04-01 00:00:00,0.14932008609779301
2016-04-02 00:00:00,0.15253016512656625
2016-04-03 00:00:00,0.15253016512656625
2016-04-04 00:00:00,0.15265522592000735
2016-04-05 00:00:00,0.1559183862525766
2016-04-06 00:00:00,0.15908659301975492
2016-04-07 00:00:00,0.1589277033127301
2016-04-08 00:00:00,0.15686547234894843
2016-04-09 00:00:00,0.15741281901422166
2016-04-10 00:00:00,0.15709078767980866
2016-04-11 00:00:00,0.1634345176817562
2016-04-12 00:00:00,0.16703532641458696
2016-04-13 00:00:00,0.1673438246439123
2016-04-14 00:00:00,0.16809243623448467
2016-04-15 00:00:00,0.15968287037037032
2016-04-16 00:00:00,0.15661462878567511
2016-04-17 00:00:00,0.1549987089396705
2016-04-18 00:00:00,0.15635893321529348
2016-04-19 00:00:00,0.15754855309024518
2016-04-20 00:00:00,0.16022493048734932
2016-04-21 00:00:00,0.1557717035132109
2016-04-22 00:00:00,0.14862008950770766
2016-04-23 00:00:00,0.1477322917241759
2016-04-24 00:00:00,0.1455030099320871
2016-04-25 00:00:00,0.14108109597344098
2016-04-26 00:00:00,0.14473617750104473
2016-04-27 00:00:00,0.1383211695552775
2016-04-28 00:00:00,0.12319449147759332
2016-04-29 00:00:00,0.1251718619694817
2016-04-30 00:00:00,0.12242443047423746
2016-05-01 00:00:00,0.12354606672788493
2016-05-02 00:00:00,0.12354606672788493
2016-05-03 00:00:00,0.12461288463962261
2016-05-04 00:00:00,0.1222226723563622
2016-05-05 00:00:00,0.12243390532810872
2016-05-06 00:00:00,0.1233363969760044
2016-05-07 00:00:00,0.12709918315500168
2016-05-08 00:00:00,0.13031819644856668
2016-05-09 00:00:00,0.13066046503193762
2016-05-10 00:00:00,0.13054033102585372
2016-05-11 00:00:00,0.1293634265519914
2016-05-12 00:00:00,0.13804509232704976
2016-05-13 00:00:00,0.13602015683063695
2016-05-14 00:00:00,0.12920101707947107
2016-05-15 00:00:00,0.12663267663637767
2016-05-16 00:00:00,0.11687306675160425
2016-05-17 00:00:00,0.11661735644894655
2016-05-18 00:00:00,0.11460409107758673
2016-05-19 00:00:00,0.11424021644430216
2016-05-20 00:00:00,0.1035503353316849
2016-05-21 00:00:00,0.10287346104271311
2016-05-22 00:00:00,0.08145960905663663
2016-05-23 00:00:00,0.07750223365076603
2016-05-24 00:00:00,0.07620998496371678
2016-05-25 00:00:00,0.07390503399108961
2016-05-26 00:00:00,0.053199183460364896
2016-05-27 00:00:00,0.05145219049884675
2016-05-28 00:00:00,0.05357363288482908
2016-05-29 00:00:00,0.05369473227133015
2016-05-30 00:00:00,0.05569769520906598
2016-05-31 00:00:00,0.054062970941073374
2016-06-01 00:00:00,0.050703627448899447
2016-06-02 00:00:00,0.04808039449708845
2016-06-03 00:00:00,0.030374052582833988
2016-06-04 00:00:00,0.02945953091362319
2016-06-05 00:00:00,0.030575335559896555
2016-06-06 00:00:00,0.02764089314596596
2016-06-07 00:00:00,0.02919108534459225
2016-06-08 00:00:00,0.03028621163767542
2016-06-09 00:00:00,0.030298308525176232
2016-06-10 00:00:00,0.03422426204001039
2016-06-11 00:00:00,0.03778940267542352
2016-06-12 00:00:00,0.03944315545243615
2016-06-13 00:00:00,0.038474286734147434
2016-06-14 00:00:00,0.03194717115830814
2016-06-15 00:00:00,0.03215429979193529
2016-06-16 00:00:00,0.03935819429972942
2016-06-17 00:00:00,0.03852462192145256
2016-06-18 00:00:00,0.03970624361609976
2016-06-19 00:00:00,0.04116009581148439
2016-06-20 00:00:00,0.04043503592930664
2016-06-21 00:00:00,0.040758723376707495
2016-06-22 00:00:00,0.03581845008320905
2016-06-23 00:00:00,0.03756008318878856
2016-06-24 00:00:00,0.03289952656043349
2016-06-25 00:00:00,0.035348170410480995
2016-06-26 00:00:00,0.035871514051800446
2016-06-27 00:00:00,0.0357764672844707
2016-06-28 00:00:00,0.03424707839198149
2016-06-29 00:00:00,0.031821551085138955
2016-06-30 00:00:00,0.03599361809132362
2016-07-01 00:00:00,0.034966730305509675
2016-07-02 00:00:00,0.03469796711548523
2016-07-03 00:00:00,0.03435102118518496
2016-07-04 00:00:00,0.032207192103094195
2016-07-05 00:00:00,0.032462461358075734
2016-07-06 00:00:00,0.03557463806889194
2016-07-07 00:00:00,0.04300860476073631
2016-07-08 00:00:00,0.03838145985464658
2016-07-09 00:00:00,0.038125324562921836
2016-07-10 00:00:00,0.04089332242786892
2016-07-11 00:00:00,0.04177848745256885
2016-07-12 00:00:00,0.042611583946404075
2016-07-13 00:00:00,0.03853463841109939
2016-07-14 00:00:00,0.044832015552990434
2016-07-15 00:00:00,0.04409017015281247
2016-07-16 00:00:00,0.04347270391639935
2016-07-17 00:00:00,0.041996465322739374
2016-07-18 00:00:00,0.04068556298496362
2016-07-19 00:00:00,0.04234690456155077
2016-07-20 00:00:00,0.0415443109742506
2016-07-21 00:00:00,0.03785293742169871
2016-07-22 00:00:00,0.040024226954650244
2016-07-23 00:00:00,0.04024024283912331
2016-07-24 00:00:00,0.04121342581864873
2016-07-25 00:00:00,0.03934668350055337
2016-07-26 00:00:00,0.03935967706657251
2016-07-27 00:00:00,0.04115211193824697
2016-07-28 00:00:00,0.04291801750029811
2016-07-29 00:00:00,0.026938550045711107
2016-07-30 00:00:00,0.020215212032135055
2016-07-31 00:00:00,0.021962896596688486
2016-08-01 00:00:00,0.023356351619411964
2016-08-02 00:00:00,0.02292169592425064
2016-08-03 00:00:00,0.024880521794491184
2016-08-04 00:00:00,0.026084032605576235
2016-08-05 00:00:00,0.022779355513006694
2016-08-06 00:00:00,0.02126139843629704
2016-08-07 00:00:00,0.025234222706935983
2016-08-08 00:00:00,0.024667450987127415
2016-08-09 00:00:00,0.028802308306640656
2016-08-10 00:00:00,0.025541546811164828
2016-08-11 00:00:00,0.021617516499267353
2016-08-12 00:00:00,0.02608422713679759
2016-08-13 00:00:00,0.02362170949629605
2016-08-14 00:00:00,0.022818837970820738
2016-08-15 00:00:00,0.022445953127946616
2016-08-16 00:00:00,0.03304102590478153
2016-08-17 00:00:00,0.0325117099528176
2016-08-18 00:00:00,0.0327950980769971
2016-08-19 00:00:00,0.030072715236030945
2016-08-20 00:00:00,0.03069342262432606
2016-08-21 00:00:00,0.032759015687928716
2016-08-22 00:00:00,0.033144415872492505
2016-08-23 00:00:00,0.03385098287752619
2016-08-24 00:00:00,0.03635141412995302
2016-08-25 00:00:00,0.037320752854110406
2016-08-26 00:00:00,0.033320825515947394
2016-08-27 00:00:00,0.03286903182526424
2016-08-28 00:00:00,0.031940111220794876
2016-08-29 00:00:00,0.03190156724104343
2016-08-30 00:00:00,0.03253111891031879
2016-08-31 00:00:00,0.030270261010336252
2016-09-01 00:00:00,0.03007066735666286
2016-09-02 00:00:00,0.028135401889857636
2016-09-03 00:00:00,0.02894360978962407
2016-09-04 00:00:00,0.02904969852667927
2016-09-05 00:00:00,0.028207678279529302
2016-09-06 00:00:00,0.028504103774699363
2016-09-07 00:00:00,0.03189193733710738
2016-09-08 00:00:00,0.033247800349181844
2016-09-09 00:00:00,0.03427629688988332
2016-09-10 00:00:00,0.034287466952359624
2016-09-11 00:00:00,0.03812183203326547
2016-09-12 00:00:00,0.0376665553768174
2016-09-13 00:00:00,0.03790069765727644
2016-09-14 00:00:00,0.031114012184508377
2016-09-15 00:00:00,0.022250461860469972
2016-09-16 00:00:00,0.011891701858197434
2016-09-17 00:00:00,0.009416144134399174
2016-09-18 00:00:00,0.003766806722689031
2016-09-19 00:00:00,0.0033151260504200586
2016-09-20 00:00:00,0.0008487394957983341
2016-09-21 00:00:00,-0.004194581631883021
2016-09-22 00:00:00,-0.0007155123068116609
2016-09-23 00:00:00,-0.007153682425199093
2016-09-24 00:00:00,-0.00959229098919323
2016-09-25 00:00:00,-0.010669516891135822
2016-09-26 00:00:00,-0.014543256409344618
2016-09-27 00:00:00,-0.015685298405533676
2016-09-28 00:00:00,-0.01306764278698025
2016-09-29 00:00:00,-0.010364720425857565
2016-09-30 00:00:00,-0.013197626317137834
2016-10-01 00:00:00,-0.014364935212023866
2016-10-02 00:00:00,-0.01562846932747941
2016-10-03 00:00:00,-0.015188584786697934
2016-10-04 00:00:00,-0.016319716462993128
2016-10-05 00:00:00,-0.01863685662957859
2016-10-06 00:00:00,-0.0100615825489343
2016-10-07 00:00:00,-0.004520223057175365
2016-10-08 00:00:00,0.0014559246083327704
2016-10-09 00:00:00,0.005803891591979804
2016-10-10 00:00:00,0.0096173253571874
2016-10-11 00:00:00,0.008767032693323573
2016-10-12 00:00:00,0.011830290283862288
2016-10-13 00:00:00,0.00887546578435816
2016-10-14 00:00:00,0.010864240161431393
2016-10-15 00:00:00,0.01238274326719413
2016-10-16 00:00:00,0.011731085757239246
2016-10-17 00:00:00,0.015258403570086232
2016-10-18 00:00:00,0.01115219955157909
2016-10-19 00:00:00,0.006899893400523327
2016-10-20 00:00:00,0.014948809748131398
2016-10-21 00:00:00,0.013172784611556576
2016-10-22 00:00:00,0.015849978414004262
2016-10-23 00:00:00,0.025891967092795287
2016-10-24 00:00:00,0.023600293579589593
2016-10-25 00:00:00,0.02090768674619614
2016-10-26 00:00:00,0.02306821802520398
2016-10-27 00:00:00,0.022009157110608468
2016-10-28 00:00:00,0.01959840416762826
2016-10-29 00:00:00,0.021187644063430877
2016-10-30 00:00:00,0.02453036477487336
2016-10-31 00:00:00,0.027004163491590294
2016-11-01 00:00:00,0.0248572596052965
2016-11-02 00:00:00,0.030215872043604985
2016-11-03 00:00:00,0.031844540983497094
2016-11-04 00:00:00,0.020923620868211534
2016-11-05 00:00:00,0.021626723933075853
2016-11-06 00:00:00,0.02916742398382821
2016-11-07 00:00:00,0.02758481582785488
2016-11-08 00:00:00,0.029391294325219253
2016-11-09 00:00:00,0.031139564205927783
2016-11-10 00:00:00,0.04438590744073134
2016-11-11 00:00:00,0.04356165981657312
2016-11-12 00:00:00,0.04353356605077319
2016-11-13 00:00:00,0.04510914989799497
2016-11-14 00:00:00,0.046428025775373305
2016-11-15 00:00:00,0.043965524988990534
2016-11-16 00:00:00,0.04948105946033787
2016-11-17 00:00:00,0.05668730776744457
2016-11-18 00:00:00,0.05016699765300592
2016-11-19 00:00:00,0.04843742607316415
2016-11-20 00:00:00,0.05025469268737459
2016-11-21 00:00:00,0.05132446968175253
2016-11-22 00:00:00,0.05271472839174596
2016-11-23 00:00:00,0.058690519659895246
2016-11-24 00:00:00,0.05931312323858107
2016-11-25 00:00:00,0.059077289341508354
2016-11-26 00:00:00,0.059874236141423065
2016-11-27 00:00:00,0.05653796732546046
2016-11-28 00:00:00,0.054432637373345916
2016-11-29 00:00:00,0.05452781913652016
2016-11-30 00:00:00,0.058315280710696804
2016-12-01 00:00:00,0.06564756033277575
2016-12-02 00:00:00,0.07008099906521825
2016-12-03 00:00:00,0.07512832909617906
2016-12-04 00:00:00,0.08598092843607108
2016-12-05 00:00:00,0.08932230756109694
2016-12-06 00:00:00,0.08963074255725334
2016-12-07 00:00:00,0.09268436979840411
2016-12-08 00:00:00,0.09435586082351799
2016-12-09 00:00:00,0.09513776413424235
2016-12-10 00:00:00,0.07775301411374391
2016-12-11 00:00:00,0.06195783187537662
2016-12-12 00:00:00,0.06120222072063841
2016-12-13 00:00:00,0.06023659075551979
2016-12-14 00:00:00,0.05433207109597227
2016-12-15 00:00:00,0.021466208977414247
2016-12-16 00:00:00,-0.011361567544910689
2016-12-17 00:00:00,-0.005640202357430013
2016-12-18 00:00:00,-0.011462015536693237
2016-12-19 00:00:00,-0.011891708824587788
2016-12-20 00:00:00,-0.011787989755095984
2016-12-21 00:00:00,-0.010338617326741129
2016-12-22 00:00:00,-0.025360415144658033
2016-12-23 00:00:00,-0.03827107052539358
2016-12-24 00:00:00,-0.038093758415677526
2016-12-25 00:00:00,-0.040106089609750706
2016-12-26 00:00:00,-0.04254747365331102
2016-12-27 00:00:00,-0.04471391774954414
2016-12-28 00:00:00,-0.04766585172459359
2016-12-29 00:00:00,-0.05209664256922175
2016-12-30 00:00:00,-0.05426129868738938
2016-12-31 00:00:00,-0.04931127366235122
2017-01-01 00:00:00,-0.04931127366235122
2017-01-02 00:00:00,-0.04931127366235122
2017-01-03 00:00:00,-0.048414780338431385
2017-01-04 00:00:00,-0.05463148129058859
2017-01-05 00:00:00,-0.06050064094901675
2017-01-06 00:00:00,-0.06133700895933836
2017-01-07 00:00:00,-0.059306682547954015
2017-01-08 00:00:00,-0.061344756292325386
2017-01-09 00:00:00,-0.05976006833966796
2017-01-10 00:00:00,-0.05972705400732092
2017-01-11 00:00:00,-0.06030242827879395
2017-01-12 00:00:00,-0.06326043557914285
2017-01-13 00:00:00,-0.07133915096362586
2017-01-14 00:00:00,-0.07111530549921052
2017-01-15 00:00:00,-0.07562818513903313
2017-01-16 00:00:00,-0.0793847942707645
2017-01-17 00:00:00,-0.07465244250741465
2017-01-18 00:00:00,-0.08039238319734798
2017-01-19 00:00:00,-0.11529604910396574
2017-01-20 00:00:00,-0.11112154597765245
2017-01-21 00:00:00,-0.10963733819364829
2017-01-22 00:00:00,-0.10859963779845816
2017-01-23 00:00:00,-0.10941194244801933
2017-01-24 00:00:00,-0.1024779215988667
2017-01-25 00:00:00,-0.08746367722173509
2017-01-26 00:00:00,-0.08490808726064492
2017-01-27 00:00:00,-0.08449203537735384
2017-01-28 00:00:00,-0.0873465052383211
2017-01-29 00:00:00,-0.08161240958248206
2017-01-30 00:00:00,-0.08300860593344006
2017-01-31 00:00:00,-0.08047652102577052
2017-02-01 00:00:00,-0.07684378796092228
2017-02-02 00:00:00,-0.07320084946629968
2017-02-03 00:00:00,-0.07225239069678557
2017-02-04 00:00:00,-0.06965226764611943
2017-02-05 00:00:00,-0.06674609531437725
2017-02-06 00:00:00,-0.06733880656788149
2017-02-07 00:00:00,-0.06526031237484986
2017-02-08 00:00:00,-0.06360214902760108
2017-02-09 00:00:00,-0.06488545023335324
2017-02-10 00:00:00,-0.0666310851428411
2017-02-11 00:00:00,-0.06601265721123728
2017-02-12 00:00:00,-0.06669850046747539
2017-02-13 00:00:00,-0.0643972376821248
2017-02-14 00:00:00,-0.06739469766583339
2017-02-15 00:00:00,-0.07217521752175216
2017-02-16 00:00:00,-0.0728148151112854
2017-02-17 00:00:00,-0.07265421677567341
2017-02-18 00:00:00,-0.07425792117851926
2017-02-19 00:00:00,-0.06979690837345687
2017-02-20 00:00:00,-0.06131363959985037
2017-02-21 00:00:00,-0.05906913321024754
2017-02-22 00:00:00,-0.06160394535347813
2017-02-23 00:00:00,-0.06554485632461304
2017-02-24 00:00:00,-0.08695609267000615
2017-02-25 00:00:00,-0.08288330081997108
2017-02-26 00:00:00,-0.0811217203207526
2017-02-27 00:00:00,-0.08324312084236285
2017-02-28 00:00:00,-0.08561479895360136
2017-03-01 00:00:00,-0.07813201168739214
2017-03-02 00:00:00,-0.07787594752622196
2017-03-03 00:00:00,-0.07517928661640172
2017-03-04 00:00:00,-0.06483407948317321
2017-03-05 00:00:00,-0.06483407948317321
2017-03-06 00:00:00,-0.06575698452919698
2017-03-07 00:00:00,-0.05579186622290766
2017-03-08 00:00:00,-0.03954932637894737
2017-03-09 00:00:00,-0.04624714000621233
2017-03-10 00:00:00,-0.04481051344743281
2017-03-11 00:00:00,-0.04101207717610089
2017-03-12 00:00:00,-0.04101207717610089
2017-03-13 00:00:00,-0.04437503068388238
2017-03-14 00:00:00,-0.040083660001807964
2017-03-15 00:00:00,-0.05992610886894367
2017-03-16 00:00:00,-0.06783145734834117
2017-03-17 00:00:00,-0.0682914613134592
2017-03-18 00:00:00,-0.06767506665864753
2017-03-19 00:00:00,-0.06767506665864753
2017-03-20 00:00:00,-0.07213367815400651
2017-03-21 00:00:00,-0.0707830112721417
2017-03-22 00:00:00,-0.07077744419156462
2017-03-23 00:00:00,-0.07389677362305214
2017-03-24 00:00:00,-0.07538579006590584
2017-03-25 00:00:00,-0.07538579006590584
2017-03-26 00:00:00,-0.07538579006590584
2017-03-27 00:00:00,-0.07663357981031993
2017-03-28 00:00:00,-0.07954093460347056
2017-03-29 00:00:00,-0.08783317635625199
2017-03-30 00:00:00,-0.08954304494909571
2017-03-31 00:00:00,-0.08989464371883549
2017-04-01 00:00:00,-0.09042682522490664
2017-04-02 00:00:00,-0.09042682522490664
2017-04-03 00:00:00,-0.09251262430900375
2017-04-04 00:00:00,-0.09564902904330874
2017-04-05 00:00:00,-0.09448542817873273
2017-04-06 00:00:00,-0.09761989442177743
2017-04-07 00:00:00,-0.09983380674441
2017-04-08 00:00:00,-0.09698743998525183
2017-04-09 00:00:00,-0.09698743998525183
2017-04-10 00:00:00,-0.10211123668454081
2017-04-11 00:00:00,-0.11345808920243927
2017-04-12 00:00:00,-0.11877822435643992
2017-04-13 00:00:00,-0.11820809535634469
2017-04-14 00:00:00,-0.11964227590641696
2017-04-15 00:00:00,-0.11460069503356396
2017-04-16 00:00:00,-0.11460069503356396
2017-04-17 00:00:00,-0.1150697728266229
2017-04-18 00:00:00,-0.11619245852547888
2017-04-19 00:00:00,-0.10756857847911427
2017-04-20 00:00:00,-0.10790912288441246
2017-04-21 00:00:00,-0.0948817790856945
2017-04-22 00:00:00,-0.09011430392457509
2017-04-23 00:00:00,-0.09011430392457509
2017-04-24 00:00:00,-0.09139904556323197
2017-04-25 00:00:00,-0.08510946525904062
2017-04-26 00:00:00,-0.08949275870990514
2017-04-27 00:00:00,-0.08785430396941185
2017-04-28 00:00:00,-0.0875765548652413
2017-04-29 00:00:00,-0.09065814645286008
2017-04-30 00:00:00,-0.09065814645286008
2017-05-01 00:00:00,-0.09065814645286008
2017-05-02 00:00:00,-0.09099267835859015
2017-05-03 00:00:00,-0.08927331346724598
2017-05-04 00:00:00,-0.08733356463979369
2017-05-05 00:00:00,-0.08662635325463253
2017-05-06 00:00:00,-0.08706411292505822
2017-05-07 00:00:00,-0.08706411292505822
2017-05-08 00:00:00,-0.08731678655295017
2017-05-09 00:00:00,-0.08306636889607033
2017-05-10 00:00:00,-0.08066925305504591
2017-05-11 00:00:00,-0.08422523124819148
2017-05-12 00:00:00,-0.08861601717976197
2017-05-13 00:00:00,-0.08913497069317022
2017-05-14 00:00:00,-0.08913497069317022
2017-05-15 00:00:00,-0.09191035932721714
2017-05-16 00:00:00,-0.082085310721982
2017-05-17 00:00:00,-0.08193536852635663
2017-05-18 00:00:00,-0.08052776809163786
2017-05-19 00:00:00,-0.08642280540949077
2017-05-20 00:00:00,-0.0841677228772183
2017-05-21 00:00:00,-0.0841677228772183
2017-05-22 00:00:00,-0.08540898017413867
2017-05-23 00:00:00,-0.08429078480347052
2017-05-24 00:00:00,-0.07077685669276035
2017-05-25 00:00:00,-0.0744396546480176
2017-05-26 00:00:00,-0.07633888663145061
2017-05-27 00:00:00,-0.08161929580025451
2017-05-28 00:00:00,-0.08161929580025451
2017-05-29 00:00:00,-0.08161929580025451
2017-05-30 00:00:00,-0.08701516822556155
2017-05-31 00:00:00,-0.08878177232367335
2017-06-01 00:00:00,-0.07682952943125299
2017-06-02 00:00:00,-0.07793839333114494
2017-06-03 00:00:00,-0.07250329171303604
2017-06-04 00:00:00,-0.07250329171303604
2017-06-05 00:00:00,-0.07674277351791381
2017-06-06 00:00:00,-0.07792874093727065
2017-06-07 00:00:00,-0.08016254155892133
2017-06-08 00:00:00,-0.08429442444721957
2017-06-09 00:00:00,-0.08571428571428574
2017-06-10 00:00:00,-0.08555729984301408
2017-06-11 00:00:00,-0.08555729984301408
2017-06-12 00:00:00,-0.08853757849293564
2017-06-13 00:00:00,-0.08811686717407319
2017-06-14 00:00:00,-0.08172942300406849
2017-06-15 00:00:00,-0.08033226152197215
2017-06-16 00:00:00,-0.08099762372316377
2017-06-17 00:00:00,-0.07660150388406661
2017-06-18 00:00:00,-0.07660150388406661
2017-06-19 00:00:00,-0.07587609122789563
2017-06-20 00:00:00,-0.07584185768685137
2017-06-21 00:00:00,-0.07761591381262212
2017-06-22 00:00:00,-0.0804371860753047
2017-06-23 00:00:00,-0.07884241912611711
2017-06-24 00:00:00,-0.07615695171999604
2017-06-25 00:00:00,-0.07615695171999604
2017-06-26 00:00:00,-0.08005864001868468
2017-06-27 00:00:00,-0.08100030865999852
2017-06-28 00:00:00,-0.08127046852025133
2017-06-29 00:00:00,-0.08417561855756217
2017-06-30 00:00:00,-0.0848657063702637
2017-07-01 00:00:00,-0.08530208978198672
2017-07-02 00:00:00,-0.08530208978198672
2017-07-03 00:00:00,-0.08725969180316895
2017-07-04 00:00:00,-0.08589212922696454
2017-07-05 00:00:00,-0.08683472215528965
2017-07-06 00:00:00,-0.08415142570856593
2017-07-07 00:00:00,-0.08906107205532432
2017-07-08 00:00:00,-0.08794655883946811
2017-07-09 00:00:00,-0.08794655883946811
2017-07-10 00:00:00,-0.0887448413856351
2017-07-11 00:00:00,-0.09123509958599552
2017-07-12 00:00:00,-0.08517766328458587
2017-07-13 00:00:00,-0.08803503766215937
2017-07-14 00:00:00,-0.09259082356947945
2017-07-15 00:00:00,-0.09287904486486154
2017-07-16 00:00:00,-0.09287904486486154
2017-07-17 00:00:00,-0.09652245941900517
2017-07-18 00:00:00,-0.09392518993525056
2017-07-19 00:00:00,-0.09295366014116335
2017-07-20 00:00:00,-0.08949381579740168
2017-07-21 00:00:00,-0.08736143571054789
2017-07-22 00:00:00,-0.08953864200766226
2017-07-23 00:00:00,-0.08953864200766226
2017-07-24 00:00:00,-0.09164763580547342
2017-07-25 00:00:00,-0.09090795439391919
2017-07-26 00:00:00,-0.09075471619487352
2017-07-27 00:00:00,-0.0926920038255229
2017-07-28 00:00:00,-0.0950603627169253
2017-07-29 00:00:00,-0.09264351760155953
2017-07-30 00:00:00,-0.09264351760155953
2017-07-31 00:00:00,-0.09726777095560257
2017-08-01 00:00:00,-0.09870934563678047
2017-08-02 00:00:00,-0.09828471448359177
2017-08-03 00:00:00,-0.09844847964346093
2017-08-04 00:00:00,-0.09758439384420148
2017-08-05 00:00:00,-0.09466862108679719
2017-08-06 00:00:00,-0.09466862108679719
2017-08-07 00:00:00,-0.09067113391267934
2017-08-08 00:00:00,-0.0936880612462968
2017-08-09 00:00:00,-0.09728470906404685
2017-08-10 00:00:00,-0.09572160100323968
2017-08-11 00:00:00,-0.09012668830488957
2017-08-12 00:00:00,-0.08961196781763325
2017-08-13 00:00:00,-0.08961196781763325
2017-08-14 00:00:00,-0.09122946697955081
2017-08-15 00:00:00,-0.07256458732441007
2017-08-16 00:00:00,-0.07980914842858622
2017-08-17 00:00:00,-0.08154904200816482
2017-08-18 00:00:00,-0.08457918739635162
2017-08-19 00:00:00,-0.08447860150472586
2017-08-20 00:00:00,-0.08447860150472586
2017-08-21 00:00:00,-0.08554629758244581
2017-08-22 00:00:00,-0.08435797375069165
2017-08-23 00:00:00,-0.08562783598456691
2017-08-24 00:00:00,-0.08971114696325244
2017-08-25 00:00:00,-0.08387423830165841
2017-08-26 00:00:00,-0.08125084299098384
2017-08-27 00:00:00,-0.08125084299098384
2017-08-28 00:00:00,-0.0815475758173122
2017-08-29 00:00:00,-0.07745638590819204
2017-08-30 00:00:00,-0.08217697966158644
2017-08-31 00:00:00,-0.07496326349066462
2017-09-01 00:00:00,-0.07320718688699557
2017-09-02 00:00:00,-0.07197680510821991
2017-09-03 00:00:00,-0.07197680510821991
2017-09-04 00:00:00,-0.0761077168102432
2017-09-05 00:00:00,-0.07912400585778778
2017-09-06 00:00:00,-0.08396318426455196
2017-09-07 00:00:00,-0.08228790844689382
2017-09-08 00:00:00,-0.08096705132891235
2017-09-09 00:00:00,-0.08109564323931484
2017-09-10 00:00:00,-0.08109564323931484
2017-09-11 00:00:00,-0.08710806487317324
2017-09-12 00:00:00,-0.08843955272526705
2017-09-13 00:00:00,-0.0893553912353261
2017-09-14 00:00:00,-0.08768821596234322
2017-09-15 00:00:00,-0.08956340243986516
2017-09-16 00:00:00,-0.08796277886030146
2017-09-17 00:00:00,-0.08796277886030146
2017-09-18 00:00:00,-0.09119639676596347
2017-09-19 00:00:00,-0.09238490885258532
2017-09-20 00:00:00,-0.09697441667156448
2017-09-21 00:00:00,-0.10011514747086048
2017-09-22 00:00:00,-0.10048352722157172
2017-09-23 00:00:00,-0.0969576523816571
2017-09-24 00:00:00,-0.0969576523816571
2017-09-25 00:00:00,-0.10437852808727455
2017-09-26 00:00:00,-0.09806044088993038
2017-09-27 00:00:00,-0.09474661702706377
2017-09-28 00:00:00,-0.09499636338889617
2017-09-29 00:00:00,-0.10311181546645365
2017-09-30 00:00:00,-0.10161362054913747
2017-10-01 00:00:00,-0.10161362054913747
2017-10-02 00:00:00,-0.09613629060916673
2017-10-03 00:00:00,-0.10033032221837002
2017-10-04 00:00:00,-0.08844842602431391
2017-10-05 00:00:00,-0.0879793301059737
2017-10-06 00:00:00,-0.08897902545765068
2017-10-07 00:00:00,-0.08897902545765068
2017-10-08 00:00:00,-0.08897902545765068
2017-10-09 00:00:00,-0.09318887762181782
2017-10-10 00:00:00,-0.09991897082311607
2017-10-11 00:00:00,-0.10178478304828598
2017-10-12 00:00:00,-0.09629370912335777
2017-10-13 00:00:00,-0.09519013702839141
2017-10-14 00:00:00,-0.09466276962097742
2017-10-15 00:00:00,-0.09466276962097742
2017-10-16 00:00:00,-0.09420161447002384
2017-10-17 00:00:00,-0.09807413270017151
2017-10-18 00:00:00,-0.09534714315315906
2017-10-19 00:00:00,-0.09180873429877301
2017-10-20 00:00:00,-0.09073623965293176
2017-10-21 00:00:00,-0.09004106754254648
2017-10-22 00:00:00,-0.09004106754254648
2017-10-23 00:00:00,-0.09601646972897127
2017-10-24 00:00:00,-0.09543093318379214
2017-10-25 00:00:00,-0.08732815712329767
2017-10-26 00:00:00,-0.09084524134257477
2017-10-27 00:00:00,-0.09339513076393668
2017-10-28 00:00:00,-0.09122757092255918
2017-10-29 00:00:00,-0.09122757092255918
2017-10-30 00:00:00,-0.0936981918762706
2017-10-31 00:00:00,-0.09817601527837216
2017-11-01 00:00:00,-0.09773296925208885
2017-11-02 00:00:00,-0.0981611612086013
2017-11-03 00:00:00,-0.0922274319590407
2017-11-04 00:00:00,-0.09308376030824039
2017-11-05 00:00:00,-0.09308376030824039
2017-11-06 00:00:00,-0.09456982681940851
2017-11-07 00:00:00,-0.09536258706338885
2017-11-08 00:00:00,-0.10067095307204343
2017-11-09 00:00:00,-0.09580509605697107
2017-11-10 00:00:00,-0.09868862038739834
2017-11-11 00:00:00,-0.09808600610981766
2017-11-12 00:00:00,-0.09808600610981766
2017-11-13 00:00:00,-0.1034175851816499
2017-11-14 00:00:00,-0.1064950401511573
2017-11-15 00:00:00,-0.10004003064711908
2017-11-16 00:00:00,-0.10374264150781065
2017-11-17 00:00:00,-0.10852213243561049
2017-11-18 00:00:00,-0.10885355109057704
2017-11-19 00:00:00,-0.10885355109057704
2017-11-20 00:00:00,-0.11247663049317713
2017-11-21 00:00:00,-0.11491035240777636
2017-11-22 00:00:00,-0.10569848211988675
2017-11-23 00:00:00,-0.10732839047045739
2017-11-24 00:00:00,-0.10977384936296652
2017-11-25 00:00:00,-0.10929647432803746
2017-11-26 00:00:00,-0.10929647432803746
2017-11-27 00:00:00,-0.11391671975444484
2017-11-28 00:00:00,-0.11412052957359009
2017-11-29 00:00:00,-0.11179140466171811
2017-11-30 00:00:00,-0.11200581401599286
2017-12-01 00:00:00,-0.11227294429365942
2017-12-02 00:00:00,-0.11187183172534876
2017-12-03 00:00:00,-0.11187183172534876
2017-12-04 00:00:00,-0.11555972493566624
2017-12-05 00:00:00,-0.12236751223739473
2017-12-06 00:00:00,-0.11874311104248958
2017-12-07 00:00:00,-0.11894806952710402
2017-12-08 00:00:00,-0.12132788998710786
2017-12-09 00:00:00,-0.12094446008895154
2017-12-10 00:00:00,-0.12094446008895154
2017-12-11 00:00:00,-0.1239711348095538
2017-12-12 00:00:00,-0.12668812087784442
2017-12-13 00:00:00,-0.1224800459905736
2017-12-14 00:00:00,-0.12429596978953206
2017-12-15 00:00:00,-0.1318013305136262
2017-12-16 00:00:00,-0.13147971692558058
2017-12-17 00:00:00,-0.13147971692558058
2017-12-18 00:00:00,-0.13476869051315266
2017-12-19 00:00:00,-0.1303993899042869
2017-12-20 00:00:00,-0.1296938489186289
2017-12-21 00:00:00,-0.13134672995871133
2017-12-22 00:00:00,-0.12826515577816056
2017-12-23 00:00:00,-0.12590531527476578
2017-12-24 00:00:00,-0.12590531527476578
2017-12-25 00:00:00,-0.12590531527476578
2017-12-26 00:00:00,-0.12367648328871228
2017-12-27 00:00:00,-0.12575306419223042
2017-12-28 00:00:00,-0.12665978612501194
2017-12-29 00:00:00,-0.1309731896724149
2017-12-30 00:00:00,-0.1294666968656898
2017-12-31 00:00:00,-0.1294666968656898
2018-01-01 00:00:00,-0.1294666968656898
2018-01-02 00:00:00,-0.12952114221997668
2018-01-03 00:00:00,-0.13044348565846187
2018-01-04 00:00:00,-0.12873813381717625
2018-01-05 00:00:00,-0.12549411883420858
2018-01-06 00:00:00,-0.12366016864948515
2018-01-07 00:00:00,-0.12366016864948515
2018-01-08 00:00:00,-0.11351965672179865
2018-01-09 00:00:00,-0.11732678482079373
2018-01-10 00:00:00,-0.11996480078649618
2018-01-11 00:00:00,-0.10217463697627749
2018-01-12 00:00:00,-0.0984759620338923
2018-01-13 00:00:00,-0.09577572576193738
2018-01-14 00:00:00,-0.09577572576193738
2018-01-15 00:00:00,-0.09729311304095412
2018-01-16 00:00:00,-0.09417484946376642
2018-01-17 00:00:00,-0.0978144105235178
2018-01-18 00:00:00,-0.10101188051221632
2018-01-19 00:00:00,-0.1028630997115082
2018-01-20 00:00:00,-0.10399461163253443
2018-01-21 00:00:00,-0.10399461163253443
2018-01-22 00:00:00,-0.1012167849407456
2018-01-23 00:00:00,-0.10195682730481292
2018-01-24 00:00:00,-0.11054757865649978
2018-01-25 00:00:00,-0.1233639342708237
2018-01-26 00:00:00,-0.1274326977757272
2018-01-27 00:00:00,-0.12689308943176714
2018-01-28 00:00:00,-0.12689308943176714
2018-01-29 00:00:00,-0.12923791139063834
2018-01-30 00:00:00,-0.13137662661640137
2018-01-31 00:00:00,-0.13865828263093438
2018-02-01 00:00:00,-0.14303502045592387
2018-02-02 00:00:00,-0.14566683330079322
2018-02-03 00:00:00,-0.14562283963464484
2018-02-04 00:00:00,-0.14562283963464484
2018-02-05 00:00:00,-0.1500470962329451
2018-02-06 00:00:00,-0.14963361823728827
2018-02-07 00:00:00,-0.1591721667748479
2018-02-08 00:00:00,-0.16623282021617336
2018-02-09 00:00:00,-0.16874012977204067
2018-02-10 00:00:00,-0.1671854644888623
2018-02-11 00:00:00,-0.1671854644888623
2018-02-12 00:00:00,-0.1694297666699629
2018-02-13 00:00:00,-0.1760917814828714
2018-02-14 00:00:00,-0.17420524878934496
2018-02-15 00:00:00,-0.17021079363436853
2018-02-16 00:00:00,-0.17085167918501254
2018-02-17 00:00:00,-0.16939958054960969
2018-02-18 00:00:00,-0.16939958054960969
2018-02-19 00:00:00,-0.16946444401202132
2018-02-20 00:00:00,-0.1806084057523868
2018-02-21 00:00:00,-0.1830888073802378
2018-02-22 00:00:00,-0.1814628734923246
2018-02-23 00:00:00,-0.17906943209919057
2018-02-24 00:00:00,-0.1754492532441564
2018-02-25 00:00:00,-0.1754492532441564
2018-02-26 00:00:00,-0.1760977602728918
2018-02-27 00:00:00,-0.1750752383903209
2018-02-28 00:00:00,-0.17360032497789668
2018-03-01 00:00:00,-0.176470079183073
2018-03-02 00:00:00,-0.1806409519653297
2018-03-03 00:00:00,-0.1791939540057742
2018-03-04 00:00:00,-0.1791939540057742
2018-03-05 00:00:00,-0.18025875539434444
2018-03-06 00:00:00,-0.18281549906629524
2018-03-07 00:00:00,-0.19319617940627765
2018-03-08 00:00:00,-0.20192387428476655
2018-03-09 00:00:00,-0.20637474962270452
2018-03-10 00:00:00,-0.20470897405542154
2018-03-11 00:00:00,-0.20470897405542154
2018-03-12 00:00:00,-0.2138833251209986
2018-03-13 00:00:00,-0.21258746946997087
2018-03-14 00:00:00,-0.2146773910475106
2018-03-15 00:00:00,-0.21639522838194303
2018-03-16 00:00:00,-0.2139252673314911
2018-03-17 00:00:00,-0.21217581651983752
2018-03-18 00:00:00,-0.21217581651983752
2018-03-19 00:00:00,-0.21420999326958434
2018-03-20 00:00:00,-0.21306573270041418
2018-03-21 00:00:00,-0.2048306562544001
2018-03-22 00:00:00,-0.20317015709648356
2018-03-23 00:00:00,-0.20725408839970838
2018-03-24 00:00:00,-0.20612740730438406
2018-03-25 00:00:00,-0.20612740730438406
2018-03-26 00:00:00,-0.2087873401106567
2018-03-27 00:00:00,-0.20910212581684773
2018-03-28 00:00:00,-0.20960106853135863
2018-03-29 00:00:00,-0.2101414008549819
2018-03-30 00:00:00,-0.20617552489317015
2018-03-31 00:00:00,-0.20423064177620676
2018-04-01 00:00:00,-0.20423064177620676
2018-04-02 00:00:00,-0.20495305423616483
2018-04-03 00:00:00,-0.20397597938053014
2018-04-04 00:00:00,-0.20474116862919356
2018-04-05 00:00:00,-0.2086424533415937
2018-04-06 00:00:00,-0.21050871851646835
2018-04-07 00:00:00,-0.2087883313398855
2018-04-08 00:00:00,-0.2087883313398855
2018-04-09 00:00:00,-0.21203702265429625
2018-04-10 00:00:00,-0.21000656124047612
2018-04-11 00:00:00,-0.20340160369024096
2018-04-12 00:00:00,-0.20406810536852837
2018-04-13 00:00:00,-0.2112636075264941
2018-04-14 00:00:00,-0.21072660459453973
2018-04-15 00:00:00,-0.21072660459453973
2018-04-16 00:00:00,-0.21326509908244473
2018-04-17 00:00:00,-0.20775936932567918
2018-04-18 00:00:00,-0.2058836799054352
2018-04-19 00:00:00,-0.21759507230851638
2018-04-20 00:00:00,-0.22239745525988697
2018-04-21 00:00:00,-0.23104068092305252
2018-04-22 00:00:00,-0.23104068092305252
2018-04-23 00:00:00,-0.23100103090058421
2018-04-24 00:00:00,-0.2312107488788545
2018-04-25 00:00:00,-0.23713732139597588
2018-04-26 00:00:00,-0.2391966130517338
2018-04-27 00:00:00,-0.24365276172154227
2018-04-28 00:00:00,-0.24478574638504846
2018-04-29 00:00:00,-0.24478574638504846
2018-04-30 00:00:00,-0.24563165825160593
2018-05-01 00:00:00,-0.24678156969520737
2018-05-02 00:00:00,-0.24607685204977736
2018-05-03 00:00:00,-0.2291972021948223
2018-05-04 00:00:00,-0.23299001694241117
2018-05-05 00:00:00,-0.23329328216741974
2018-05-06 00:00:00,-0.23329328216741974
2018-05-07 00:00:00,-0.23547669307700592
2018-05-08 00:00:00,-0.23863773688547107
2018-05-09 00:00:00,-0.24407334771952605
2018-05-10 00:00:00,-0.2501101345604432
2018-05-11 00:00:00,-0.25439275106182213
2018-05-12 00:00:00,-0.2521453458126959
2018-05-13 00:00:00,-0.2521453458126959
2018-05-14 00:00:00,-0.2543005276479665
2018-05-15 00:00:00,-0.25902856341042035
2018-05-16 00:00:00,-0.26279676796142204
2018-05-17 00:00:00,-0.2666059835586704
2018-05-18 00:00:00,-0.2664043404395243
2018-05-19 00:00:00,-0.2637023900937512
2018-05-20 00:00:00,-0.2637023900937512
2018-05-21 00:00:00,-0.26861107016266195
2018-05-22 00:00:00,-0.2755103164898598
2018-05-23 00:00:00,-0.27979115546946953
2018-05-24 00:00:00,-0.29152030472338686
2018-05-25 00:00:00,-0.2900785600680007
2018-05-26 00:00:00,-0.2872053072195607
2018-05-27 00:00:00,-0.2872053072195607
2018-05-28 00:00:00,-0.2882809166215746
2018-05-29 00:00:00,-0.2918024925983116
2018-05-30 00:00:00,-0.29507700733634556
2018-05-31 00:00:00,-0.29628267122893015
2018-06-01 00:00:00,-0.31053467721111805
2018-06-02 00:00:00,-0.30760744878629787
2018-06-03 00:00:00,-0.30760744878629787
2018-06-04 00:00:00,-0.30980718771838067
2018-06-05 00:00:00,-0.3191551832997037
2018-06-06 00:00:00,-0.3181483649003334
2018-06-07 00:00:00,-0.32085912711619957
2018-06-08 00:00:00,-0.3177213553853079
