2009-01-05 00:00:00,0.0429973779764623
2009-01-06 00:00:00,0.05565205733261158
2009-01-07 00:00:00,-0.016696581126623977
2009-01-08 00:00:00,-0.031062213443863174
2009-01-09 00:00:00,0.011593940913618539
2009-01-12 00:00:00,0.017647043730348866
2009-01-13 00:00:00,-0.012343424958422777
2009-01-14 00:00:00,0.043025951479096936
2009-01-15 00:00:00,-0.03203207956734422
2009-01-16 00:00:00,0.016928179324326553
2009-01-19 00:00:00,-0.008433533998173037
2009-01-20 00:00:00,-0.021385181501313966
2009-01-21 00:00:00,-0.0173919883805278
2009-01-22 00:00:00,-0.038582332686469045
2009-01-23 00:00:00,0.008476298007330296
2009-02-02 00:00:00,-0.02815940309793552
2009-02-03 00:00:00,0.038367940866476324
2009-02-04 00:00:00,0.003909650776812823
2009-02-05 00:00:00,-0.012391795424163132
2009-02-06 00:00:00,0.02427128404950163
2009-02-09 00:00:00,0.03938173747872309
2009-02-10 00:00:00,-0.01799533305541745
2009-02-11 00:00:00,-0.042364523006160226
2009-02-12 00:00:00,0.021969793621768652
2009-02-13 00:00:00,-0.00407730421739716
2009-02-16 00:00:00,-0.019080590234893613
2009-02-17 00:00:00,0.011573813480364015
2009-02-18 00:00:00,-0.022435069719907608
2009-02-19 00:00:00,0.004232462337741438
2009-02-20 00:00:00,-0.007021688171843565
2009-02-23 00:00:00,0.012380452061136138
2009-02-24 00:00:00,-0.011729436825879125
2009-02-25 00:00:00,0.018279894945262276
2009-02-26 00:00:00,-0.004187657939831668
2009-02-27 00:00:00,-0.007665473148042112
2009-03-02 00:00:00,0.014763307474477294
2009-03-03 00:00:00,-0.0021378255604914687
2009-03-04 00:00:00,0.022622572985216305
2009-03-05 00:00:00,0.0038354696254956355
2009-03-06 00:00:00,0.009067528241432754
2009-03-09 00:00:00,-0.021749844045397704
2009-03-10 00:00:00,0.014780956382998145
2009-03-11 00:00:00,-0.0016364390290365405
2009-03-12 00:00:00,0.002747105331069033
2009-03-13 00:00:00,-0.003454206047065478
2009-03-16 00:00:00,0.0129318848002693
2009-03-17 00:00:00,0.0013370267713372908
2009-03-18 00:00:00,0.00011014990270807878
2009-03-19 00:00:00,0.013277078492042849
2009-03-20 00:00:00,0.031203814379697548
2009-03-23 00:00:00,0.03466909841163601
2009-03-24 00:00:00,-0.014804116366025188
2009-03-25 00:00:00,-0.012394470160408733
2009-03-26 00:00:00,0.03434244987532997
2009-03-27 00:00:00,-0.008140851175538755
2009-03-30 00:00:00,-0.0036844514173615117
2009-03-31 00:00:00,0.013030195745277195
2009-04-01 00:00:00,-0.004625176513576745
2009-04-02 00:00:00,0.013583687392318966
2009-04-03 00:00:00,-0.004281490893303541
2009-04-07 00:00:00,0.04517192265441072
2009-04-08 00:00:00,-0.03363683159217423
2009-04-09 00:00:00,0.026545255619058628
2009-04-10 00:00:00,0.03975385029294154
2009-04-13 00:00:00,0.021365085512869975
2009-04-14 00:00:00,-0.012912596095608797
2009-04-15 00:00:00,0.02798381230466873
2009-04-16 00:00:00,0.04650867126181435
2009-04-17 00:00:00,-0.011162478569377576
2009-04-20 00:00:00,-0.014428076494803821
2009-04-21 00:00:00,-0.03909842625859672
2009-04-22 00:00:00,-0.037253544416742335
2009-04-23 00:00:00,0.0071854031125575535
2009-04-24 00:00:00,-0.027761526221024457
2009-04-27 00:00:00,-0.021360703260046243
2009-04-28 00:00:00,0.006806576959648369
2009-04-29 00:00:00,0.028813227266042407
2009-04-30 00:00:00,0.015038010727456141
2009-05-04 00:00:00,0.05804648986909977
2009-05-05 00:00:00,-0.034374437470540586
2009-05-06 00:00:00,0.0262739912309522
2009-05-07 00:00:00,0.009905711758164015
2009-05-08 00:00:00,0.0030727597063593404
2009-05-11 00:00:00,-0.05028526701898328
2009-05-12 00:00:00,0.012857833255170537
2009-05-13 00:00:00,0.009256271800441418
2009-05-14 00:00:00,-0.029497335615934483
2009-05-15 00:00:00,0.013414549008628818
2009-05-18 00:00:00,0.007124811749091631
2009-05-19 00:00:00,0.034493162803991506
2009-05-20 00:00:00,-0.026521429786858897
2009-05-21 00:00:00,-0.007920039781166177
2009-05-22 00:00:00,0.011071131447178972
2009-05-25 00:00:00,-0.0010313733407586456
2009-05-26 00:00:00,-0.012381901810674334
2009-05-27 00:00:00,0.006939692380071527
2009-06-01 00:00:00,0.0370019483516737
2009-06-02 00:00:00,-0.005406429875264518
2009-06-03 00:00:00,0.016537950430287385
2009-06-04 00:00:00,-0.011882141325934237
2009-06-05 00:00:00,0.018639970488533608
2009-06-08 00:00:00,-0.008055823681330399
2009-06-09 00:00:00,0.008763555906819764
2009-06-10 00:00:00,0.013631883461998173
2009-06-11 00:00:00,0.002506402578521749
2009-06-12 00:00:00,0.008118740523336276
2009-06-15 00:00:00,-0.023610329277542585
2009-06-16 00:00:00,-0.0023745561259589376
2009-06-17 00:00:00,0.004166178536924692
2009-06-18 00:00:00,-0.006446694011588372
2009-06-19 00:00:00,-0.005015098521152006
2009-06-22 00:00:00,-0.011622551470801712
2009-06-23 00:00:00,-0.0009175633629090463
2009-06-24 00:00:00,0.015706440850321135
2009-06-25 00:00:00,0.0036776795369872772
2009-06-26 00:00:00,0.009253050548885033
2009-06-29 00:00:00,-0.007622706973708593
2009-06-30 00:00:00,-0.0018627612386789005
2009-07-01 00:00:00,-0.0008524752326243279
2009-07-02 00:00:00,0.0003589364160865305
2009-07-03 00:00:00,-0.0016934857903075917
2009-07-06 00:00:00,-0.011946251660653218
2009-07-07 00:00:00,0.007075680991556421
2009-07-08 00:00:00,-0.012209851170814967
2009-07-09 00:00:00,0.0025169488042042776
2009-07-10 00:00:00,-0.0029363055964468643
2009-07-13 00:00:00,-0.03586492821247356
2009-07-14 00:00:00,0.013948503900157005
2009-07-15 00:00:00,0.027077946135047215
2009-07-16 00:00:00,-0.00030983320142874415
2009-07-17 00:00:00,0.0131341418025257
2009-07-20 00:00:00,0.03495484924097925
2009-07-21 00:00:00,-0.010827554172454068
2009-07-22 00:00:00,0.0009900716336828097
2009-07-23 00:00:00,0.005404968907961161
2009-07-24 00:00:00,0.020700940039214855
2009-07-27 00:00:00,0.029198038251103675
2009-07-28 00:00:00,-0.003364275971484032
2009-07-29 00:00:00,-0.04306923632716375
2009-07-30 00:00:00,0.012112125350161262
2009-07-31 00:00:00,0.04128694531369925
2009-08-03 00:00:00,0.03497982013668577
2009-08-04 00:00:00,0.00641831617516786
2009-08-05 00:00:00,0.005828202320335318
2009-08-06 00:00:00,0.0023429363555853566
2009-08-07 00:00:00,-0.027117013818032998
2009-08-10 00:00:00,0.0259961144100489
2009-08-11 00:00:00,-0.008078512969101115
2009-08-12 00:00:00,-0.022417695939105586
2009-08-13 00:00:00,0.03439557804494253
2009-08-14 00:00:00,-0.01048477580787599
2009-08-17 00:00:00,-0.046644976005694616
2009-08-18 00:00:00,0.021318059985898863
2009-08-19 00:00:00,-0.017501945761226434
2009-08-20 00:00:00,0.03201578854620912
2009-08-21 00:00:00,-0.0075040315648639
2009-08-24 00:00:00,0.044091697747654646
2009-08-25 00:00:00,-0.015688823800049545
2009-08-26 00:00:00,0.008404088159683853
2009-08-27 00:00:00,-0.012443684549587553
2009-08-28 00:00:00,0.005099869409159297
2009-08-31 00:00:00,-0.023162185005422553
2009-09-01 00:00:00,0.008301212954193726
2009-09-02 00:00:00,-0.010435691118783952
2009-09-03 00:00:00,0.018439423610108197
2009-09-04 00:00:00,0.039842104800493106
2009-09-07 00:00:00,-0.009009622682098595
2009-09-08 00:00:00,-1.1863758462293816e-05
2009-09-09 00:00:00,-0.00039914550042430275
2009-09-10 00:00:00,-0.0007841348805512904
2009-09-11 00:00:00,-0.02934232856018093
2009-09-14 00:00:00,-0.02163449873427925
2009-09-15 00:00:00,0.020491731050222173
2009-09-16 00:00:00,0.006231891717656479
2009-09-17 00:00:00,0.0078819598465385
2009-09-18 00:00:00,-0.01228542497470686
2009-09-21 00:00:00,0.012950318561452345
2009-09-22 00:00:00,-0.00517686464192868
2009-09-23 00:00:00,-0.009830305814135465
2009-09-24 00:00:00,0.0020699542434083895
2009-09-25 00:00:00,-0.006643517009322086
2009-09-28 00:00:00,-0.016952511855934382
2009-09-29 00:00:00,0.019993213951332134
2009-09-30 00:00:00,0.016280331973222095
2009-10-09 00:00:00,0.02775558463225769
2009-10-12 00:00:00,0.006289430929720119
2009-10-13 00:00:00,0.0013673278495396346
2009-10-14 00:00:00,0.013564471257263122
2009-10-15 00:00:00,-0.015369729420653178
2009-10-16 00:00:00,0.003407581229734502
2009-10-19 00:00:00,0.009177190451530981
2009-10-20 00:00:00,0.008452626378366856
2009-10-21 00:00:00,-0.0022134721428577198
2009-10-22 00:00:00,0.014746053865251518
2009-10-23 00:00:00,0.02009853789482574
2009-10-26 00:00:00,0.029077937027339074
2009-10-27 00:00:00,-0.006356100355521699
2009-10-28 00:00:00,-0.013148089176761468
2009-10-29 00:00:00,-0.025793805485124777
2009-10-30 00:00:00,0.021776763056228
2009-11-02 00:00:00,-0.006077282647134141
2009-11-03 00:00:00,0.0005704762170717359
2009-11-04 00:00:00,0.014722116117001027
2009-11-05 00:00:00,-0.007520204752816562
2009-11-06 00:00:00,0.003046303995155819
2009-11-09 00:00:00,0.00607157873527675
2009-11-10 00:00:00,-0.017243305781728502
2009-11-11 00:00:00,0.004036276825403862
2009-11-12 00:00:00,0.015531038317645907
2009-11-13 00:00:00,0.011828971795142751
2009-11-16 00:00:00,0.010935449361513472
2009-11-17 00:00:00,0.004547682926576702
2009-11-18 00:00:00,0.016984318049317437
2009-11-19 00:00:00,0.0034056302555134366
2009-11-20 00:00:00,0.0060844751858066815
2009-11-23 00:00:00,0.03228332343544982
2009-11-24 00:00:00,-0.01760176009303771
2009-11-25 00:00:00,0.009473010432450524
2009-11-26 00:00:00,0.0003337770999942702
2009-11-27 00:00:00,-0.03321469988794168
2009-11-30 00:00:00,0.02078607729806259
2009-12-01 00:00:00,0.00471950041246072
2009-12-02 00:00:00,0.01985712206426804
2009-12-03 00:00:00,0.008358857241432815
2009-12-04 00:00:00,-0.004465540105933141
2009-12-07 00:00:00,-0.0031750762755923256
2009-12-08 00:00:00,-0.0005624916416968606
2009-12-09 00:00:00,-0.025388260768863136
2009-12-10 00:00:00,0.00034703359887156005
2009-12-11 00:00:00,0.014311902151417089
2009-12-14 00:00:00,0.010865507164143029
2009-12-15 00:00:00,-0.0001122434685572049
2009-12-16 00:00:00,0.006067554943446574
2009-12-17 00:00:00,0.009946706288143536
2009-12-18 00:00:00,0.012738052744279749
2009-12-21 00:00:00,0.01089560974945547
2009-12-22 00:00:00,-0.011487207994070658
2009-12-23 00:00:00,0.01156457162525415
2009-12-24 00:00:00,0.021393743420788036
2009-12-25 00:00:00,0.011602249456146074
2009-12-28 00:00:00,0.026918875175521384
2009-12-29 00:00:00,-0.001600808504485074
2009-12-30 00:00:00,0.01984880867327843
2009-12-31 00:00:00,0.021643821385254336
2010-01-04 00:00:00,0.0029922719097585926
2010-01-05 00:00:00,0.009331059962925936
2010-01-06 00:00:00,0.0050148636909903566
2010-01-07 00:00:00,-0.0013153494868495264
2010-01-08 00:00:00,-0.02187330116269337
2010-01-11 00:00:00,0.024541048258980513
2010-01-12 00:00:00,-0.01026001787473596
2010-01-13 00:00:00,-0.04737815043313787
2010-01-14 00:00:00,0.007436030105067326
2010-01-15 00:00:00,-0.0072774791979007825
2010-01-18 00:00:00,0.005692394665067768
2010-01-19 00:00:00,0.02044773347845119
2010-01-20 00:00:00,-0.007940591501511052
2010-01-21 00:00:00,-0.0020081077599733987
2010-01-22 00:00:00,-0.04569028467835712
2010-01-25 00:00:00,0.004457104343381646
2010-01-26 00:00:00,-0.031219864649553064
2010-01-27 00:00:00,0.003607973939347975
2010-01-28 00:00:00,-0.04767324280695173
2010-01-29 00:00:00,-0.048773007509268496
2010-02-01 00:00:00,-0.010186256561948603
2010-02-02 00:00:00,-0.005301912194685121
2010-02-03 00:00:00,0.04935089707862339
2010-02-04 00:00:00,-0.026448644921837183
2010-02-05 00:00:00,-0.030491823363399506
2010-02-08 00:00:00,0.003497395779031409
2010-02-09 00:00:00,0.0070293429585246425
2010-02-10 00:00:00,0.02253867356602779
2010-02-11 00:00:00,0.02178920518360483
2010-02-12 00:00:00,0.016389466376464767
2010-02-22 00:00:00,0.026750883943611914
2010-02-23 00:00:00,-0.003977200338037168
2010-02-24 00:00:00,-0.019944449261229957
2010-02-25 00:00:00,-0.004974196306217982
2010-02-26 00:00:00,0.0004562482928796019
2010-03-01 00:00:00,0.01883952720953319
2010-03-02 00:00:00,-0.03754017065120496
2010-03-03 00:00:00,0.010285176236801918
2010-03-04 00:00:00,0.005396661425554727
2010-03-05 00:00:00,0.013075115142314742
2010-03-08 00:00:00,0.03478245836016014
2010-03-09 00:00:00,-0.006766774722802182
2010-03-10 00:00:00,0.013852345932530596
2010-03-11 00:00:00,-0.024650693298549742
2010-03-12 00:00:00,0.00964001214291521
2010-03-15 00:00:00,-0.029170149392344746
2010-03-16 00:00:00,0.009791109995181957
2010-03-17 00:00:00,0.01842658433985722
2010-03-18 00:00:00,-0.01437996571563338
2010-03-19 00:00:00,0.013876513071115593
2010-03-22 00:00:00,-0.021459477250411085
2010-03-23 00:00:00,-0.0017501476677505012
2010-03-24 00:00:00,-0.007493413152005912
2010-03-25 00:00:00,0.0012414952741026664
2010-03-26 00:00:00,0.012269424914978844
2010-03-29 00:00:00,0.01900315350500037
2010-03-30 00:00:00,-0.0004732938861440328
2010-03-31 00:00:00,-0.005904543665988249
2010-04-01 00:00:00,0.025054174985332134
2010-04-02 00:00:00,0.0030341082796079277
2010-04-06 00:00:00,0.01034430441736589
2010-04-07 00:00:00,0.0006939553002698329
2010-04-08 00:00:00,-0.023751276476161154
2010-04-09 00:00:00,0.009358401673865924
2010-04-12 00:00:00,0.0065056092371618135
2010-04-13 00:00:00,-0.008549781937538081
2010-04-14 00:00:00,0.0054950550010754995
2010-04-15 00:00:00,0.0005900183601046383
2010-04-16 00:00:00,0.009356115356282446
2010-04-19 00:00:00,-0.046272299967968444
2010-04-20 00:00:00,0.014860676627651559
2010-04-21 00:00:00,0.0037382471155524843
2010-04-22 00:00:00,-0.004856947636621811
2010-04-23 00:00:00,0.003140567632592184
2010-04-26 00:00:00,0.011047621395649188
2010-04-27 00:00:00,-0.01436446637589317
2010-04-28 00:00:00,-0.029916962826418314
2010-04-29 00:00:00,0.005325986443797337
2010-04-30 00:00:00,-0.002394694904675365
2010-05-04 00:00:00,-0.016317655877377657
2010-05-05 00:00:00,-0.02688969922176465
2010-05-06 00:00:00,-0.015500343849091713
2010-05-07 00:00:00,-0.03490655316031466
2010-05-10 00:00:00,0.020063329575626954
2010-05-11 00:00:00,-0.02548483671536006
2010-05-12 00:00:00,0.005546073523984285
2010-05-13 00:00:00,0.01831061222590491
2010-05-14 00:00:00,-0.00861567084307302
2010-05-17 00:00:00,-0.048567844180580466
2010-05-18 00:00:00,-0.024834023831482255
2010-05-19 00:00:00,-0.021987441919167572
2010-05-20 00:00:00,0.014482433935645966
2010-05-21 00:00:00,-0.003438336035938905
2010-05-24 00:00:00,0.0352668896327446
2010-05-25 00:00:00,-0.03064994256398168
2010-05-26 00:00:00,0.017358657939951394
2010-05-27 00:00:00,0.006328789027696846
2010-05-28 00:00:00,0.006493287594893982
2010-05-31 00:00:00,-0.0037448260124458566
2010-06-01 00:00:00,-0.02137389245239596
2010-06-02 00:00:00,-0.02265628563467259
2010-06-03 00:00:00,-0.007188441684105151
2010-06-04 00:00:00,-0.048080448499135287
2010-06-07 00:00:00,-0.040053925822798986
2010-06-08 00:00:00,-0.005532519207205322
2010-06-09 00:00:00,0.035774582803721255
2010-06-10 00:00:00,-0.007227060728638546
2010-06-11 00:00:00,0.013369628866111816
2010-06-17 00:00:00,-0.005309527783573298
2010-06-18 00:00:00,-0.01595346536481701
2010-06-21 00:00:00,0.05670173586693883
2010-06-22 00:00:00,-0.003218424643127271
2010-06-23 00:00:00,0.016835146544285307
2010-06-24 00:00:00,0.020172010200796953
2010-06-25 00:00:00,-0.021653937755130026
2010-06-28 00:00:00,0.025369639264008592
2010-06-29 00:00:00,-0.04014450089682353
2010-06-30 00:00:00,-0.013945843509798883
2010-07-01 00:00:00,-0.007534256079165691
2010-07-02 00:00:00,0.040885123760415976
2010-07-05 00:00:00,0.008258536028471708
2010-07-06 00:00:00,0.010450695064444293
2010-07-07 00:00:00,-0.01201253889511944
2010-07-08 00:00:00,0.009931671078834192
2010-07-09 00:00:00,0.0013816355448506012
2010-07-12 00:00:00,-0.01179592938609586
2010-07-13 00:00:00,-0.01976709511718222
2010-07-14 00:00:00,0.016095864539773963
2010-07-15 00:00:00,0.001288695444772392
2010-07-16 00:00:00,0.006815197754861169
2010-07-19 00:00:00,-0.004965447049533611
2010-07-20 00:00:00,0.02008336475847705
2010-07-21 00:00:00,0.0004214223606704426
2010-07-22 00:00:00,0.010312910064511405
2010-07-23 00:00:00,0.018998920421662957
2010-07-26 00:00:00,0.013659829488721797
2010-07-27 00:00:00,-0.011898008845066976
2010-07-28 00:00:00,0.02166121454972947
2010-07-29 00:00:00,0.0019307535844483859
2010-07-30 00:00:00,-0.0032999017937692665
2010-08-02 00:00:00,0.028331986508300044
2010-08-03 00:00:00,0.00515975862430329
2010-08-04 00:00:00,0.011184074735048455
2010-08-05 00:00:00,0.004735581341448469
2010-08-06 00:00:00,0.01783417312405655
2010-08-09 00:00:00,0.02121039036281247
2010-08-10 00:00:00,-0.018903379343673476
2010-08-11 00:00:00,-0.012196944770159313
2010-08-12 00:00:00,-0.030850549256356774
2010-08-13 00:00:00,0.029000725790632176
2010-08-16 00:00:00,0.00402659918382664
2010-08-17 00:00:00,0.010462719458654401
2010-08-18 00:00:00,0.005885981304666554
2010-08-19 00:00:00,0.008924752318366869
2010-08-20 00:00:00,-0.03647006205192216
2010-08-23 00:00:00,-0.002436234438564
2010-08-24 00:00:00,-0.01615828499770866
2010-08-25 00:00:00,-0.005108104529160551
2010-08-26 00:00:00,0.023379593701783996
2010-08-27 00:00:00,0.008184351647395616
2010-08-30 00:00:00,0.02768685371428381
2010-08-31 00:00:00,-0.025915029476209717
2010-09-01 00:00:00,0.02103042446080683
2010-09-02 00:00:00,0.016305055462231932
2010-09-03 00:00:00,-0.0035398877347662117
2010-09-06 00:00:00,0.028334189198854
2010-09-07 00:00:00,-0.007084418647696711
2010-09-08 00:00:00,0.006927575318864676
2010-09-09 00:00:00,-0.029874893686234416
2010-09-10 00:00:00,0.0011592740899930565
2010-09-13 00:00:00,0.015563598760506059
2010-09-14 00:00:00,-0.016999011400325448
2010-09-15 00:00:00,-0.005001279617228849
2010-09-16 00:00:00,0.006741193814336688
2010-09-17 00:00:00,0.018568233138944734
2010-09-20 00:00:00,0.0085453308238852
2010-09-21 00:00:00,-0.017211396048183558
2010-09-27 00:00:00,0.008313308163333089
2010-09-28 00:00:00,-0.00539660056061031
2010-09-29 00:00:00,0.00680154187288684
2010-09-30 00:00:00,-0.0040328651166399165
2010-10-08 00:00:00,0.003425464052129401
2010-10-11 00:00:00,0.05322831084352475
2010-10-12 00:00:00,-0.007450391568521231
2010-10-13 00:00:00,0.02450082148618682
2010-10-14 00:00:00,0.00862372793215549
2010-10-15 00:00:00,0.006678704532492086
2010-10-18 00:00:00,-0.018260518514001345
2010-10-19 00:00:00,0.01230332137767598
2010-10-20 00:00:00,-0.008905257608132766
2010-10-21 00:00:00,0.022008679146101606
2010-10-22 00:00:00,0.03285201640875157
2010-10-25 00:00:00,0.03344203435401516
2010-10-26 00:00:00,0.0006034799132554891
2010-10-27 00:00:00,-0.028878299247210637
2010-10-28 00:00:00,-0.001206271723917518
2010-10-29 00:00:00,-0.046884930589828344
2010-11-01 00:00:00,0.0297090809109275
2010-11-02 00:00:00,-0.011176034946545066
2010-11-03 00:00:00,-0.00026849081315427625
2010-11-04 00:00:00,0.020214111741308605
2010-11-05 00:00:00,0.04103199550714676
2010-11-08 00:00:00,-0.025779372569218806
2010-11-09 00:00:00,0.015238003994527904
2010-11-10 00:00:00,-0.009808808495776922
2010-11-11 00:00:00,0.020686267993420326
2010-11-12 00:00:00,-0.05199423356387778
2010-11-15 00:00:00,-0.06277597233645493
2010-11-16 00:00:00,-0.021399030353504322
2010-11-17 00:00:00,-0.03299050125007297
2010-11-18 00:00:00,0.013915318793646048
2010-11-19 00:00:00,0.015022215747395817
2010-11-22 00:00:00,-0.018845207725545876
2010-11-23 00:00:00,-0.04284358363438312
2010-11-24 00:00:00,0.024517195893515975
2010-11-25 00:00:00,-0.013398767571875636
2010-11-26 00:00:00,0.002336048764255416
2010-11-29 00:00:00,0.015720545180935908
2010-11-30 00:00:00,-0.010317608751720275
2010-12-01 00:00:00,0.009735702226170595
2010-12-02 00:00:00,0.0395134100276755
2010-12-03 00:00:00,0.002039770287688869
2010-12-06 00:00:00,0.004149981145677328
2010-12-07 00:00:00,0.004127203807008373
2010-12-08 00:00:00,-0.02297263410722239
2010-12-09 00:00:00,0.017810646046305
2010-12-10 00:00:00,0.006225483513312868
2010-12-13 00:00:00,0.026487679068471826
2010-12-14 00:00:00,0.0013630354753790819
2010-12-15 00:00:00,-0.03041429382736993
2010-12-16 00:00:00,0.003240757543145234
2010-12-17 00:00:00,0.014273343473031996
2010-12-20 00:00:00,-0.0034487230622037846
2010-12-21 00:00:00,0.014214594568534356
2010-12-22 00:00:00,-0.010288065367132004
2010-12-23 00:00:00,0.0074649509761952615
2010-12-24 00:00:00,-0.0021351442709557356
2010-12-27 00:00:00,-0.00854645783655883
2010-12-28 00:00:00,0.020483225067376543
2010-12-29 00:00:00,0.016365603155451547
2010-12-30 00:00:00,0.014581156321445743
2010-12-31 00:00:00,-0.006209032632318312
2011-01-04 00:00:00,0.003962461294690689
2011-01-05 00:00:00,-0.013072556428730286
2011-01-06 00:00:00,0.019080875180084833
2011-01-07 00:00:00,-0.03567693559557639
2011-01-10 00:00:00,-0.0003602669969255956
2011-01-11 00:00:00,0.005179355538798225
2011-01-12 00:00:00,0.0037411543797862823
2011-01-13 00:00:00,0.0071108744196293205
2011-01-14 00:00:00,-0.0035997057693525347
2011-01-17 00:00:00,-0.0023200606026557713
2011-01-18 00:00:00,-0.0035282001132744822
2011-01-19 00:00:00,0.014114279885172332
2011-01-20 00:00:00,-0.0221361233231131
2011-01-21 00:00:00,-0.011889107779714303
2011-01-24 00:00:00,0.001686668479151443
2011-01-25 00:00:00,-0.0369396593692527
2011-01-26 00:00:00,0.0016804092489461908
2011-01-27 00:00:00,0.005923794169823138
2011-01-28 00:00:00,0.0064087577643408
2011-01-31 00:00:00,0.018666592845787644
2011-02-01 00:00:00,0.040991999038915594
2011-02-09 00:00:00,-0.010187561032224846
2011-02-10 00:00:00,0.008373304465324694
2011-02-11 00:00:00,-0.012834420791450918
2011-02-14 00:00:00,0.01902469944472185
2011-02-15 00:00:00,-0.0022713210872746803
2011-02-16 00:00:00,0.018665437264652418
2011-02-17 00:00:00,-0.00943910706445461
2011-02-18 00:00:00,0.00952134961680473
2011-02-21 00:00:00,0.02420133552597714
2011-02-22 00:00:00,-0.032766923716889496
2011-02-23 00:00:00,-0.02056422839607619
2011-02-24 00:00:00,-0.00977163115010371
2011-02-25 00:00:00,0.006211125051051036
2011-02-28 00:00:00,0.010679573874698534
2011-03-01 00:00:00,-0.006248454277460458
2011-03-02 00:00:00,-0.0039378033250155875
2011-03-03 00:00:00,-0.00593031331778171
2011-03-04 00:00:00,0.007856398363138561
2011-03-07 00:00:00,-0.02101127878154896
2011-03-08 00:00:00,-0.041030144208777486
2011-03-09 00:00:00,0.013482170884592692
2011-03-10 00:00:00,-0.031369945915919795
2011-03-11 00:00:00,0.0010884000441775399
2011-03-14 00:00:00,0.01693406985798518
2011-03-15 00:00:00,-7.859162830259336e-05
2011-03-16 00:00:00,0.009379816707576483
2011-03-17 00:00:00,-0.028828448043824895
2011-03-18 00:00:00,0.027880840689915587
2011-03-21 00:00:00,-0.01573037753586759
2011-03-22 00:00:00,0.0097737197361083
2011-03-23 00:00:00,0.02314032224795204
2011-03-24 00:00:00,-0.0011657618206041276
2011-03-25 00:00:00,0.00133259465168023
2011-03-28 00:00:00,-0.014917623611463537
2011-03-29 00:00:00,-0.0015049222883309898
2011-03-30 00:00:00,0.005228936896034098
2011-03-31 00:00:00,-0.007547769346308519
2011-04-01 00:00:00,-0.0033791444832051987
2011-04-06 00:00:00,0.022699796305912123
2011-04-07 00:00:00,-0.00132335114745874
2011-04-08 00:00:00,0.013763002378379241
2011-04-11 00:00:00,0.00048615027297982394
2011-04-12 00:00:00,-0.011049579232286666
2011-04-13 00:00:00,-0.0007970006562896259
2011-04-14 00:00:00,-0.011409272603577159
2011-04-15 00:00:00,-0.004140476685284833
2011-04-18 00:00:00,0.0006972269060345759
2011-04-19 00:00:00,-0.038491731462110046
2011-04-20 00:00:00,0.015879760363953555
2011-04-21 00:00:00,-0.0024748524148217044
2011-04-22 00:00:00,-0.011378873586539107
2011-04-25 00:00:00,-0.017725348458022094
2011-04-26 00:00:00,-0.0014739647024891722
2011-04-27 00:00:00,-0.005314897989156853
2011-04-28 00:00:00,0.013877335596959695
2011-04-29 00:00:00,-0.009334021676028703
2011-05-03 00:00:00,-0.003428468100190263
2011-05-04 00:00:00,-0.0016378705715927033
2011-05-05 00:00:00,-0.028324281086044456
2011-05-06 00:00:00,-0.02260962562592994
2011-05-09 00:00:00,0.024124426585076186
2011-05-10 00:00:00,0.006954792927813314
2011-05-11 00:00:00,-0.004612882840335231
2011-05-12 00:00:00,-0.027591076240092716
2011-05-13 00:00:00,0.03577847053739913
2011-05-16 00:00:00,-0.009557644854742309
2011-05-17 00:00:00,0.0038313119848274457
2011-05-18 00:00:00,0.0024538769808768457
2011-05-19 00:00:00,0.004664137729473605
2011-05-20 00:00:00,-0.005120740740241048
2011-05-23 00:00:00,-0.017992603707890686
2011-05-24 00:00:00,0.009193410202561703
2011-05-25 00:00:00,0.018248831770505847
2011-05-26 00:00:00,0.019613501148340484
2011-05-27 00:00:00,0.00725755819508489
2011-05-30 00:00:00,-0.009815584161584123
2011-05-31 00:00:00,0.004459037176032243
2011-06-01 00:00:00,-0.005494416756735232
2011-06-02 00:00:00,-0.0009362516046950153
2011-06-03 00:00:00,0.014602394263820484
2011-06-07 00:00:00,0.0002991918848482822
2011-06-08 00:00:00,-0.006267892349435922
2011-06-09 00:00:00,0.00025393352531621893
2011-06-10 00:00:00,0.010320468066847166
2011-06-13 00:00:00,-0.00817160218727997
2011-06-14 00:00:00,0.0017333520974072147
2011-06-15 00:00:00,0.004080616036675089
2011-06-16 00:00:00,-0.015779990600027993
2011-06-17 00:00:00,-0.0033923785760254788
2011-06-20 00:00:00,-0.01160417586731377
2011-06-21 00:00:00,0.014503846079253924
2011-06-22 00:00:00,-0.001316778028201182
2011-06-23 00:00:00,0.004940660405858166
2011-06-24 00:00:00,0.00818451336097148
2011-06-27 00:00:00,-0.013759847640497314
2011-06-28 00:00:00,0.009709623624651442
2011-06-29 00:00:00,0.006563184841748448
2011-06-30 00:00:00,0.017214487278699675
2011-07-01 00:00:00,0.002006507073270214
2011-07-04 00:00:00,0.016746731438271878
2011-07-05 00:00:00,-0.0006313266681743368
2011-07-06 00:00:00,0.005644370092621864
2011-07-07 00:00:00,-0.0013556761165394171
2011-07-08 00:00:00,0.0015075081612172525
2011-07-11 00:00:00,-0.01098622360770063
2011-07-12 00:00:00,-0.003831784153252249
2011-07-13 00:00:00,0.02443288707151603
2011-07-14 00:00:00,-0.000679391023928333
2011-07-15 00:00:00,-0.008400064426105636
2011-07-18 00:00:00,0.007432673514334853
2011-07-19 00:00:00,0.02084767405909438
2011-07-20 00:00:00,-0.003092417939047687
2011-07-21 00:00:00,-0.007076978583313465
2011-07-22 00:00:00,0.012230384763063373
2011-07-25 00:00:00,-0.012877954063753694
2011-07-26 00:00:00,0.02000633796127027
2011-07-27 00:00:00,0.00997638030510406
2011-07-28 00:00:00,-0.008756418782180364
2011-07-29 00:00:00,-0.008891506973496943
2011-08-01 00:00:00,0.009546095211845795
2011-08-02 00:00:00,-0.02379085009486337
2011-08-03 00:00:00,-0.003053428581124784
2011-08-04 00:00:00,-0.007735058060084787
2011-08-05 00:00:00,-0.05892440832594792
2011-08-08 00:00:00,-0.023508089619714956
2011-08-09 00:00:00,-0.02000537389110768
2011-08-10 00:00:00,0.018513989259372865
2011-08-11 00:00:00,0.004123192473953097
2011-08-12 00:00:00,0.005152915006882086
2011-08-15 00:00:00,0.012916477918815561
2011-08-16 00:00:00,-0.0320521340572657
2011-08-17 00:00:00,0.02249950872834683
2011-08-18 00:00:00,0.003851332698999732
2011-08-19 00:00:00,-0.008756815875346602
2011-08-22 00:00:00,-0.006269831381379709
2011-08-23 00:00:00,0.009012561308003653
2011-08-24 00:00:00,-0.00013027487507810687
2011-08-25 00:00:00,0.00961085432471731
2011-08-26 00:00:00,0.0005569719755971203
2011-08-29 00:00:00,0.002305616328309501
2011-08-30 00:00:00,0.011288742877047175
2011-08-31 00:00:00,0.0028132581473816476
2011-09-01 00:00:00,-0.008899764287746748
2011-09-02 00:00:00,-0.007843215996061192
2011-09-05 00:00:00,-0.006973334088953065
2011-09-06 00:00:00,-0.005058022613328772
2011-09-07 00:00:00,0.017395804802996295
2011-09-08 00:00:00,-0.0039824251218013584
2011-09-09 00:00:00,0.0032950982930786132
2011-09-13 00:00:00,-0.010345070834056336
2011-09-14 00:00:00,-0.01390577919344027
2011-09-15 00:00:00,0.0026579244943434333
2011-09-16 00:00:00,0.006518497219486052
2011-09-19 00:00:00,-0.037801667520479976
2011-09-20 00:00:00,0.005515129122081408
2011-09-21 00:00:00,0.005122303854566912
2011-09-22 00:00:00,-0.03575388276363367
2011-09-23 00:00:00,-0.050684864972032395
2011-09-26 00:00:00,-0.04666121839101334
2011-09-27 00:00:00,0.04514132825713091
2011-09-28 00:00:00,0.0017178232269154936
2011-09-29 00:00:00,-0.02058244705656087
2011-09-30 00:00:00,0.048510986958505864
2011-10-10 00:00:00,-0.018327038051519695
2011-10-11 00:00:00,0.001336205466420104
2011-10-12 00:00:00,0.004896447156465422
2011-10-13 00:00:00,-0.0032479348328861013
2011-10-14 00:00:00,0.00904395512004208
2011-10-17 00:00:00,-0.002745765794762156
2011-10-18 00:00:00,-0.048464118316674853
2011-10-19 00:00:00,0.005045346572656539
2011-10-20 00:00:00,-0.05081107745805458
2011-10-21 00:00:00,0.03198492298090749
2011-10-24 00:00:00,0.051788736431841675
2011-10-25 00:00:00,-0.00018569261934353598
2011-10-26 00:00:00,-0.0060216992932583535
2011-10-27 00:00:00,0.013318213191616746
2011-10-28 00:00:00,0.018179127457914612
2011-10-31 00:00:00,-0.006007278372225033
2011-11-01 00:00:00,-0.0016718338645769215
2011-11-02 00:00:00,0.0015387994977837938
2011-11-03 00:00:00,-0.017858737175231232
2011-11-04 00:00:00,0.03293680588173409
2011-11-07 00:00:00,-0.012753865646599305
2011-11-08 00:00:00,-0.0011746155481540121
2011-11-09 00:00:00,0.008163551890406406
2011-11-10 00:00:00,-0.06007246363359331
2011-11-11 00:00:00,0.01683650484370025
2011-11-14 00:00:00,0.04479936344819735
2011-11-15 00:00:00,-0.008347862273664908
2011-11-16 00:00:00,-0.012087215023220521
2011-11-17 00:00:00,0.008492330364532119
2011-11-18 00:00:00,-0.01361159192287631
2011-11-21 00:00:00,0.007704801672607786
2011-11-22 00:00:00,0.0006964746148854228
2011-11-23 00:00:00,-0.006107131541763566
2011-11-24 00:00:00,-0.0031401902088008526
2011-11-25 00:00:00,-0.011999111953548747
2011-11-28 00:00:00,0.021932093823655574
2011-11-29 00:00:00,0.005227421794022913
2011-11-30 00:00:00,-0.008588243372777749
2011-12-01 00:00:00,0.04498727974800909
2011-12-02 00:00:00,-0.00048522380850879454
2011-12-05 00:00:00,-0.0049434931464684695
2011-12-06 00:00:00,-0.0026909410645910015
2011-12-07 00:00:00,0.009312761402389125
2011-12-08 00:00:00,-0.00278415567726642
2011-12-09 00:00:00,-0.007953558803806993
2011-12-12 00:00:00,-0.004443362723856814
2011-12-13 00:00:00,-0.014190379526065167
2011-12-14 00:00:00,-0.02504140623757678
2011-12-15 00:00:00,-0.01787829340229652
2011-12-16 00:00:00,0.016802396209398385
2011-12-19 00:00:00,-0.011262479777556345
2011-12-20 00:00:00,-0.0004653740634122938
2011-12-21 00:00:00,0.007855647158677481
2011-12-22 00:00:00,-0.0022922430239130653
2011-12-23 00:00:00,0.00883526095917464
2011-12-26 00:00:00,-0.02333631322981755
2011-12-27 00:00:00,0.004711232760520989
2011-12-28 00:00:00,0.0028201746037384012
2011-12-29 00:00:00,-0.012211135608761858
2011-12-30 00:00:00,0.015219918752822581
2012-01-04 00:00:00,-0.0015912827856457978
2012-01-05 00:00:00,0.006222435891096945
2012-01-06 00:00:00,-0.008966215442012704
2012-01-09 00:00:00,0.0006110473547140671
2012-01-10 00:00:00,0.012550848929736569
2012-01-11 00:00:00,0.011732348171391127
2012-01-12 00:00:00,0.008737294650870142
2012-01-13 00:00:00,0.006348067772798949
2012-01-16 00:00:00,-0.0032465615214312127
2012-01-17 00:00:00,0.014544484828812765
2012-01-18 00:00:00,-0.0010925813516587946
2012-01-19 00:00:00,0.010195279686375347
2012-01-20 00:00:00,0.012000306875258548
2012-01-30 00:00:00,0.006325725351021383
2012-01-31 00:00:00,0.007524687289892418
2012-02-01 00:00:00,-0.017121335677752425
2012-02-02 00:00:00,0.010722714579282977
2012-02-03 00:00:00,0.0012755725707986887
2012-02-06 00:00:00,0.01520305714845982
2012-02-07 00:00:00,-0.011300761598921572
2012-02-08 00:00:00,0.017100509046009682
2012-02-09 00:00:00,-0.008159968541263996
2012-02-10 00:00:00,-0.0007240152588691151
2012-02-13 00:00:00,-0.0073490534991579315
2012-02-14 00:00:00,-0.010291955464990843
2012-02-15 00:00:00,0.0012328848002913784
2012-02-16 00:00:00,-0.020603555806600116
2012-02-17 00:00:00,-0.0008285343391893907
2012-02-20 00:00:00,0.002403045638189827
2012-02-21 00:00:00,0.011089305216495315
2012-02-22 00:00:00,0.0032248607855711597
2012-02-23 00:00:00,0.0022632570410670017
2012-02-24 00:00:00,-0.00334948236640642
2012-02-27 00:00:00,0.00921566932545681
2012-02-28 00:00:00,0.011457827735853465
2012-02-29 00:00:00,0.0013664939351447636
2012-03-01 00:00:00,-0.015050710431391834
2012-03-02 00:00:00,0.01209712969809762
2012-03-05 00:00:00,-0.0031282784997225255
2012-03-06 00:00:00,-0.016166829224845136
2012-03-07 00:00:00,-0.014508300862430046
2012-03-08 00:00:00,0.007829239287542311
2012-03-09 00:00:00,0.00962600334322028
2012-03-12 00:00:00,0.0011092971882746827
2012-03-13 00:00:00,0.009143052020152753
2012-03-14 00:00:00,-0.008057327849470775
2012-03-15 00:00:00,-0.001952249696306918
2012-03-16 00:00:00,0.00713876163631233
2012-03-19 00:00:00,-0.0060877690909800775
2012-03-20 00:00:00,0.0010705697368036393
2012-03-21 00:00:00,-0.003887794129023292
2012-03-22 00:00:00,-0.013214291522707033
2012-03-23 00:00:00,0.0032541341751750608
2012-03-26 00:00:00,-0.009787135632852606
2012-03-27 00:00:00,0.009943827822100682
2012-03-28 00:00:00,-0.011398752860659722
2012-03-29 00:00:00,-0.007101565581316915
2012-03-30 00:00:00,0.007368385697278157
2012-04-05 00:00:00,-0.00348444934430181
2012-04-06 00:00:00,0.012613917155990029
2012-04-09 00:00:00,-0.00186988654253617
2012-04-10 00:00:00,-0.0017510127535022013
2012-04-11 00:00:00,-0.013091326739350428
2012-04-12 00:00:00,0.010289413960705929
2012-04-13 00:00:00,0.0010329483399704742
2012-04-16 00:00:00,-0.012876707083834371
2012-04-17 00:00:00,0.001844949475119373
2012-04-18 00:00:00,0.010745927265610522
2012-04-19 00:00:00,-0.0035419149609563494
2012-04-20 00:00:00,0.003269039494156134
2012-04-23 00:00:00,-0.002545486869461988
2012-04-24 00:00:00,0.0001887372992577241
2012-04-25 00:00:00,0.0012422521660051533
2012-04-26 00:00:00,0.00711425190010706
2012-04-27 00:00:00,0.0004127249250240883
2012-05-02 00:00:00,0.005290481332101971
2012-05-03 00:00:00,-0.008607585978139487
2012-05-04 00:00:00,-0.00031022699018135036
2012-05-07 00:00:00,-0.009321089373246938
2012-05-08 00:00:00,0.001421475209185008
2012-05-09 00:00:00,-0.008084158837613376
2012-05-10 00:00:00,-0.0007772701821230354
2012-05-11 00:00:00,-0.013646377387148578
2012-05-14 00:00:00,-0.007943172545323285
2012-05-15 00:00:00,0.0027999180521565137
2012-05-16 00:00:00,-0.010082665469606122
2012-05-17 00:00:00,0.008051828145257511
2012-05-18 00:00:00,-0.00767791194670342
2012-05-21 00:00:00,0.008731095002770806
2012-05-22 00:00:00,-0.0033296762859374995
2012-05-23 00:00:00,-0.013198090048591737
2012-05-24 00:00:00,-0.0011736846578521698
2012-05-25 00:00:00,0.0032490097843809185
2012-05-28 00:00:00,0.013344815512845942
2012-05-29 00:00:00,0.0016434363240622751
2012-05-30 00:00:00,-0.007531243126868814
2012-05-31 00:00:00,-0.006495853469329238
2012-06-01 00:00:00,-0.001439501011934019
2012-06-04 00:00:00,-0.015484896071791043
2012-06-05 00:00:00,0.010261456946692782
2012-06-06 00:00:00,0.008163678281130071
2012-06-07 00:00:00,-0.005688084822452755
2012-06-08 00:00:00,-0.001081491615503971
2012-06-11 00:00:00,0.011812800368247833
2012-06-12 00:00:00,-0.00798447444150252
2012-06-13 00:00:00,0.0032798973602259363
2012-06-14 00:00:00,-0.0021902241597070438
2012-06-15 00:00:00,0.008982908228059694
2012-06-18 00:00:00,0.004505899336437746
2012-06-19 00:00:00,-0.007684852735120429
2012-06-20 00:00:00,0.0041716047917332855
2012-06-21 00:00:00,-0.019496791472361275
2012-06-25 00:00:00,-0.005123341110767399
2012-06-26 00:00:00,-0.016483430622369788
2012-06-27 00:00:00,-0.005629875106795135
2012-06-28 00:00:00,0.007717783094982611
2012-06-29 00:00:00,0.01607651071090488
2012-07-02 00:00:00,0.006657247997583937
2012-07-03 00:00:00,0.01125692425618574
2012-07-04 00:00:00,-0.0010537779432128191
2012-07-05 00:00:00,0.0014410759926153371
2012-07-06 00:00:00,-0.007262091964679196
2012-07-09 00:00:00,-0.0030402999890212223
2012-07-10 00:00:00,-0.002897009652406801
2012-07-11 00:00:00,0.0005016607791366035
2012-07-12 00:00:00,-0.0007286359935156916
2012-07-13 00:00:00,0.009307149004431858
2012-07-16 00:00:00,0.0013578881343869753
2012-07-17 00:00:00,0.00023027234869310576
2012-07-18 00:00:00,-0.001346428565712321
2012-07-19 00:00:00,0.003680949102451203
2012-07-20 00:00:00,-0.00892261744880618
2012-07-23 00:00:00,-0.016931445884533547
2012-07-24 00:00:00,0.005640294967298898
2012-07-25 00:00:00,-0.01147321776297372
2012-07-26 00:00:00,0.006434385510879492
2012-07-27 00:00:00,0.011507730487226864
2012-07-30 00:00:00,0.00010101588718258725
2012-07-31 00:00:00,0.005397801693244109
2012-08-01 00:00:00,-0.0073922049370229725
2012-08-02 00:00:00,-0.0023245115445865716
2012-08-03 00:00:00,-0.00037234892765236616
2012-08-06 00:00:00,0.005138158487068223
2012-08-07 00:00:00,-0.0004335551777968627
2012-08-08 00:00:00,0.0032801835995410755
2012-08-09 00:00:00,0.007251782490671044
2012-08-10 00:00:00,-0.009546154313476718
2012-08-13 00:00:00,-0.0033690305394821207
2012-08-14 00:00:00,0.003136876968536484
2012-08-15 00:00:00,-0.0023826585166996095
2012-08-16 00:00:00,-0.01550443367313692
2012-08-17 00:00:00,0.00882820628189629
2012-08-20 00:00:00,-0.006461528102969405
2012-08-21 00:00:00,0.007169833430844097
2012-08-22 00:00:00,0.0006637087341034853
2012-08-23 00:00:00,0.009642806940305837
2012-08-24 00:00:00,-0.001284378544181508
2012-08-27 00:00:00,0.009143410833877041
2012-08-28 00:00:00,-0.0035779050714501714
2012-08-29 00:00:00,0.0020514881118685047
2012-08-30 00:00:00,0.0016764031838429894
2012-08-31 00:00:00,-0.006453293454361297
2012-09-03 00:00:00,0.009599905055839297
2012-09-04 00:00:00,0.0005694543282526165
2012-09-05 00:00:00,-0.003151417595841144
2012-09-06 00:00:00,0.01151105074160097
2012-09-07 00:00:00,0.006156017083148946
2012-09-10 00:00:00,0.02235515233735974
2012-09-11 00:00:00,-0.0005004511017482338
2012-09-12 00:00:00,0.007386565178751248
2012-09-13 00:00:00,-0.012388614567823808
2012-09-14 00:00:00,0.034623933862411915
2012-09-17 00:00:00,-0.007887663290074065
2012-09-18 00:00:00,-0.004783628662429651
2012-09-19 00:00:00,0.013214243315274654
2012-09-20 00:00:00,-0.01774550110180695
2012-09-21 00:00:00,0.008138371482915518
2012-09-24 00:00:00,-0.011617766819246977
2012-09-25 00:00:00,0.00212424514160503
2012-09-26 00:00:00,0.0033081305363618085
2012-09-27 00:00:00,0.0016321856857763883
2012-09-28 00:00:00,0.0077901242233746615
2012-10-08 00:00:00,-0.01549372511360414
2012-10-09 00:00:00,0.0035713491198916536
2012-10-10 00:00:00,-0.010686807412089716
2012-10-11 00:00:00,-0.004960901021842656
2012-10-12 00:00:00,-0.003413427044849038
2012-10-15 00:00:00,-0.006153668277663837
2012-10-16 00:00:00,0.001977655765941888
2012-10-17 00:00:00,-0.004658338370256421
2012-10-18 00:00:00,0.005935510898484431
2012-10-19 00:00:00,-0.009337692221718208
2012-10-22 00:00:00,-0.006304817628411397
2012-10-23 00:00:00,-0.011766228831725623
2012-10-24 00:00:00,0.0063048480757632586
2012-10-25 00:00:00,-0.001253842857913967
2012-10-26 00:00:00,-0.014484828159500696
2012-10-29 00:00:00,0.003140915875054162
2012-10-30 00:00:00,-0.0007546013532206963
2012-10-31 00:00:00,0.009298093126677953
2012-11-01 00:00:00,0.0024841179482490983
2012-11-02 00:00:00,-0.0007874845438069489
2012-11-05 00:00:00,-0.007056610305536948
2012-11-06 00:00:00,0.006822683737113477
2012-11-07 00:00:00,0.007385719177122274
2012-11-08 00:00:00,-0.0035097094275091667
2012-11-09 00:00:00,0.003026604181089798
2012-11-12 00:00:00,-0.007057612881504638
2012-11-13 00:00:00,0.007835961746388342
2012-11-14 00:00:00,0.006157465117063721
2012-11-15 00:00:00,0.0017674174855764058
2012-11-16 00:00:00,-0.003937235913696879
2012-11-19 00:00:00,0.000761182713329589
2012-11-20 00:00:00,-0.0028844124099342006
2012-11-21 00:00:00,-0.0029875505816558956
2012-11-22 00:00:00,0.0027144930850713234
2012-11-23 00:00:00,0.003346860514307881
2012-11-26 00:00:00,0.006262413668495004
2012-11-27 00:00:00,0.0009445782248269641
2012-11-28 00:00:00,-0.0038532553065505626
2012-11-29 00:00:00,0.004778587471350182
2012-11-30 00:00:00,0.020324510173500343
2012-12-03 00:00:00,-0.00103410235884982
2012-12-04 00:00:00,-0.009713364526667378
2012-12-05 00:00:00,0.004596014120995973
2012-12-06 00:00:00,-0.004387762474063361
2012-12-07 00:00:00,0.004749211563400468
2012-12-10 00:00:00,0.009230345585503619
2012-12-11 00:00:00,-0.0022354467004415124
2012-12-12 00:00:00,0.0007419934807118
2012-12-13 00:00:00,-0.005894363819842208
2012-12-14 00:00:00,0.006355552845727974
2012-12-17 00:00:00,0.0047294483875348625
2012-12-18 00:00:00,-0.0036596613801894717
2012-12-19 00:00:00,-0.00514211316438451
2012-12-20 00:00:00,-0.005186272534639658
2012-12-21 00:00:00,0.0007562482081959754
2012-12-24 00:00:00,0.006842038368987335
2012-12-25 00:00:00,0.002338437452808373
2012-12-26 00:00:00,-0.0022690669923420836
2012-12-27 00:00:00,0.006949633003000777
2012-12-28 00:00:00,-0.0017461077371173639
2012-12-31 00:00:00,-0.000967320721795728
2013-01-04 00:00:00,0.001384003414515611
2013-01-07 00:00:00,-0.009857729642294477
2013-01-08 00:00:00,-0.00333350813564115
2013-01-09 00:00:00,0.0005449476941052911
2013-01-10 00:00:00,0.006651418394310271
2013-01-11 00:00:00,-0.003615419103009443
2013-01-14 00:00:00,0.00023674392201278316
2013-01-15 00:00:00,-0.016942305178492267
2013-01-16 00:00:00,0.006351406038907159
2013-01-17 00:00:00,-7.030866006685343e-05
2013-01-18 00:00:00,0.00993244247706837
2013-01-21 00:00:00,-0.0030536901608330114
2013-01-22 00:00:00,0.007777489464011245
2013-01-23 00:00:00,0.00406624132522726
2013-01-24 00:00:00,-0.004434934920466538
2013-01-25 00:00:00,0.011603631542528747
2013-01-28 00:00:00,-0.003643278841665487
2013-01-29 00:00:00,0.003908461925012485
2013-01-30 00:00:00,0.013197875195499087
2013-01-31 00:00:00,0.014368231741786142
2013-02-01 00:00:00,-0.005335230634703425
2013-02-04 00:00:00,0.007899243967223413
2013-02-05 00:00:00,-0.011032189462660047
2013-02-06 00:00:00,-0.0017222223445012563
2013-02-07 00:00:00,-0.0068178702823578075
2013-02-08 00:00:00,0.0022491315165855674
2013-02-18 00:00:00,-0.0078006402158583565
2013-02-19 00:00:00,0.0031132528921415936
2013-02-20 00:00:00,0.011922111115986844
2013-02-21 00:00:00,-0.01997614306900486
2013-02-22 00:00:00,0.003239737265034126
2013-02-25 00:00:00,
2013-02-26 00:00:00,-0.0003756804895485022
2013-02-27 00:00:00,0.008321166426333404
2013-02-28 00:00:00,-0.0003659306019456743
2013-03-01 00:00:00,-0.011968922565054885
2013-03-04 00:00:00,-0.010063488912840035
2013-03-05 00:00:00,0.006327190861456611
2013-03-06 00:00:00,-0.006438385701052041
2013-03-07 00:00:00,-0.007031848239699379
2013-03-08 00:00:00,0.004102232905658587
2013-03-11 00:00:00,-0.006141519898346326
2013-03-12 00:00:00,-0.0037792295400013165
2013-03-13 00:00:00,0.008432034056427007
2013-03-14 00:00:00,-0.0003177820741626647
2013-03-15 00:00:00,0.004329117226047563
2013-03-18 00:00:00,-0.029798030514599283
2013-03-19 00:00:00,-0.0007146600609936327
2013-03-20 00:00:00,0.005531325250828667
2013-03-21 00:00:00,0.004907828619591603
2013-03-22 00:00:00,-0.002784681746452966
2013-03-25 00:00:00,0.005344785936711727
2013-03-26 00:00:00,-0.003631133095737815
2013-03-27 00:00:00,-0.009601057720401984
2013-03-28 00:00:00,-0.0019281794706969002
2013-03-29 00:00:00,-0.0028591873763144093
2013-04-01 00:00:00,-0.009434923156272701
2013-04-02 00:00:00,0.00605377307757804
2013-04-03 00:00:00,-0.012055474493300355
2013-04-08 00:00:00,0.011778839179147127
2013-04-09 00:00:00,0.010390564243480949
2013-04-10 00:00:00,-0.0008988347774817607
2013-04-11 00:00:00,-0.005154460084609291
2013-04-12 00:00:00,1.6263838416685772e-05
2013-04-15 00:00:00,-0.02213070388003391
2013-04-16 00:00:00,0.009343703219824473
2013-04-17 00:00:00,-0.0010887886795654111
2013-04-18 00:00:00,-0.018984568255206558
2013-04-19 00:00:00,0.020304771134194155
2013-04-22 00:00:00,-0.006478790637817977
2013-04-23 00:00:00,0.0027737432155559016
2013-04-24 00:00:00,0.007053445548064863
2013-04-25 00:00:00,0.005173282869785689
2013-04-26 00:00:00,0.0037703262953978633
2013-05-02 00:00:00,-0.02449050985273904
2013-05-03 00:00:00,0.004263648116669794
2013-05-06 00:00:00,0.013849050614443081
2013-05-07 00:00:00,-0.007263886959677501
2013-05-08 00:00:00,0.0080068301974634
2013-05-09 00:00:00,-0.0061237483569271944
2013-05-10 00:00:00,0.002928851410903155
2013-05-13 00:00:00,-0.0032679653865236302
2013-05-14 00:00:00,-0.0070907415253935735
2013-05-15 00:00:00,-0.006686953424674735
2013-05-16 00:00:00,-0.00010427423715342332
2013-05-17 00:00:00,0.005593932685261427
2013-05-20 00:00:00,-0.0046841033847594415
2013-05-21 00:00:00,0.005496554922002295
2013-05-22 00:00:00,0.005964080358004331
2013-05-23 00:00:00,-0.00824260536788135
2013-05-24 00:00:00,0.008249345747744385
2013-05-27 00:00:00,-0.0012449197897419495
2013-05-28 00:00:00,3.3110615361708895e-05
2013-05-29 00:00:00,-0.0016814158725754202
2013-05-30 00:00:00,0.011101775468175923
2013-05-31 00:00:00,0.005439446225262268
2013-06-03 00:00:00,0.008073031534073127
2013-06-04 00:00:00,-0.005548519973330168
2013-06-05 00:00:00,0.008059500471467418
2013-06-06 00:00:00,-0.004310357262020004
2013-06-07 00:00:00,-1.0207847817689242e-05
2013-06-13 00:00:00,-0.01819864252834813
2013-06-14 00:00:00,-0.0029418833608271244
2013-06-17 00:00:00,0.00418623209507385
2013-06-18 00:00:00,-0.004647236288039425
2013-06-19 00:00:00,0.0014214370862331016
2013-06-20 00:00:00,-0.011203451689714261
2013-06-21 00:00:00,0.004067173509311184
2013-06-24 00:00:00,-0.010217817560537745
2013-06-25 00:00:00,0.006234240894922527
2013-06-26 00:00:00,-0.0041957619630837995
2013-06-27 00:00:00,0.007023034125001493
2013-06-28 00:00:00,-4.973150776599322e-05
2013-07-01 00:00:00,0.0078991030614175
2013-07-02 00:00:00,0.007518574831981706
2013-07-03 00:00:00,5.601059602189373e-05
2013-07-04 00:00:00,-0.00643210939518124
2013-07-05 00:00:00,-0.00483934123531593
2013-07-08 00:00:00,-0.0035524057815332633
2013-07-09 00:00:00,0.007680406232018155
2013-07-10 00:00:00,0.0015834524765632185
2013-07-11 00:00:00,0.015723800413116384
2013-07-12 00:00:00,-0.00889920769279684
2013-07-15 00:00:00,0.0023575119690841806
2013-07-16 00:00:00,0.0024012988663193457
2013-07-17 00:00:00,-0.006203917204051779
2013-07-18 00:00:00,-0.007607315335675602
2013-07-19 00:00:00,-0.001823331502414871
2013-07-22 00:00:00,0.00929152729445848
2013-07-23 00:00:00,-0.00034237261502367833
2013-07-24 00:00:00,0.0013339672973577965
2013-07-25 00:00:00,0.003657554527121576
2013-07-26 00:00:00,-0.006026382273043418
2013-07-29 00:00:00,-0.00607178192201463
2013-07-30 00:00:00,-0.003765005159482304
2013-07-31 00:00:00,0.0008830793353429289
2013-08-01 00:00:00,0.0031138378063564343
2013-08-02 00:00:00,8.758786174589694e-05
2013-08-05 00:00:00,0.005957180624059921
2013-08-06 00:00:00,-0.0012272640481137964
2013-08-07 00:00:00,-0.0028266676560928516
2013-08-08 00:00:00,0.0068413099001662925
2013-08-09 00:00:00,0.005940111526243408
2013-08-12 00:00:00,0.013595432304943422
2013-08-13 00:00:00,-0.0019959894703368564
2013-08-14 00:00:00,-0.0036557326946525803
2013-08-15 00:00:00,0.004605884507347113
2013-08-16 00:00:00,0.016967567246398918
2013-08-19 00:00:00,0.001613920214018183
2013-08-20 00:00:00,-0.012730376436728696
2013-08-21 00:00:00,0.004751797745760289
2013-08-22 00:00:00,0.003967141011620212
2013-08-23 00:00:00,-0.004015827811747252
2013-08-26 00:00:00,0.006893610046959653
2013-08-27 00:00:00,-0.004940607679605136
2013-08-28 00:00:00,-0.005321865957561012
2013-08-29 00:00:00,-0.0048615107008523895
2013-08-30 00:00:00,-0.007884826474052642
2013-09-02 00:00:00,0.005966407097244941
2013-09-03 00:00:00,-0.004045202914640944
2013-09-04 00:00:00,-0.00482714637113224
2013-09-05 00:00:00,-0.00698480097391474
2013-09-06 00:00:00,0.0041306790941495475
2013-09-09 00:00:00,0.0075727420573583615
2013-09-10 00:00:00,-0.0075133643896760915
2013-09-11 00:00:00,0.00019360439715843114
2013-09-12 00:00:00,-0.005526917767055939
2013-09-13 00:00:00,0.007727141933764559
2013-09-16 00:00:00,-0.008794751562334335
2013-09-17 00:00:00,0.0005992125290292805
2013-09-18 00:00:00,0.0007156938756274211
2013-09-23 00:00:00,0.0021714306676594575
2013-09-24 00:00:00,0.0006967578849328415
2013-09-25 00:00:00,0.0019449953970096523
2013-09-26 00:00:00,0.0024098844782360906
2013-09-27 00:00:00,-0.0005074217671505732
2013-09-30 00:00:00,0.005611978174118404
2013-10-08 00:00:00,-0.006831825061709651
2013-10-09 00:00:00,0.0009358755243402683
2013-10-10 00:00:00,0.004356351020517124
2013-10-11 00:00:00,0.00702051648159685
2013-10-14 00:00:00,0.00231789776194935
2013-10-15 00:00:00,-0.0018427506531235593
2013-10-16 00:00:00,-0.0009107588287552426
2013-10-17 00:00:00,-0.002482855369862591
2013-10-18 00:00:00,0.004174527498017611
2013-10-21 00:00:00,0.010131970786253719
2013-10-22 00:00:00,-0.0012516163098094113
2013-10-23 00:00:00,-0.003182218678530524
2013-10-24 00:00:00,-0.0019974364079951012
2013-10-25 00:00:00,-0.0037654494051674314
2013-10-28 00:00:00,0.0073603829792072695
2013-10-29 00:00:00,0.005087808860698484
2013-10-30 00:00:00,0.0023431550319801264
2013-10-31 00:00:00,-0.012280574665763044
2013-11-01 00:00:00,0.005555219700279279
2013-11-04 00:00:00,-0.004176749183000594
2013-11-05 00:00:00,-0.0019316949742096412
2013-11-06 00:00:00,-3.2770701764439636e-06
2013-11-07 00:00:00,-0.0004802358515803018
2013-11-08 00:00:00,-0.0017536800119494211
2013-11-11 00:00:00,-0.0017493156877331772
2013-11-12 00:00:00,-0.0052197856210476345
2013-11-13 00:00:00,-0.0054978729252926906
2013-11-14 00:00:00,0.004818791140324352
2013-11-15 00:00:00,-0.0015356255170421163
2013-11-18 00:00:00,0.003204592519919336
2013-11-19 00:00:00,-0.004574484937221568
2013-11-20 00:00:00,0.0057202619336507166
2013-11-21 00:00:00,-0.0036469419561578897
2013-11-22 00:00:00,0.0007437287042846297
2013-11-25 00:00:00,0.0003585528323897247
2013-11-26 00:00:00,0.0005260583152941756
2013-11-27 00:00:00,-0.002693666431796582
2013-11-28 00:00:00,-0.0025502741800044193
2013-11-29 00:00:00,-0.001234309783079257
2013-12-02 00:00:00,0.0023493119303683585
2013-12-03 00:00:00,-0.0022744909747798303
2013-12-04 00:00:00,0.00038260795572364614
2013-12-05 00:00:00,0.0032785212882595616
2013-12-06 00:00:00,0.002478596120887744
2013-12-09 00:00:00,0.0011949318100894502
2013-12-10 00:00:00,0.007403833408253568
2013-12-11 00:00:00,0.002415160748407308
2013-12-12 00:00:00,0.005029036187308877
2013-12-13 00:00:00,-0.005217527955707846
2013-12-16 00:00:00,0.0043664951627711
2013-12-17 00:00:00,0.0017229906869864475
2013-12-18 00:00:00,-0.001664210239105235
2013-12-19 00:00:00,1.1719512021279854e-05
2013-12-20 00:00:00,0.003245941615721115
2013-12-23 00:00:00,0.002723611817711191
2013-12-24 00:00:00,0.006457874339437009
2013-12-25 00:00:00,0.009453919202103034
2013-12-26 00:00:00,-0.011996588337065628
2013-12-27 00:00:00,0.0029108815987746173
2013-12-30 00:00:00,-5.679905380695516e-05
2013-12-31 00:00:00,-0.0038724895495731992
2014-01-02 00:00:00,0.006892868038859579
2014-01-03 00:00:00,-0.011549707547892973
2014-01-06 00:00:00,-0.007883991936549761
2014-01-07 00:00:00,0.003360506440188926
2014-01-08 00:00:00,0.001281638174423172
2014-01-09 00:00:00,-0.004618655257773385
2014-01-10 00:00:00,0.002668265102022893
2014-01-13 00:00:00,0.0032100181904950453
2014-01-14 00:00:00,0.007571911149751642
2014-01-15 00:00:00,-0.0031231514413343486
2014-01-16 00:00:00,0.00610678054792535
2014-01-17 00:00:00,-0.0003818657429442984
2014-01-20 00:00:00,-0.0005004645306673217
2014-01-21 00:00:00,-0.00192311762005426
2014-01-22 00:00:00,0.005691719578170051
2014-01-23 00:00:00,-0.0031721334983033644
2014-01-24 00:00:00,-0.004487724416543215
2014-01-27 00:00:00,-0.007450021720803113
2014-01-28 00:00:00,-0.00015040639186025828
2014-01-29 00:00:00,-0.000726204243744144
2014-01-30 00:00:00,-0.002916491048012726
2014-02-07 00:00:00,0.0022304387232385814
2014-02-10 00:00:00,0.007121826827973132
2014-02-11 00:00:00,-0.0071855419331915416
2014-02-12 00:00:00,0.002656521944647716
2014-02-13 00:00:00,-0.00014205439678471876
2014-02-14 00:00:00,0.0008267971458033596
2014-02-17 00:00:00,0.00775267866563456
2014-02-18 00:00:00,-0.0028333215978593174
2014-02-19 00:00:00,0.007746833775192474
2014-02-20 00:00:00,-0.006818156128827968
2014-02-21 00:00:00,0.001193092415703978
2014-02-24 00:00:00,-0.010109139850892235
2014-02-25 00:00:00,0.001031781584159397
2014-02-26 00:00:00,0.004710161350999886
2014-02-27 00:00:00,-0.0013272226929686992
2014-02-28 00:00:00,0.000693886266195376
2014-03-03 00:00:00,-0.003688280522508247
2014-03-04 00:00:00,0.004324967821038861
2014-03-05 00:00:00,0.010981639562981371
2014-03-06 00:00:00,-0.006292713150209628
2014-03-07 00:00:00,-0.0018799533868220086
2014-03-10 00:00:00,-0.02536599778821691
2014-03-11 00:00:00,0.009769736085925906
2014-03-12 00:00:00,-0.00222890402783249
2014-03-13 00:00:00,-0.006198348771241813
2014-03-14 00:00:00,-0.001876082367223475
2014-03-17 00:00:00,-0.007171026995393626
2014-03-18 00:00:00,0.0037226850466731687
2014-03-19 00:00:00,0.0006834977234291273
2014-03-20 00:00:00,0.001622096561637587
2014-03-21 00:00:00,-0.00016550966026507297
2014-03-24 00:00:00,-0.000749509744822241
2014-03-25 00:00:00,0.0027153295401776134
2014-03-26 00:00:00,0.004530027710772044
2014-03-27 00:00:00,-0.004203022821928637
2014-03-28 00:00:00,0.0035283554597766997
2014-03-31 00:00:00,-0.00372115764382841
2014-04-01 00:00:00,0.0013756759651279982
2014-04-02 00:00:00,0.0013385860697043839
2014-04-03 00:00:00,0.00031340336488883125
2014-04-04 00:00:00,0.0014621447313267755
2014-04-08 00:00:00,0.0032995224234639853
2014-04-09 00:00:00,0.002021117688774554
2014-04-10 00:00:00,0.00041629897027428697
2014-04-11 00:00:00,0.004512668354063942
2014-04-14 00:00:00,-0.0012626537920653602
2014-04-15 00:00:00,-0.00011104201000433633
2014-04-16 00:00:00,0.0011135118926337562
2014-04-17 00:00:00,0.003767283373743213
2014-04-18 00:00:00,-0.0009527293432021189
2014-04-21 00:00:00,-0.0003589564293660086
2014-04-22 00:00:00,0.0006234572598462496
2014-04-23 00:00:00,0.007804850984720835
2014-04-24 00:00:00,0.000292508044201778
2014-04-25 00:00:00,0.0018402118067553097
2014-04-28 00:00:00,-0.005439827333194591
2014-04-29 00:00:00,-0.004313879906084783
2014-04-30 00:00:00,0.0007566003652959008
2014-05-05 00:00:00,0.0039169570773001094
2014-05-06 00:00:00,0.00043013889341736444
2014-05-07 00:00:00,0.0018304448832939801
2014-05-08 00:00:00,-0.005323408255140882
2014-05-09 00:00:00,0.0021876056770888663
2014-05-12 00:00:00,0.006226255677745707
2014-05-13 00:00:00,0.0022802819328444635
2014-05-14 00:00:00,4.964798352746769e-05
2014-05-15 00:00:00,0.000772730169913638
2014-05-16 00:00:00,-0.0049982960026749845
2014-05-19 00:00:00,0.005124665565433784
2014-05-20 00:00:00,0.0005533524923941879
2014-05-21 00:00:00,-0.0036269761357856645
2014-05-22 00:00:00,-0.0006640976790838193
2014-05-23 00:00:00,0.0020811067218351464
2014-05-26 00:00:00,0.0010758907510415305
2014-05-27 00:00:00,-0.0015981377023837062
2014-05-28 00:00:00,0.0015616996578309283
2014-05-29 00:00:00,-0.007850619776865186
2014-05-30 00:00:00,0.00119683288377459
2014-06-03 00:00:00,0.0027109799282916125
2014-06-04 00:00:00,-0.0009275779069626289
2014-06-05 00:00:00,0.001673945619155237
2014-06-06 00:00:00,0.00021392344803139451
2014-06-09 00:00:00,0.008776603994714804
2014-06-10 00:00:00,0.003946440129905637
2014-06-11 00:00:00,0.01581833083287698
2014-06-12 00:00:00,-0.008413563996754414
2014-06-13 00:00:00,-0.008633363002067407
2014-06-16 00:00:00,-0.00019056330116296039
2014-06-17 00:00:00,0.005550038738382668
2014-06-18 00:00:00,0.004228465681756166
2014-06-19 00:00:00,0.0015137654885761798
2014-06-20 00:00:00,0.012813025240333564
2014-06-23 00:00:00,0.00015959058519610103
2014-06-24 00:00:00,-0.005948508666647756
2014-06-25 00:00:00,0.0027348008435774673
2014-06-26 00:00:00,0.005460087615030362
2014-06-27 00:00:00,-0.001437320237137718
2014-06-30 00:00:00,0.01146780631261124
2014-07-01 00:00:00,0.005900667216116373
2014-07-02 00:00:00,-0.016372977562129742
2014-07-03 00:00:00,0.02810191056644773
2014-07-04 00:00:00,0.0013480388263951149
2014-07-07 00:00:00,-0.01156274199872398
2014-07-08 00:00:00,0.022147922518615637
2014-07-09 00:00:00,-0.0002327372695279939
2014-07-10 00:00:00,-0.00410169226692636
2014-07-11 00:00:00,-0.004247012423818308
2014-07-14 00:00:00,0.010416194175391524
2014-07-15 00:00:00,0.012875297135010788
2014-07-16 00:00:00,0.00012525346250424896
2014-07-17 00:00:00,9.906671571635606e-05
2014-07-18 00:00:00,-0.0023535100611241644
2014-07-21 00:00:00,0.007904979278562818
2014-07-22 00:00:00,0.014904701271164944
2014-07-23 00:00:00,0.00946306363017646
2014-07-24 00:00:00,-0.003978127651408148
2014-07-25 00:00:00,0.015846757059149397
2014-07-28 00:00:00,0.0008960296821503011
2014-07-29 00:00:00,-0.00011662810628076947
2014-07-30 00:00:00,-0.03213258542350994
2014-07-31 00:00:00,0.003289398191805848
2014-08-01 00:00:00,-0.0026278334098740475
2014-08-04 00:00:00,0.0012342171674564195
2014-08-05 00:00:00,0.012674218524241887
2014-08-06 00:00:00,-0.009895847600802421
2014-08-07 00:00:00,0.004966680026278203
2014-08-08 00:00:00,-0.018605897388557002
2014-08-11 00:00:00,-0.00023568697260312188
2014-08-12 00:00:00,0.007646578570219331
2014-08-13 00:00:00,-0.010716235703675081
2014-08-14 00:00:00,-0.00854776062355711
2014-08-15 00:00:00,0.0010195613182208962
2014-08-18 00:00:00,-0.00026530351638509586
2014-08-19 00:00:00,0.006469234842515936
2014-08-20 00:00:00,0.011503371098639192
2014-08-21 00:00:00,0.005338656082607862
2014-08-22 00:00:00,0.0025960581727573206
2014-08-25 00:00:00,-0.00806069065752335
2014-08-26 00:00:00,0.011160467900092064
2014-08-27 00:00:00,-0.006579346655952167
2014-08-28 00:00:00,-0.0008486761930288633
2014-08-29 00:00:00,-0.0059381518043217785
2014-09-01 00:00:00,-0.0007140936077973947
2014-09-02 00:00:00,0.017713619546237513
2014-09-03 00:00:00,-0.004340584495020172
2014-09-04 00:00:00,0.012875720617635533
2014-09-05 00:00:00,0.00353515143098293
2014-09-09 00:00:00,-0.027900408838640645
2014-09-10 00:00:00,-0.018557117732317607
2014-09-11 00:00:00,-0.008528621021480998
2014-09-12 00:00:00,0.009272363175062193
2014-09-15 00:00:00,-0.005603223568424354
2014-09-16 00:00:00,-0.003839571961166799
2014-09-17 00:00:00,0.010450714088053648
2014-09-18 00:00:00,-0.010755716170350094
2014-09-19 00:00:00,0.0028835134123612605
2014-09-22 00:00:00,-0.02262803599532437
2014-09-23 00:00:00,0.010184379285162137
2014-09-24 00:00:00,0.01400471484975041
2014-09-25 00:00:00,0.002629789308356445
2014-09-26 00:00:00,0.0033460266493017254
2014-09-29 00:00:00,-8.76842546949641e-05
2014-09-30 00:00:00,0.02260967086330945
2014-10-08 00:00:00,-0.0004101245312533308
2014-10-09 00:00:00,0.007195741938569311
2014-10-10 00:00:00,-0.01574828192754696
2014-10-13 00:00:00,0.009340786742692897
2014-10-14 00:00:00,0.0004809158520140411
2014-10-15 00:00:00,-0.005966195216365211
2014-10-16 00:00:00,-0.02553506433598285
2014-10-17 00:00:00,-0.007189177524594581
2014-10-20 00:00:00,0.00574373579555032
2014-10-21 00:00:00,-0.008113253652969221
2014-10-22 00:00:00,0.01300625347205453
2014-10-23 00:00:00,0.016555393957729203
2014-10-24 00:00:00,0.0014759145447111877
2014-10-27 00:00:00,-0.00579482839970169
2014-10-28 00:00:00,-0.0017098645724180628
2014-10-29 00:00:00,0.003952303403996105
2014-10-30 00:00:00,0.0023593750355390686
2014-10-31 00:00:00,0.016484809798640532
2014-11-03 00:00:00,-0.0060743404942367185
2014-11-04 00:00:00,0.009283391128749985
2014-11-05 00:00:00,-0.032292384162608934
2014-11-06 00:00:00,0.00048342028774395196
2014-11-07 00:00:00,0.009977046726251215
2014-11-10 00:00:00,0.012312202398420569
2014-11-11 00:00:00,-0.0035322997300611947
2014-11-12 00:00:00,0.0007349322946519354
2014-11-13 00:00:00,0.0017551665988950749
2014-11-14 00:00:00,-0.00920205394754292
2014-11-17 00:00:00,0.006793494378908971
2014-11-18 00:00:00,0.004379191593103071
2014-11-19 00:00:00,-0.007306552323358195
2014-11-20 00:00:00,0.0010615256584023403
2014-11-21 00:00:00,0.010479286370166596
2014-11-24 00:00:00,0.0011225201820834751
2014-11-25 00:00:00,0.006912981292362064
2014-11-26 00:00:00,-0.011115981487677118
2014-11-27 00:00:00,0.003185688950807286
2014-11-28 00:00:00,-0.006816156402041029
2014-12-01 00:00:00,-0.021567841631822904
2014-12-02 00:00:00,0.009751171409214887
2014-12-03 00:00:00,-0.0012861324221890014
2014-12-04 00:00:00,0.01021202420150047
2014-12-05 00:00:00,0.0009181611810535895
2014-12-08 00:00:00,-0.004492974813084416
2014-12-09 00:00:00,-0.0034282977007312754
2014-12-10 00:00:00,0.0016021561996339972
2014-12-11 00:00:00,-0.01135691248567039
2014-12-12 00:00:00,0.003585297282342248
2014-12-15 00:00:00,0.006039482663015683
2014-12-16 00:00:00,-0.010362692486323932
2014-12-17 00:00:00,-0.00862532383913528
2014-12-18 00:00:00,-0.021113209453028525
2014-12-19 00:00:00,0.017064474969633592
2014-12-22 00:00:00,0.0098063925264531
2014-12-23 00:00:00,0.001677713202199671
2014-12-24 00:00:00,0.002440841550044315
2014-12-25 00:00:00,-0.0010654482192890002
2014-12-26 00:00:00,-0.0010120530242027082
2014-12-29 00:00:00,0.00403907119735214
2014-12-30 00:00:00,-0.001890309362659992
2014-12-31 00:00:00,0.021979833103712876
2015-01-05 00:00:00,-0.0025564712227302833
2015-01-06 00:00:00,0.0012103812691730553
2015-01-07 00:00:00,-0.0061210480978516335
2015-01-08 00:00:00,-0.010308958776434562
2015-01-09 00:00:00,-0.000736612619043342
2015-01-12 00:00:00,-0.0025882772680883015
2015-01-13 00:00:00,-0.009791183900703437
2015-01-14 00:00:00,-0.038308493018057055
2015-01-15 00:00:00,0.01498099853856072
2015-01-16 00:00:00,-0.0039232819795631535
2015-01-19 00:00:00,0.016127363310447063
2015-01-20 00:00:00,-0.002279038421343471
2015-01-21 00:00:00,0.006825172714586936
2015-01-22 00:00:00,0.013226721026595278
2015-01-23 00:00:00,-0.0075865489342028525
2015-01-26 00:00:00,-0.00845538348399455
2015-01-27 00:00:00,0.012645162424641754
2015-01-28 00:00:00,0.003540559776800123
2015-01-29 00:00:00,-0.014901115232265782
2015-01-30 00:00:00,-0.003910229955792599
2015-02-02 00:00:00,0.01040103596124764
2015-02-03 00:00:00,0.004651106997526799
2015-02-04 00:00:00,0.002661876270866559
2015-02-05 00:00:00,-0.003241807783941897
2015-02-06 00:00:00,0.007555629368201755
2015-02-09 00:00:00,-0.0022051237224609554
2015-02-10 00:00:00,6.422302439812455e-05
2015-02-11 00:00:00,-0.010048430195088609
2015-02-12 00:00:00,0.0023635403715875913
2015-02-13 00:00:00,0.006938774177615681
2015-02-16 00:00:00,0.004029921327280972
2015-02-17 00:00:00,-0.0056705630602844614
2015-02-25 00:00:00,-0.015281210533370504
2015-02-26 00:00:00,-0.0018012544654096851
2015-02-27 00:00:00,0.0008960712627765766
2015-03-02 00:00:00,0.006062754500339107
2015-03-03 00:00:00,-0.011689389812040374
2015-03-04 00:00:00,-0.0052527914416334864
2015-03-05 00:00:00,-0.0041367441215910405
2015-03-06 00:00:00,-0.0055836886003450825
2015-03-09 00:00:00,0.001075618439110082
2015-03-10 00:00:00,0.0004549739746311232
2015-03-11 00:00:00,-0.0036033297952614562
2015-03-12 00:00:00,0.0016825898953838347
2015-03-13 00:00:00,0.0007401392504573501
2015-03-16 00:00:00,0.005475869501635255
2015-03-17 00:00:00,-0.008271930699965901
2015-03-18 00:00:00,-0.004729322633533095
2015-03-19 00:00:00,0.0007561125879735897
2015-03-20 00:00:00,0.0016500672572961061
2015-03-23 00:00:00,0.012350251781003907
2015-03-24 00:00:00,0.004261952794863966
2015-03-25 00:00:00,0.0003085550680981264
2015-03-26 00:00:00,0.0031108877149321756
2015-03-27 00:00:00,-0.001508922675060198
2015-03-30 00:00:00,0.0017363339387930221
2015-03-31 00:00:00,0.0011340052043065096
2015-04-01 00:00:00,-0.001215132793165874
2015-04-02 00:00:00,0.002143054318104909
2015-04-03 00:00:00,0.009878141036188559
2015-04-07 00:00:00,0.003647524879377695
2015-04-08 00:00:00,-0.001807833307612694
2015-04-09 00:00:00,-0.0013857933515138976
2015-04-10 00:00:00,0.012414064959422877
2015-04-13 00:00:00,0.005683608734466272
2015-04-14 00:00:00,-0.007441919843356404
2015-04-15 00:00:00,0.005967150421121836
2015-04-16 00:00:00,0.008652391498113365
2015-04-17 00:00:00,0.003948998464623932
2015-04-20 00:00:00,-0.009181043677017997
2015-04-21 00:00:00,-0.0031764556854114723
2015-04-22 00:00:00,0.00846557799030756
2015-04-23 00:00:00,0.0003280904335662971
2015-04-24 00:00:00,1.6770615536954026e-05
2015-04-27 00:00:00,0.0130651095353993
2015-04-28 00:00:00,0.012136544097519852
2015-04-29 00:00:00,-0.008400432419436554
2015-04-30 00:00:00,0.008571801749960528
2015-05-04 00:00:00,0.012041060887188593
2015-05-05 00:00:00,-0.008267946688870542
2015-05-06 00:00:00,0.01758993958432442
2015-05-07 00:00:00,-0.010377524189987497
2015-05-08 00:00:00,-0.00440548792904627
2015-05-11 00:00:00,-0.00039478558111349926
2015-05-12 00:00:00,-0.012950070636972177
2015-05-13 00:00:00,0.016102818925580298
2015-05-14 00:00:00,-0.007645394524158133
2015-05-15 00:00:00,-0.004104770214469089
2015-05-18 00:00:00,-0.0029806093884159335
2015-05-19 00:00:00,-0.001114479778095978
2015-05-20 00:00:00,-0.013548577955103669
2015-05-21 00:00:00,-0.0007286516696080048
2015-05-22 00:00:00,0.0004264031605563101
2015-05-25 00:00:00,-0.006539641021164555
2015-05-26 00:00:00,-0.0008899663091826993
2015-05-27 00:00:00,0.006110146915253578
2015-05-28 00:00:00,0.012167205783802704
2015-05-29 00:00:00,0.0011943747175284791
2015-06-01 00:00:00,-0.013776172539825104
2015-06-02 00:00:00,-0.004681302156070322
2015-06-03 00:00:00,-0.01158600406588195
2015-06-04 00:00:00,0.004048254640431903
2015-06-05 00:00:00,-0.01225176452247001
2015-06-08 00:00:00,0.004190445125948905
2015-06-09 00:00:00,0.0035946480367186062
2015-06-10 00:00:00,0.0057395410264253766
2015-06-11 00:00:00,-0.008350678797760525
2015-06-12 00:00:00,-0.009437664589978856
2015-06-15 00:00:00,-0.00232332792736345
2015-06-16 00:00:00,-0.00019123083679195574
2015-06-17 00:00:00,-0.012291769247789408
2015-06-18 00:00:00,-0.00044576062556955787
2015-06-19 00:00:00,-0.01258616494614695
2015-06-23 00:00:00,-0.006136665607613612
2015-06-24 00:00:00,0.012950146017208786
2015-06-25 00:00:00,-0.010702862144688297
2015-06-26 00:00:00,-0.0007560177719438954
2015-06-29 00:00:00,-0.013716716443168298
2015-06-30 00:00:00,-0.011358878271944484
2015-07-01 00:00:00,4.0752508995378633e-05
2015-07-02 00:00:00,0.022468565738906765
2015-07-03 00:00:00,-0.0036694982565752543
2015-07-06 00:00:00,-0.023537646514616095
2015-07-07 00:00:00,0.00448723253696337
2015-07-08 00:00:00,-0.043341997373294805
2015-07-09 00:00:00,0.04385672571562793
2015-07-10 00:00:00,0.006684089672088334
2015-07-13 00:00:00,-0.0031643756177670568
2015-07-14 00:00:00,0.014117608665718206
2015-07-15 00:00:00,0.015036413476618549
2015-07-16 00:00:00,0.0035255568063794485
2015-07-17 00:00:00,-0.005503610272103665
2015-07-20 00:00:00,-0.0076632968855661066
2015-07-21 00:00:00,0.0020254378375530457
2015-07-22 00:00:00,-0.024632213502980393
2015-07-23 00:00:00,0.002709140153384082
2015-07-24 00:00:00,-0.01762980573453643
2015-07-27 00:00:00,-0.01575666960479316
2015-07-28 00:00:00,0.004719539675265727
2015-07-29 00:00:00,0.021031538354054025
2015-07-30 00:00:00,-0.016935354977739903
2015-07-31 00:00:00,0.002154313922712925
2015-08-03 00:00:00,-0.021124781767479228
2015-08-04 00:00:00,0.011461626912170342
2015-08-05 00:00:00,0.0002965373677064065
2015-08-06 00:00:00,-0.00778900918612957
2015-08-07 00:00:00,-0.01496421148358873
2015-08-10 00:00:00,0.008043972854337111
2015-08-11 00:00:00,0.009972365644207892
2015-08-12 00:00:00,0.00789795985423214
2015-08-13 00:00:00,0.012075491173915154
2015-08-14 00:00:00,-0.006885972961089171
2015-08-17 00:00:00,0.0014368412472336445
2015-08-18 00:00:00,-0.014571179701839854
2015-08-19 00:00:00,-0.00040699571321289874
2015-08-20 00:00:00,0.003648756064292824
2015-08-21 00:00:00,-0.0026152074601532016
2015-08-24 00:00:00,-0.025021964750013614
2015-08-25 00:00:00,0.002385035531141888
2015-08-26 00:00:00,0.005304895415063626
2015-08-27 00:00:00,-0.00040361585169557124
2015-08-28 00:00:00,0.015759241589689
2015-08-31 00:00:00,0.0026597438337689905
2015-09-01 00:00:00,0.0009664929650770038
2015-09-02 00:00:00,0.007937209148910274
2015-09-07 00:00:00,-0.002434935713073405
2015-09-08 00:00:00,-0.009463621005316614
2015-09-09 00:00:00,0.01926409911747884
2015-09-10 00:00:00,-0.00043230080983858166
2015-09-11 00:00:00,0.0016995370874861582
2015-09-14 00:00:00,-0.015910263819615245
2015-09-15 00:00:00,-0.02196456548258441
2015-09-16 00:00:00,0.003724161436716944
2015-09-17 00:00:00,0.0005120539290857096
2015-09-18 00:00:00,-0.010465313279059085
2015-09-21 00:00:00,-0.04362300941815944
2015-09-22 00:00:00,-0.011278592985121016
2015-09-23 00:00:00,0.005605237290253529
2015-09-24 00:00:00,0.013352200449098905
2015-09-25 00:00:00,-0.00930477753145531
2015-09-28 00:00:00,-0.012052779541094405
2015-09-29 00:00:00,-0.0021816606915551207
2015-09-30 00:00:00,0.02784734675355205
2015-10-08 00:00:00,-0.014390661279657269
2015-10-09 00:00:00,0.049740428485535615
2015-10-12 00:00:00,0.026534686955048015
2015-10-13 00:00:00,-0.00840054844819671
2015-10-14 00:00:00,-0.007350002783774401
2015-10-15 00:00:00,0.004991773775852915
2015-10-16 00:00:00,-0.00971336045590887
2015-10-19 00:00:00,-0.00914405345806335
2015-10-20 00:00:00,-0.0026882705827947495
2015-10-21 00:00:00,0.00010626966236837454
2015-10-22 00:00:00,-0.014849489391624116
2015-10-23 00:00:00,0.011897531322248245
2015-10-26 00:00:00,-0.001399310170480228
2015-10-27 00:00:00,0.003999901239100767
2015-10-28 00:00:00,-0.008685896975342722
2015-10-29 00:00:00,0.001567180049454997
2015-10-30 00:00:00,-0.025746536610750548
2015-11-02 00:00:00,0.0025170079667526934
2015-11-03 00:00:00,-0.005021173806861956
2015-11-04 00:00:00,0.0059583617346548046
2015-11-05 00:00:00,-0.017870047110858267
2015-11-06 00:00:00,0.002142147040468778
2015-11-09 00:00:00,-0.0026027684716160016
2015-11-10 00:00:00,-0.022048283701241456
2015-11-11 00:00:00,-0.032182785480633136
2015-11-12 00:00:00,0.018032982308333834
2015-11-13 00:00:00,-0.005517376247975658
2015-11-16 00:00:00,-0.005032278556726388
2015-11-17 00:00:00,-0.021662770730481395
2015-11-18 00:00:00,-0.014136572475370035
2015-11-19 00:00:00,-0.032441536764010626
2015-11-20 00:00:00,0.03785167151148561
2015-11-23 00:00:00,-0.01713278171081334
2015-11-24 00:00:00,0.03994746741662092
2015-11-25 00:00:00,-0.00019185910233254777
2015-11-26 00:00:00,0.029120871299553652
2015-11-27 00:00:00,-0.01320809554648783
2015-11-30 00:00:00,-0.011430972033823372
2015-12-01 00:00:00,-0.004859569930716678
2015-12-02 00:00:00,-0.01546351506890764
2015-12-03 00:00:00,-0.0072721475135831826
2015-12-04 00:00:00,0.0098011211004696
2015-12-07 00:00:00,0.01878622215011405
2015-12-08 00:00:00,-0.023013115436342657
2015-12-09 00:00:00,0.008637086573615615
2015-12-10 00:00:00,-0.006577793514573327
2015-12-11 00:00:00,0.026226154390588396
2015-12-14 00:00:00,0.0001558116596884762
2015-12-15 00:00:00,-0.012910509207463394
2015-12-16 00:00:00,-0.007768703543963196
2015-12-17 00:00:00,-0.006127170829414608
2015-12-18 00:00:00,0.00755818507160555
2015-12-21 00:00:00,0.0177137634270923
2015-12-22 00:00:00,-0.004261586273658469
2015-12-23 00:00:00,0.007183624759844687
2015-12-24 00:00:00,0.006248306485538979
2015-12-25 00:00:00,0.01123072623202459
2015-12-28 00:00:00,-0.01607982828572785
2015-12-29 00:00:00,0.015979546304575543
2015-12-30 00:00:00,0.01978748984916945
2015-12-31 00:00:00,0.003166538631346194
2016-01-04 00:00:00,-0.01994758697959642
2016-01-05 00:00:00,0.012660076656810793
2016-01-06 00:00:00,-0.019409599175798098
2016-01-07 00:00:00,-0.014021018959542997
2016-01-08 00:00:00,9.522887872948083e-05
2016-01-11 00:00:00,-0.00424706742576908
2016-01-12 00:00:00,-0.03561516857485625
2016-01-13 00:00:00,0.009665095671625323
2016-01-14 00:00:00,0.010071484966568622
2016-01-15 00:00:00,-0.00664800830993495
2016-01-18 00:00:00,0.012261393646430196
2016-01-19 00:00:00,0.011439489431730898
2016-01-20 00:00:00,-0.008380049732983563
2016-01-21 00:00:00,-0.007450884632360544
2016-01-22 00:00:00,0.013076034267136993
2016-01-25 00:00:00,-0.002083257455634979
2016-01-26 00:00:00,0.002742741747447708
2016-01-27 00:00:00,0.023242563987308174
2016-01-28 00:00:00,-0.008257495313319763
2016-01-29 00:00:00,0.007259760673872018
2016-02-01 00:00:00,0.005970508385676698
2016-02-02 00:00:00,0.012206421910634813
2016-02-03 00:00:00,0.010676041853328266
2016-02-04 00:00:00,0.03408489093199685
2016-02-05 00:00:00,-0.007918386347570805
2016-02-15 00:00:00,-0.001194966739887282
2016-02-16 00:00:00,-0.010366078532621392
2016-02-17 00:00:00,-0.0074299306429947976
2016-02-18 00:00:00,0.004324595357249494
2016-02-19 00:00:00,0.021963806091533478
2016-02-22 00:00:00,0.02210465966848396
2016-02-23 00:00:00,-0.005604661334682959
2016-02-24 00:00:00,-0.012874583539973394
2016-02-25 00:00:00,0.010070645405373613
2016-02-26 00:00:00,-0.009123845233921624
2016-02-29 00:00:00,0.00795459942656751
2016-03-01 00:00:00,0.0032518294233945255
2016-03-02 00:00:00,0.015729981766478218
2016-03-03 00:00:00,0.0029931449926901
2016-03-04 00:00:00,0.005000815562904659
2016-03-07 00:00:00,-0.004262594246016049
2016-03-08 00:00:00,-0.008941338162168022
2016-03-09 00:00:00,-0.014207219244501523
2016-03-10 00:00:00,-0.0006893216061104601
2016-03-11 00:00:00,0.006048573742598817
2016-03-14 00:00:00,0.0017289690228663446
2016-03-15 00:00:00,-0.00913076765086751
2016-03-16 00:00:00,-0.005314844880702552
2016-03-17 00:00:00,0.015224912385214395
2016-03-18 00:00:00,0.01661351137668632
2016-03-21 00:00:00,-0.0004833777168185005
2016-03-22 00:00:00,0.002795396219617885
2016-03-23 00:00:00,-0.003913772931935178
2016-03-24 00:00:00,-0.012835299369785003
2016-03-25 00:00:00,0.0035875406379894947
2016-03-28 00:00:00,-0.002624913901817072
2016-03-29 00:00:00,-0.0049785513762680145
2016-03-30 00:00:00,-0.00195268902073098
2016-03-31 00:00:00,-0.0003002330995599545
2016-04-01 00:00:00,0.02110036671714899
2016-04-05 00:00:00,0.0010953859433062707
2016-04-06 00:00:00,-0.014444275186409561
2016-04-07 00:00:00,-0.003578987139976064
2016-04-08 00:00:00,-0.015754003553933527
2016-04-11 00:00:00,0.007009191736868647
2016-04-12 00:00:00,0.003995525995896587
2016-04-13 00:00:00,0.04673506158595875
2016-04-14 00:00:00,0.006098174530436706
2016-04-15 00:00:00,0.0037093495623705675
2016-04-18 00:00:00,0.005598584845271315
2016-04-19 00:00:00,0.009769309336780108
2016-04-20 00:00:00,-4.13179209474146e-05
2016-04-21 00:00:00,0.012511439430870741
2016-04-22 00:00:00,-0.01764668439268391
2016-04-25 00:00:00,0.004455273818775085
2016-04-26 00:00:00,-0.020881466147543493
2016-04-27 00:00:00,0.009057041979674496
2016-04-28 00:00:00,-0.0017731540130405676
2016-04-29 00:00:00,0.0269816649470207
2016-05-03 00:00:00,0.00010810791335424952
2016-05-04 00:00:00,-0.027064448513547612
2016-05-05 00:00:00,-0.001420394002722758
2016-05-06 00:00:00,-0.0022059517847542454
2016-05-09 00:00:00,-0.008227712986436875
2016-05-10 00:00:00,-0.001370230262302763
2016-05-11 00:00:00,0.012217659381839274
2016-05-12 00:00:00,0.01908628415971103
2016-05-13 00:00:00,-0.010790766939942409
2016-05-16 00:00:00,0.00578317219755875
2016-05-17 00:00:00,0.005725830727361769
2016-05-18 00:00:00,-0.011713646527016786
2016-05-19 00:00:00,-0.003614465490427543
2016-05-20 00:00:00,0.004101906068901817
2016-05-23 00:00:00,-0.012560548569676588
2016-05-24 00:00:00,-0.023771422197835568
2016-05-25 00:00:00,0.004044521443114846
2016-05-26 00:00:00,0.027243591838938874
2016-05-27 00:00:00,0.005870923711379872
2016-05-30 00:00:00,0.0021013177826247897
2016-05-31 00:00:00,0.0033640836712052202
2016-06-01 00:00:00,-0.009469651644930077
2016-06-02 00:00:00,0.04082634958090403
2016-06-03 00:00:00,0.0009770678521354714
2016-06-06 00:00:00,0.009991897968445906
2016-06-07 00:00:00,0.00034251378132310606
2016-06-08 00:00:00,-0.008424699790330559
2016-06-13 00:00:00,0.01571125432431253
2016-06-14 00:00:00,-0.009300819193130971
2016-06-15 00:00:00,0.0005978313424044313
2016-06-16 00:00:00,-0.007601265766846055
2016-06-17 00:00:00,0.0037903463664226145
2016-06-20 00:00:00,-0.00354237522528289
2016-06-21 00:00:00,0.004142595400547844
2016-06-22 00:00:00,0.007485986497899999
2016-06-23 00:00:00,0.0019293999535918704
2016-06-24 00:00:00,-0.019298401911339802
2016-06-27 00:00:00,0.012826647335754116
2016-06-28 00:00:00,0.013668935603163845
2016-06-29 00:00:00,0.019091924000354643
2016-06-30 00:00:00,0.012990548906213428
2016-07-01 00:00:00,0.005498774166957432
2016-07-04 00:00:00,0.013266677027480744
2016-07-05 00:00:00,-0.018368495355542525
2016-07-06 00:00:00,-0.0014796692265600653
2016-07-07 00:00:00,-0.001846217903928693
2016-07-08 00:00:00,0.004512669011524917
2016-07-11 00:00:00,0.020613730852254708
2016-07-12 00:00:00,-0.0018078725239730753
2016-07-13 00:00:00,0.009167248519016402
2016-07-14 00:00:00,0.003855623937194963
2016-07-15 00:00:00,0.004543273598865749
2016-07-18 00:00:00,-0.006738600470757361
2016-07-19 00:00:00,0.02052568175155045
2016-07-20 00:00:00,-0.0043158330341587225
2016-07-21 00:00:00,0.010026743029838858
2016-07-22 00:00:00,-0.0049899358623022305
2016-07-25 00:00:00,0.008130483488431484
2016-07-26 00:00:00,-0.014661193794752059
2016-07-27 00:00:00,-0.008814771228316975
2016-07-28 00:00:00,-0.006703663120033565
2016-07-29 00:00:00,-0.0006480088909832649
2016-08-01 00:00:00,0.02959161898187901
2016-08-02 00:00:00,0.0005259707677858216
2016-08-03 00:00:00,-0.006127754560196208
2016-08-04 00:00:00,-0.0005174264381696547
2016-08-05 00:00:00,0.007186037472200368
2016-08-08 00:00:00,0.005779734044660811
2016-08-09 00:00:00,-0.011353407745357535
2016-08-10 00:00:00,0.025649010408292483
2016-08-11 00:00:00,-0.007116749421090862
2016-08-12 00:00:00,-0.008306206865999255
2016-08-15 00:00:00,-0.021607360555037314
2016-08-16 00:00:00,0.012446724205759319
2016-08-17 00:00:00,-0.004681514421308819
2016-08-18 00:00:00,0.01726252648794624
2016-08-19 00:00:00,-0.0026154250311872795
2016-08-22 00:00:00,-0.006366489521259622
2016-08-23 00:00:00,0.010272657511874783
2016-08-24 00:00:00,0.0011179999013792852
2016-08-25 00:00:00,-0.005957058575063456
2016-08-26 00:00:00,0.0243157009283288
2016-08-29 00:00:00,0.0012763590244027068
2016-08-30 00:00:00,-0.005593474292439948
2016-08-31 00:00:00,0.0066016012103440325
2016-09-01 00:00:00,0.021231108010751898
2016-09-02 00:00:00,0.00858440044402542
2016-09-05 00:00:00,-0.005604955557352076
2016-09-06 00:00:00,-0.00635879570622766
2016-09-07 00:00:00,-0.0025964262233768576
2016-09-08 00:00:00,-0.010367687587714669
2016-09-09 00:00:00,0.005699215318430095
2016-09-12 00:00:00,-0.023450273217423767
2016-09-13 00:00:00,0.0025545121345253996
2016-09-14 00:00:00,-0.011145750647591601
2016-09-19 00:00:00,-0.0032380310580923943
2016-09-20 00:00:00,0.02266192672152556
2016-09-21 00:00:00,0.0010232126467735192
2016-09-22 00:00:00,-0.0007169902200175882
2016-09-23 00:00:00,0.002099824362692848
2016-09-26 00:00:00,-0.01593826253312991
2016-09-27 00:00:00,0.020242041313769166
2016-09-28 00:00:00,0.0011802975303181196
2016-09-29 00:00:00,0.007598482945189389
2016-09-30 00:00:00,0.0050804928570424845
2016-10-10 00:00:00,0.005931151549241731
2016-10-11 00:00:00,-0.011719510094463925
2016-10-12 00:00:00,-0.02009181850421171
2016-10-13 00:00:00,-0.0024651041912008287
2016-10-14 00:00:00,0.003911170500940253
2016-10-17 00:00:00,0.008915294127310291
2016-10-18 00:00:00,0.012609224555336418
2016-10-19 00:00:00,-0.0031429122441630764
2016-10-20 00:00:00,0.006574875000586067
2016-10-21 00:00:00,-0.003965718669387774
2016-10-24 00:00:00,-0.00172749577412179
2016-10-25 00:00:00,0.045440924449004605
2016-10-26 00:00:00,-0.006181508814313785
2016-10-27 00:00:00,-0.0007671137569519315
2016-10-28 00:00:00,0.011935523282258886
2016-10-31 00:00:00,0.01202596149402324
2016-11-01 00:00:00,0.02348673982740701
2016-11-02 00:00:00,-0.019393132181620643
2016-11-03 00:00:00,0.013103526588851722
2016-11-04 00:00:00,0.0056665308380015045
2016-11-07 00:00:00,0.016304071543086218
2016-11-08 00:00:00,-0.01041528042469686
2016-11-09 00:00:00,-0.0016339601784924884
2016-11-10 00:00:00,0.051143234599257514
2016-11-11 00:00:00,0.002777357190425267
2016-11-14 00:00:00,0.016653019942694858
2016-11-15 00:00:00,-0.005405728648348429
2016-11-16 00:00:00,0.005136140370089581
2016-11-17 00:00:00,-0.03205887755427572
2016-11-18 00:00:00,0.015622818662646365
2016-11-21 00:00:00,0.022046614289749522
2016-11-22 00:00:00,0.02032203637324792
2016-11-23 00:00:00,-0.00951944575497321
2016-11-24 00:00:00,0.045591717906450446
2016-11-25 00:00:00,0.0215062790086753
2016-11-28 00:00:00,0.05940524522121082
2016-11-29 00:00:00,-0.025848622155680845
2016-11-30 00:00:00,-0.0511369463258895
2016-12-01 00:00:00,0.015656683161812568
2016-12-02 00:00:00,-0.025897061488253326
2016-12-05 00:00:00,0.015913254912335084
2016-12-06 00:00:00,0.008770826855556413
2016-12-07 00:00:00,0.018152075007296764
2016-12-08 00:00:00,-0.020027287242083802
2016-12-09 00:00:00,-0.01047690413666802
2016-12-12 00:00:00,-0.009589233632935512
2016-12-13 00:00:00,0.009763983331210868
2016-12-14 00:00:00,-0.004572531207309161
2016-12-15 00:00:00,0.020134221502150274
2016-12-16 00:00:00,-0.013124617632109481
2016-12-19 00:00:00,-0.04669202570749964
2016-12-20 00:00:00,-0.025952974345062163
2016-12-21 00:00:00,0.01536751318324625
2016-12-22 00:00:00,-0.02258827398663754
2016-12-23 00:00:00,0.02046952209640529
2016-12-26 00:00:00,-0.06832463656674947
2016-12-27 00:00:00,0.02331495903919234
2016-12-28 00:00:00,0.01640915731153636
2016-12-29 00:00:00,0.02178328439669297
2016-12-30 00:00:00,-0.0038805771038274983
2017-01-03 00:00:00,0.0014217334229043033
2017-01-04 00:00:00,0.007019599529387799
2017-01-05 00:00:00,0.007631134769545689
2017-01-06 00:00:00,-0.0063722360924343135
2017-01-09 00:00:00,0.025942685143287125
2017-01-10 00:00:00,0.03644224219861525
2017-01-11 00:00:00,-0.0031383386685143178
2017-01-12 00:00:00,-0.0024721304323312987
2017-01-13 00:00:00,-0.0015408880286738036
2017-01-16 00:00:00,0.017000392604382908
2017-01-17 00:00:00,-0.03161114772400975
2017-01-18 00:00:00,0.016132986812536165
2017-01-19 00:00:00,-0.004420192523740596
2017-01-20 00:00:00,-0.007315259810049324
2017-01-23 00:00:00,0.030101575560196547
2017-01-24 00:00:00,-0.002732767771417177
2017-01-25 00:00:00,0.003285227509491895
2017-01-26 00:00:00,0.01672763900960006
2017-02-03 00:00:00,-0.024904962595450164
2017-02-06 00:00:00,-0.00920202697399497
2017-02-07 00:00:00,0.011474389279144681
2017-02-08 00:00:00,0.012255107312671543
2017-02-09 00:00:00,0.002456806042233639
2017-02-10 00:00:00,0.020367183954365764
2017-02-13 00:00:00,0.021938738909901945
2017-02-14 00:00:00,-0.003933705288565403
2017-02-15 00:00:00,-0.010196026092689991
2017-02-16 00:00:00,-0.01310564170218309
2017-02-17 00:00:00,-0.002385961058555819
2017-02-20 00:00:00,-0.011821523321072003
2017-02-21 00:00:00,0.018598045815204634
2017-02-22 00:00:00,-0.011372551499599926
2017-02-23 00:00:00,-0.007377519757459261
2017-02-24 00:00:00,-0.003381889326683707
2017-02-27 00:00:00,-0.00529396909323232
2017-02-28 00:00:00,0.0033803963452812003
2017-03-01 00:00:00,0.01834148040443284
2017-03-02 00:00:00,-0.0003796958660539085
2017-03-03 00:00:00,-0.01705162023341411
2017-03-06 00:00:00,-0.02581197585532502
2017-03-07 00:00:00,-0.002942965434639566
2017-03-08 00:00:00,-0.010282177336335407
2017-03-09 00:00:00,-0.017672892903878412
2017-03-10 00:00:00,0.015806377377956204
2017-03-13 00:00:00,0.027152354406878798
2017-03-14 00:00:00,-0.00020078730189598826
2017-03-15 00:00:00,0.009435088782082435
2017-03-16 00:00:00,0.026288882686547055
2017-03-17 00:00:00,0.00010354335799456216
2017-03-20 00:00:00,0.017934710547280464
2017-03-21 00:00:00,-0.014181461801159423
2017-03-22 00:00:00,-0.008048706744202438
2017-03-23 00:00:00,0.006645614007506184
2017-03-24 00:00:00,-0.004538446765902759
2017-03-27 00:00:00,-0.02738464914048977
2017-03-28 00:00:00,-0.004690279033058409
2017-03-29 00:00:00,0.03628406200852208
2017-03-30 00:00:00,0.0016971584574423382
2017-03-31 00:00:00,-0.0014162604730381112
2017-04-05 00:00:00,-0.012206142892014604
2017-04-06 00:00:00,-0.0007401652626919386
2017-04-07 00:00:00,-0.03955949995050945
2017-04-10 00:00:00,-0.005444665787566416
2017-04-11 00:00:00,-0.032004996555572096
2017-04-12 00:00:00,-0.00239519557437029
2017-04-13 00:00:00,0.020907752307576466
2017-04-14 00:00:00,-0.013940544266350274
2017-04-17 00:00:00,0.020548543317554513
2017-04-18 00:00:00,-0.02103575647753264
2017-04-19 00:00:00,-0.01868057051302474
2017-04-20 00:00:00,0.03006380115301366
2017-04-21 00:00:00,0.009264346969118709
2017-04-24 00:00:00,-0.016309328332490436
2017-04-25 00:00:00,0.0011565501049131122
2017-04-26 00:00:00,0.003657021180301534
2017-04-27 00:00:00,0.004611072539121075
2017-04-28 00:00:00,0.005998144973573982
2017-05-02 00:00:00,0.014572131496426222
2017-05-03 00:00:00,-0.015385313939962897
2017-05-04 00:00:00,-0.023036735647051332
2017-05-05 00:00:00,-0.004925212961119474
2017-05-08 00:00:00,0.005167677548857164
2017-05-09 00:00:00,0.018642601052494046
2017-05-10 00:00:00,0.001729245249250777
2017-05-11 00:00:00,0.010966095362563433
2017-05-12 00:00:00,-0.0150122440677396
2017-05-15 00:00:00,-0.0013892695944985878
2017-05-16 00:00:00,-0.013527462632044629
2017-05-17 00:00:00,0.009116100701060503
2017-05-18 00:00:00,-0.008644200827245263
2017-05-19 00:00:00,0.0033610755171624707
2017-05-22 00:00:00,0.034543163112449315
2017-05-23 00:00:00,0.007001215091171575
2017-05-24 00:00:00,-0.0005428338155059054
2017-05-25 00:00:00,-0.0066618787438871285
2017-05-26 00:00:00,0.00283223633893237
2017-05-31 00:00:00,-0.018721871813383917
2017-06-01 00:00:00,-0.008520130942264337
2017-06-02 00:00:00,-0.0031437514008251233
2017-06-05 00:00:00,-0.01691616890162506
2017-06-06 00:00:00,-0.014195463849600687
2017-06-07 00:00:00,-0.006137517968963557
2017-06-08 00:00:00,0.022955950366236877
2017-06-09 00:00:00,0.003292663217133951
2017-06-12 00:00:00,0.014082470593629992
2017-06-13 00:00:00,-0.033522945903069146
2017-06-14 00:00:00,0.01233323985052337
2017-06-15 00:00:00,0.004336924646412665
2017-06-16 00:00:00,-0.00013746035855533023
2017-06-19 00:00:00,0.004224748445806004
2017-06-20 00:00:00,0.008487451000337876
2017-06-21 00:00:00,-0.0005179945566684552
2017-06-22 00:00:00,0.022705988618274775
2017-06-23 00:00:00,0.01228945921937008
2017-06-26 00:00:00,-0.0060539238781264215
2017-06-27 00:00:00,0.015200871295292018
2017-06-28 00:00:00,0.004302105194675665
2017-06-29 00:00:00,0.0018503231053708102
2017-06-30 00:00:00,0.004305457540797031
2017-07-03 00:00:00,0.005079718897452956
2017-07-04 00:00:00,0.0015269227525049889
2017-07-05 00:00:00,-0.00021957995540955455
2017-07-06 00:00:00,0.0012349118767907008
2017-07-07 00:00:00,0.005135090227495365
2017-07-10 00:00:00,-0.012355678435224227
2017-07-11 00:00:00,0.014610000657932387
2017-07-12 00:00:00,0.01371767102731214
2017-07-13 00:00:00,-0.0005500754772482797
2017-07-14 00:00:00,-0.017206466980862367
2017-07-17 00:00:00,0.017489955712677308
2017-07-18 00:00:00,-0.014645464345819148
2017-07-19 00:00:00,0.0016002554958622905
2017-07-20 00:00:00,-0.009454513765400185
2017-07-21 00:00:00,0.0010078973804226177
2017-07-24 00:00:00,0.00565645590168673
2017-07-25 00:00:00,0.012057402710415221
2017-07-26 00:00:00,0.00024090703087331633
2017-07-27 00:00:00,0.003030663971023584
2017-07-28 00:00:00,-0.011351050411195551
2017-07-31 00:00:00,0.012614251587487857
2017-08-01 00:00:00,-0.01829974578975091
2017-08-02 00:00:00,0.0035237341759841723
2017-08-03 00:00:00,0.01469460366482167
2017-08-04 00:00:00,0.007786374465545309
2017-08-07 00:00:00,-0.0019162608412044424
2017-08-08 00:00:00,0.016468172636360023
2017-08-09 00:00:00,0.036553382871149065
2017-08-10 00:00:00,-0.017891178931233376
2017-08-11 00:00:00,-0.013220584601946972
2017-08-14 00:00:00,0.004482485746411413
2017-08-15 00:00:00,0.007767300049214443
2017-08-16 00:00:00,0.01944518596870415
2017-08-17 00:00:00,0.049928796740170034
2017-08-18 00:00:00,0.009056481686087636
2017-08-21 00:00:00,0.005381955387971704
2017-08-22 00:00:00,-0.0031640323707616824
2017-08-23 00:00:00,-0.012943370395574805
2017-08-24 00:00:00,-0.0011387911703075737
2017-08-25 00:00:00,0.010493694429176692
2017-08-28 00:00:00,-0.013919184433585752
2017-08-29 00:00:00,-0.005815312008748297
2017-08-30 00:00:00,0.009474912019187265
2017-08-31 00:00:00,-0.010292830305190126
2017-09-01 00:00:00,0.014784123250943138
2017-09-04 00:00:00,0.0024016065012499865
2017-09-05 00:00:00,0.00229301907445012
2017-09-06 00:00:00,-0.03861176299862856
2017-09-07 00:00:00,-0.007369460141733897
2017-09-08 00:00:00,-0.01170412375074148
2017-09-11 00:00:00,0.012771247236104788
2017-09-12 00:00:00,0.009410593470252415
2017-09-13 00:00:00,-0.012843129550706656
2017-09-14 00:00:00,-0.007953178529093274
2017-09-15 00:00:00,-0.0017619191243303245
2017-09-18 00:00:00,0.02249724359882732
2017-09-19 00:00:00,0.009260578695197141
2017-09-20 00:00:00,0.008037975454833202
2017-09-21 00:00:00,-0.015296068941611507
2017-09-22 00:00:00,-0.021484447462778333
2017-09-25 00:00:00,0.019545061601142333
2017-09-26 00:00:00,0.016795927450899306
2017-09-27 00:00:00,0.010285902767242616
2017-09-28 00:00:00,-0.008353486134695776
2017-09-29 00:00:00,0.014448774720125623
2017-10-09 00:00:00,0.023174505442042692
2017-10-10 00:00:00,-0.02151228762761126
2017-10-11 00:00:00,0.008103559524754944
2017-10-12 00:00:00,-0.0026462312293826784
2017-10-13 00:00:00,0.006852785789470683
2017-10-16 00:00:00,-0.0011403596089363255
2017-10-17 00:00:00,-0.026283985627038042
2017-10-18 00:00:00,-0.011916669196816776
2017-10-19 00:00:00,-0.0037234747491952103
2017-10-20 00:00:00,0.01196113980994018
2017-10-23 00:00:00,-0.0032861734582472213
2017-10-24 00:00:00,0.012037934887170199
2017-10-25 00:00:00,-0.004648751325110223
2017-10-26 00:00:00,0.014321431485555758
2017-10-27 00:00:00,-0.016180141858070707
2017-10-30 00:00:00,0.008400986250746145
2017-10-31 00:00:00,0.011762744057398633
2017-11-01 00:00:00,0.0005228452692274121
2017-11-02 00:00:00,-0.005812072421248593
2017-11-03 00:00:00,0.0020339002663678496
2017-11-06 00:00:00,0.0020063177560676326
2017-11-07 00:00:00,-0.011278372262549241
2017-11-08 00:00:00,-0.012011041494964347
2017-11-09 00:00:00,0.004538431348852567
2017-11-10 00:00:00,0.004102610262759709
2017-11-13 00:00:00,0.00793762582050328
2017-11-14 00:00:00,-0.002605760664842638
2017-11-15 00:00:00,-0.029019940690657275
2017-11-16 00:00:00,0.0004886660390535091
2017-11-17 00:00:00,0.0031414340629269955
2017-11-20 00:00:00,0.0017306120237181588
2017-11-21 00:00:00,-0.00019060148393357235
2017-11-22 00:00:00,0.020147208795882277
2017-11-23 00:00:00,-0.004950632905342478
2017-11-24 00:00:00,0.0014253502554608666
2017-11-27 00:00:00,-0.02189404069563128
2017-11-28 00:00:00,-0.007769608866266209
2017-11-29 00:00:00,-0.0025912670623008394
2017-11-30 00:00:00,0.005860440782542886
2017-12-01 00:00:00,0.008888800974746314
2017-12-04 00:00:00,0.015323748259399306
2017-12-05 00:00:00,-0.015417559148357296
2017-12-06 00:00:00,-0.02359211101651748
2017-12-07 00:00:00,-0.0007372663093472287
2017-12-08 00:00:00,0.008156389519532459
2017-12-11 00:00:00,-0.0026463573928067197
2017-12-12 00:00:00,0.013072808069704456
2017-12-13 00:00:00,0.009086495264682526
2017-12-14 00:00:00,-0.004018707497067675
2017-12-15 00:00:00,0.010093993848735217
2017-12-18 00:00:00,0.009747949603484907
2017-12-19 00:00:00,-0.01321061195269968
2017-12-20 00:00:00,0.009717316009210109
2017-12-21 00:00:00,-0.0024788580258116033
2017-12-22 00:00:00,0.004074433240704556
2017-12-25 00:00:00,-0.010653229062863923
2017-12-26 00:00:00,0.008830484248708581
2017-12-27 00:00:00,-0.005690188956556486
2017-12-28 00:00:00,0.01390752489830982
2017-12-29 00:00:00,0.0006076245109321032
2018-01-02 00:00:00,0.004897682502897238
2018-01-03 00:00:00,-0.003390602334575221
2018-01-04 00:00:00,0.00836574097244358
2018-01-05 00:00:00,0.004356498646782558
2018-01-08 00:00:00,-0.001602560612577686
2018-01-09 00:00:00,0.01099270228816085
2018-01-10 00:00:00,-0.011666068996649459
2018-01-11 00:00:00,0.008129431126144615
2018-01-12 00:00:00,0.0044952962236404215
2018-01-15 00:00:00,-0.0003541121912009615
2018-01-16 00:00:00,-0.011064671481348265
2018-01-17 00:00:00,-0.0005811475812182998
2018-01-18 00:00:00,-0.0021568669185649814
2018-01-19 00:00:00,0.003931121608193422
2018-01-22 00:00:00,0.0045733091374116075
2018-01-23 00:00:00,-9.834322995749822e-05
2018-01-24 00:00:00,-0.013056080558432881
2018-01-25 00:00:00,0.01589657951632839
2018-01-26 00:00:00,-0.0038502596760472407
2018-01-29 00:00:00,0.03234018764153834
2018-01-30 00:00:00,-0.008403014593661773
2018-01-31 00:00:00,-0.0017100397334046669
2018-02-01 00:00:00,-0.004113861864215029
2018-02-02 00:00:00,0.00655935152578313
2018-02-05 00:00:00,-0.001629903530796506
2018-02-06 00:00:00,-0.009555500247607762
2018-02-07 00:00:00,-0.002506364205075884
2018-02-08 00:00:00,-0.008019382747266213
2018-02-09 00:00:00,-0.005521886926539432
2018-02-12 00:00:00,-0.006321721587082774
2018-02-13 00:00:00,0.010824747760061149
2018-02-14 00:00:00,0.015598021427420283
2018-02-22 00:00:00,-0.011476323329191018
2018-02-23 00:00:00,0.008754572210176725
2018-02-26 00:00:00,0.004409960750568986
2018-02-27 00:00:00,-0.00017050550504293938
2018-02-28 00:00:00,-0.009642784497936319
2018-03-01 00:00:00,0.0010612559105360742
2018-03-02 00:00:00,-0.006386875992441032
2018-03-05 00:00:00,-0.02324507265623965
2018-03-06 00:00:00,-0.009449947891087107
2018-03-07 00:00:00,-0.0036249070514562387
2018-03-08 00:00:00,-0.007909338109629238
2018-03-09 00:00:00,-0.019524790874769216
2018-03-12 00:00:00,0.014479806682230034
2018-03-13 00:00:00,0.0056508680889193474
2018-03-14 00:00:00,0.0024523147380857147
2018-03-15 00:00:00,-0.013170116676203936
2018-03-16 00:00:00,0.0020856696392124174
2018-03-19 00:00:00,-0.004146327972548103
2018-03-20 00:00:00,-0.0013975244834190104
2018-03-21 00:00:00,-0.014919261770297676
2018-03-22 00:00:00,0.017557226988677233
2018-03-23 00:00:00,-0.007638630138833924
2018-03-26 00:00:00,-0.0013645484757469628
2018-03-27 00:00:00,0.012727892759168968
2018-03-28 00:00:00,-0.005813331240138386
2018-03-29 00:00:00,0.006488411207467237
2018-03-30 00:00:00,-0.0009162638492936637
2018-04-02 00:00:00,0.0008844062523827301
2018-04-03 00:00:00,-0.0083770030020891
2018-04-04 00:00:00,-0.006769672063449916
2018-04-09 00:00:00,-0.006997077758968739
2018-04-10 00:00:00,0.005451832465666495
2018-04-11 00:00:00,0.0029636895920213124
2018-04-12 00:00:00,-0.03895456826809185
2018-04-13 00:00:00,-0.004488963268552748
2018-04-16 00:00:00,0.006757730771721704
2018-04-17 00:00:00,-0.0009288241847641432
2018-04-18 00:00:00,0.008760781422168185
2018-04-19 00:00:00,0.026322061325205537
2018-04-20 00:00:00,-0.006056971037520897
2018-04-23 00:00:00,0.004484272643638709
2018-04-24 00:00:00,-0.002757529808689263
2018-04-25 00:00:00,-0.011316220974026847
2018-04-26 00:00:00,-0.020235530786093525
2018-04-27 00:00:00,0.010334913151320846
2018-05-02 00:00:00,-0.0020866246277270184
2018-05-03 00:00:00,-0.0070674472974944225
2018-05-04 00:00:00,-0.018551238827157368
2018-05-07 00:00:00,0.02764184070933262
2018-05-08 00:00:00,-0.0006533141139352105
2018-05-09 00:00:00,-0.00477148560337759
2018-05-10 00:00:00,0.001589846858242483
2018-05-11 00:00:00,-0.0017505845360163974
2018-05-14 00:00:00,-0.0058745473276478055
2018-05-15 00:00:00,0.009177952044682636
2018-05-16 00:00:00,-6.806636790435139e-05
2018-05-17 00:00:00,-0.008876907660059552
2018-05-18 00:00:00,0.006543497261205511
2018-05-21 00:00:00,0.009884510483848308
2018-05-22 00:00:00,-0.015506291658881954
2018-05-23 00:00:00,0.0004905590416079963
2018-05-24 00:00:00,-0.0071443596745299764
2018-05-25 00:00:00,0.010459739385297873
2018-05-28 00:00:00,0.0075230101796066595
2018-05-29 00:00:00,0.008375582472752274
2018-05-30 00:00:00,-0.006803248690701591
2018-05-31 00:00:00,0.01868562412741115
2018-06-01 00:00:00,-0.0069872848555765366
2018-06-04 00:00:00,-0.007406555913988311
2018-06-05 00:00:00,0.006609083718669417
2018-06-06 00:00:00,0.015093591934342898
2018-06-07 00:00:00,-0.007539712819108146
2018-06-08 00:00:00,-0.0006382772482641519
